province_name,district_code,district_name,area_name,area_type,gender,age_group,total_population,work_status,count
SINDH,089,TANDO ALLAHYAR DISTRICT,TANDO ALLAHYAR DISTRICT,TOTAL,ALL SEXES,ALL AGES,211,WORKING,47
SINDH,089,TANDO ALLAHYAR DISTRICT,TANDO ALLAHYAR DISTRICT,TOTAL,ALL SEXES,BELOW 5 YEARS,34,WORKING,0
SINDH,089,TANDO ALLAHYAR DISTRICT,TANDO ALLAHYAR DISTRICT,TOTAL,ALL SEXES,05-09,29,WORKING,0
SINDH,089,TANDO ALLAHYAR DISTRICT,TANDO ALLAHYAR DISTRICT,TOTAL,ALL SEXES,10-14,18,WORKING,6
SINDH,089,TANDO ALLAHYAR DISTRICT,TANDO ALLAHYAR DISTRICT,TOTAL,ALL SEXES,15-24,27,WORKING,9
SINDH,089,TANDO ALLAHYAR DISTRICT,TANDO ALLAHYAR DISTRICT,TOTAL,ALL SEXES,25-34,37,WORKING,12
SINDH,089,TANDO ALLAHYAR DISTRICT,TANDO ALLAHYAR DISTRICT,TOTAL,ALL SEXES,35-44,21,WORKING,5
SINDH,089,TANDO ALLAHYAR DISTRICT,TANDO ALLAHYAR DISTRICT,TOTAL,ALL SEXES,45-54,13,WORKING,1
SINDH,089,TANDO ALLAHYAR DISTRICT,TANDO ALLAHYAR DISTRICT,TOTAL,ALL SEXES,55-64,13,WORKING,6
SINDH,089,TANDO ALLAHYAR DISTRICT,TANDO ALLAHYAR DISTRICT,TOTAL,ALL SEXES,65-74,13,WORKING,5
SINDH,089,TANDO ALLAHYAR DISTRICT,TANDO ALLAHYAR DISTRICT,TOTAL,ALL SEXES,75 AND ABOVE,6,WORKING,3
SINDH,089,TANDO ALLAHYAR DISTRICT,TANDO ALLAHYAR DISTRICT,TOTAL,ALL SEXES,ALL AGES,211,OTHER,42
SINDH,089,TANDO ALLAHYAR DISTRICT,TANDO ALLAHYAR DISTRICT,TOTAL,ALL SEXES,BELOW 5 YEARS,34,OTHER,0
SINDH,089,TANDO ALLAHYAR DISTRICT,TANDO ALLAHYAR DISTRICT,TOTAL,ALL SEXES,05-09,29,OTHER,0
SINDH,089,TANDO ALLAHYAR DISTRICT,TANDO ALLAHYAR DISTRICT,TOTAL,ALL SEXES,10-14,18,OTHER,5
SINDH,089,TANDO ALLAHYAR DISTRICT,TANDO ALLAHYAR DISTRICT,TOTAL,ALL SEXES,15-24,27,OTHER,9
SINDH,089,TANDO ALLAHYAR DISTRICT,TANDO ALLAHYAR DISTRICT,TOTAL,ALL SEXES,25-34,37,OTHER,8
SINDH,089,TANDO ALLAHYAR DISTRICT,TANDO ALLAHYAR DISTRICT,TOTAL,ALL SEXES,35-44,21,OTHER,7
SINDH,089,TANDO ALLAHYAR DISTRICT,TANDO ALLAHYAR DISTRICT,TOTAL,ALL SEXES,45-54,13,OTHER,6
SINDH,089,TANDO ALLAHYAR DISTRICT,TANDO ALLAHYAR DISTRICT,TOTAL,ALL SEXES,55-64,13,OTHER,2
SINDH,089,TANDO ALLAHYAR DISTRICT,TANDO ALLAHYAR DISTRICT,TOTAL,ALL SEXES,65-74,13,OTHER,4
SINDH,089,TANDO ALLAHYAR DISTRICT,TANDO ALLAHYAR DISTRICT,TOTAL,ALL SEXES,75 AND ABOVE,6,OTHER,1
SINDH,089,TANDO ALLAHYAR DISTRICT,TANDO ALLAHYAR DISTRICT,TOTAL,MALE,ALL AGES,123,WORKING,47
SINDH,089,TANDO ALLAHYAR DISTRICT,TANDO ALLAHYAR DISTRICT,TOTAL,MALE,BELOW 5 YEARS,12,WORKING,0
SINDH,089,TANDO ALLAHYAR DISTRICT,TANDO ALLAHYAR DISTRICT,TOTAL,MALE,05-09,15,WORKING,0
SINDH,089,TANDO ALLAHYAR DISTRICT,TANDO ALLAHYAR DISTRICT,TOTAL,MALE,10-14,10,WORKING,6
SINDH,089,TANDO ALLAHYAR DISTRICT,TANDO ALLAHYAR DISTRICT,TOTAL,MALE,15-24,17,WORKING,9
SINDH,089,TANDO ALLAHYAR DISTRICT,TANDO ALLAHYAR DISTRICT,TOTAL,MALE,25-34,24,WORKING,12
SINDH,089,TANDO ALLAHYAR DISTRICT,TANDO ALLAHYAR DISTRICT,TOTAL,MALE,35-44,14,WORKING,5
SINDH,089,TANDO ALLAHYAR DISTRICT,TANDO ALLAHYAR DISTRICT,TOTAL,MALE,45-54,7,WORKING,1
SINDH,089,TANDO ALLAHYAR DISTRICT,TANDO ALLAHYAR DISTRICT,TOTAL,MALE,55-64,10,WORKING,6
SINDH,089,TANDO ALLAHYAR DISTRICT,TANDO ALLAHYAR DISTRICT,TOTAL,MALE,65-74,10,WORKING,5
SINDH,089,TANDO ALLAHYAR DISTRICT,TANDO ALLAHYAR DISTRICT,TOTAL,MALE,75 AND ABOVE,4,WORKING,3
SINDH,089,TANDO ALLAHYAR DISTRICT,TANDO ALLAHYAR DISTRICT,TOTAL,MALE,ALL AGES,123,OTHER,34
SINDH,089,TANDO ALLAHYAR DISTRICT,TANDO ALLAHYAR DISTRICT,TOTAL,MALE,BELOW 5 YEARS,12,OTHER,0
SINDH,089,TANDO ALLAHYAR DISTRICT,TANDO ALLAHYAR DISTRICT,TOTAL,MALE,05-09,15,OTHER,0
SINDH,089,TANDO ALLAHYAR DISTRICT,TANDO ALLAHYAR DISTRICT,TOTAL,MALE,10-14,10,OTHER,4
SINDH,089,TANDO ALLAHYAR DISTRICT,TANDO ALLAHYAR DISTRICT,TOTAL,MALE,15-24,17,OTHER,7
SINDH,089,TANDO ALLAHYAR DISTRICT,TANDO ALLAHYAR DISTRICT,TOTAL,MALE,25-34,24,OTHER,6
SINDH,089,TANDO ALLAHYAR DISTRICT,TANDO ALLAHYAR DISTRICT,TOTAL,MALE,35-44,14,OTHER,5
SINDH,089,TANDO ALLAHYAR DISTRICT,TANDO ALLAHYAR DISTRICT,TOTAL,MALE,45-54,7,OTHER,5
SINDH,089,TANDO ALLAHYAR DISTRICT,TANDO ALLAHYAR DISTRICT,TOTAL,MALE,55-64,10,OTHER,2
SINDH,089,TANDO ALLAHYAR DISTRICT,TANDO ALLAHYAR DISTRICT,TOTAL,MALE,65-74,10,OTHER,4
SINDH,089,TANDO ALLAHYAR DISTRICT,TANDO ALLAHYAR DISTRICT,TOTAL,MALE,75 AND ABOVE,4,OTHER,1
SINDH,089,TANDO ALLAHYAR DISTRICT,TANDO ALLAHYAR DISTRICT,TOTAL,FEMALE,ALL AGES,88,WORKING,0
SINDH,089,TANDO ALLAHYAR DISTRICT,TANDO ALLAHYAR DISTRICT,TOTAL,FEMALE,BELOW 5 YEARS,22,WORKING,0
SINDH,089,TANDO ALLAHYAR DISTRICT,TANDO ALLAHYAR DISTRICT,TOTAL,FEMALE,05-09,14,WORKING,0
SINDH,089,TANDO ALLAHYAR DISTRICT,TANDO ALLAHYAR DISTRICT,TOTAL,FEMALE,10-14,8,WORKING,0
SINDH,089,TANDO ALLAHYAR DISTRICT,TANDO ALLAHYAR DISTRICT,TOTAL,FEMALE,15-24,10,WORKING,0
SINDH,089,TANDO ALLAHYAR DISTRICT,TANDO ALLAHYAR DISTRICT,TOTAL,FEMALE,25-34,13,WORKING,0
SINDH,089,TANDO ALLAHYAR DISTRICT,TANDO ALLAHYAR DISTRICT,TOTAL,FEMALE,35-44,7,WORKING,0
SINDH,089,TANDO ALLAHYAR DISTRICT,TANDO ALLAHYAR DISTRICT,TOTAL,FEMALE,45-54,6,WORKING,0
SINDH,089,TANDO ALLAHYAR DISTRICT,TANDO ALLAHYAR DISTRICT,TOTAL,FEMALE,55-64,3,WORKING,0
SINDH,089,TANDO ALLAHYAR DISTRICT,TANDO ALLAHYAR DISTRICT,TOTAL,FEMALE,65-74,3,WORKING,0
SINDH,089,TANDO ALLAHYAR DISTRICT,TANDO ALLAHYAR DISTRICT,TOTAL,FEMALE,75 AND ABOVE,2,WORKING,0
SINDH,089,TANDO ALLAHYAR DISTRICT,TANDO ALLAHYAR DISTRICT,TOTAL,FEMALE,ALL AGES,88,OTHER,8
SINDH,089,TANDO ALLAHYAR DISTRICT,TANDO ALLAHYAR DISTRICT,TOTAL,FEMALE,BELOW 5 YEARS,22,OTHER,0
SINDH,089,TANDO ALLAHYAR DISTRICT,TANDO ALLAHYAR DISTRICT,TOTAL,FEMALE,05-09,14,OTHER,0
SINDH,089,TANDO ALLAHYAR DISTRICT,TANDO ALLAHYAR DISTRICT,TOTAL,FEMALE,10-14,8,OTHER,1
SINDH,089,TANDO ALLAHYAR DISTRICT,TANDO ALLAHYAR DISTRICT,TOTAL,FEMALE,15-24,10,OTHER,2
SINDH,089,TANDO ALLAHYAR DISTRICT,TANDO ALLAHYAR DISTRICT,TOTAL,FEMALE,25-34,13,OTHER,2
SINDH,089,TANDO ALLAHYAR DISTRICT,TANDO ALLAHYAR DISTRICT,TOTAL,FEMALE,35-44,7,OTHER,2
SINDH,089,TANDO ALLAHYAR DISTRICT,TANDO ALLAHYAR DISTRICT,TOTAL,FEMALE,45-54,6,OTHER,1
SINDH,089,TANDO ALLAHYAR DISTRICT,TANDO ALLAHYAR DISTRICT,TOTAL,FEMALE,55-64,3,OTHER,0
SINDH,089,TANDO ALLAHYAR DISTRICT,TANDO ALLAHYAR DISTRICT,TOTAL,FEMALE,65-74,3,OTHER,0
SINDH,089,TANDO ALLAHYAR DISTRICT,TANDO ALLAHYAR DISTRICT,TOTAL,FEMALE,75 AND ABOVE,2,OTHER,0
SINDH,089,TANDO ALLAHYAR DISTRICT,TANDO ALLAHYAR DISTRICT,TOTAL,TRANSGENDER,ALL AGES,0,WORKING,0
SINDH,089,TANDO ALLAHYAR DISTRICT,TANDO ALLAHYAR DISTRICT,TOTAL,TRANSGENDER,BELOW 5 YEARS,0,WORKING,0
SINDH,089,TANDO ALLAHYAR DISTRICT,TANDO ALLAHYAR DISTRICT,TOTAL,TRANSGENDER,05-09,0,WORKING,0
SINDH,089,TANDO ALLAHYAR DISTRICT,TANDO ALLAHYAR DISTRICT,TOTAL,TRANSGENDER,10-14,0,WORKING,0
SINDH,089,TANDO ALLAHYAR DISTRICT,TANDO ALLAHYAR DISTRICT,TOTAL,TRANSGENDER,15-24,0,WORKING,0
SINDH,089,TANDO ALLAHYAR DISTRICT,TANDO ALLAHYAR DISTRICT,TOTAL,TRANSGENDER,25-34,0,WORKING,0
SINDH,089,TANDO ALLAHYAR DISTRICT,TANDO ALLAHYAR DISTRICT,TOTAL,TRANSGENDER,35-44,0,WORKING,0
SINDH,089,TANDO ALLAHYAR DISTRICT,TANDO ALLAHYAR DISTRICT,TOTAL,TRANSGENDER,45-54,0,WORKING,0
SINDH,089,TANDO ALLAHYAR DISTRICT,TANDO ALLAHYAR DISTRICT,TOTAL,TRANSGENDER,55-64,0,WORKING,0
SINDH,089,TANDO ALLAHYAR DISTRICT,TANDO ALLAHYAR DISTRICT,TOTAL,TRANSGENDER,65-74,0,WORKING,0
SINDH,089,TANDO ALLAHYAR DISTRICT,TANDO ALLAHYAR DISTRICT,TOTAL,TRANSGENDER,75 AND ABOVE,0,WORKING,0
SINDH,089,TANDO ALLAHYAR DISTRICT,TANDO ALLAHYAR DISTRICT,TOTAL,TRANSGENDER,ALL AGES,0,OTHER,0
SINDH,089,TANDO ALLAHYAR DISTRICT,TANDO ALLAHYAR DISTRICT,TOTAL,TRANSGENDER,BELOW 5 YEARS,0,OTHER,0
SINDH,089,TANDO ALLAHYAR DISTRICT,TANDO ALLAHYAR DISTRICT,TOTAL,TRANSGENDER,05-09,0,OTHER,0
SINDH,089,TANDO ALLAHYAR DISTRICT,TANDO ALLAHYAR DISTRICT,TOTAL,TRANSGENDER,10-14,0,OTHER,0
SINDH,089,TANDO ALLAHYAR DISTRICT,TANDO ALLAHYAR DISTRICT,TOTAL,TRANSGENDER,15-24,0,OTHER,0
SINDH,089,TANDO ALLAHYAR DISTRICT,TANDO ALLAHYAR DISTRICT,TOTAL,TRANSGENDER,25-34,0,OTHER,0
SINDH,089,TANDO ALLAHYAR DISTRICT,TANDO ALLAHYAR DISTRICT,TOTAL,TRANSGENDER,35-44,0,OTHER,0
SINDH,089,TANDO ALLAHYAR DISTRICT,TANDO ALLAHYAR DISTRICT,TOTAL,TRANSGENDER,45-54,0,OTHER,0
SINDH,089,TANDO ALLAHYAR DISTRICT,TANDO ALLAHYAR DISTRICT,TOTAL,TRANSGENDER,55-64,0,OTHER,0
SINDH,089,TANDO ALLAHYAR DISTRICT,TANDO ALLAHYAR DISTRICT,TOTAL,TRANSGENDER,65-74,0,OTHER,0
SINDH,089,TANDO ALLAHYAR DISTRICT,TANDO ALLAHYAR DISTRICT,TOTAL,TRANSGENDER,75 AND ABOVE,0,OTHER,0
SINDH,089,TANDO ALLAHYAR DISTRICT,TANDO ALLAHYAR DISTRICT,RURAL,ALL SEXES,ALL AGES,170,WORKING,32
SINDH,089,TANDO ALLAHYAR DISTRICT,TANDO ALLAHYAR DISTRICT,RURAL,ALL SEXES,BELOW 5 YEARS,33,WORKING,0
SINDH,089,TANDO ALLAHYAR DISTRICT,TANDO ALLAHYAR DISTRICT,RURAL,ALL SEXES,05-09,29,WORKING,0
SINDH,089,TANDO ALLAHYAR DISTRICT,TANDO ALLAHYAR DISTRICT,RURAL,ALL SEXES,10-14,16,WORKING,6
SINDH,089,TANDO ALLAHYAR DISTRICT,TANDO ALLAHYAR DISTRICT,RURAL,ALL SEXES,15-24,21,WORKING,6
SINDH,089,TANDO ALLAHYAR DISTRICT,TANDO ALLAHYAR DISTRICT,RURAL,ALL SEXES,25-34,32,WORKING,8
SINDH,089,TANDO ALLAHYAR DISTRICT,TANDO ALLAHYAR DISTRICT,RURAL,ALL SEXES,35-44,17,WORKING,4
SINDH,089,TANDO ALLAHYAR DISTRICT,TANDO ALLAHYAR DISTRICT,RURAL,ALL SEXES,45-54,8,WORKING,1
SINDH,089,TANDO ALLAHYAR DISTRICT,TANDO ALLAHYAR DISTRICT,RURAL,ALL SEXES,55-64,6,WORKING,2
SINDH,089,TANDO ALLAHYAR DISTRICT,TANDO ALLAHYAR DISTRICT,RURAL,ALL SEXES,65-74,6,WORKING,4
SINDH,089,TANDO ALLAHYAR DISTRICT,TANDO ALLAHYAR DISTRICT,RURAL,ALL SEXES,75 AND ABOVE,2,WORKING,1
SINDH,089,TANDO ALLAHYAR DISTRICT,TANDO ALLAHYAR DISTRICT,RURAL,ALL SEXES,ALL AGES,170,OTHER,22
SINDH,089,TANDO ALLAHYAR DISTRICT,TANDO ALLAHYAR DISTRICT,RURAL,ALL SEXES,BELOW 5 YEARS,33,OTHER,0
SINDH,089,TANDO ALLAHYAR DISTRICT,TANDO ALLAHYAR DISTRICT,RURAL,ALL SEXES,05-09,29,OTHER,0
SINDH,089,TANDO ALLAHYAR DISTRICT,TANDO ALLAHYAR DISTRICT,RURAL,ALL SEXES,10-14,16,OTHER,3
SINDH,089,TANDO ALLAHYAR DISTRICT,TANDO ALLAHYAR DISTRICT,RURAL,ALL SEXES,15-24,21,OTHER,6
SINDH,089,TANDO ALLAHYAR DISTRICT,TANDO ALLAHYAR DISTRICT,RURAL,ALL SEXES,25-34,32,OTHER,7
SINDH,089,TANDO ALLAHYAR DISTRICT,TANDO ALLAHYAR DISTRICT,RURAL,ALL SEXES,35-44,17,OTHER,5
SINDH,089,TANDO ALLAHYAR DISTRICT,TANDO ALLAHYAR DISTRICT,RURAL,ALL SEXES,45-54,8,OTHER,1
SINDH,089,TANDO ALLAHYAR DISTRICT,TANDO ALLAHYAR DISTRICT,RURAL,ALL SEXES,55-64,6,OTHER,0
SINDH,089,TANDO ALLAHYAR DISTRICT,TANDO ALLAHYAR DISTRICT,RURAL,ALL SEXES,65-74,6,OTHER,0
SINDH,089,TANDO ALLAHYAR DISTRICT,TANDO ALLAHYAR DISTRICT,RURAL,ALL SEXES,75 AND ABOVE,2,OTHER,0
SINDH,089,TANDO ALLAHYAR DISTRICT,TANDO ALLAHYAR DISTRICT,RURAL,MALE,ALL AGES,88,WORKING,32
SINDH,089,TANDO ALLAHYAR DISTRICT,TANDO ALLAHYAR DISTRICT,RURAL,MALE,BELOW 5 YEARS,12,WORKING,0
SINDH,089,TANDO ALLAHYAR DISTRICT,TANDO ALLAHYAR DISTRICT,RURAL,MALE,05-09,15,WORKING,0
SINDH,089,TANDO ALLAHYAR DISTRICT,TANDO ALLAHYAR DISTRICT,RURAL,MALE,10-14,9,WORKING,6
SINDH,089,TANDO ALLAHYAR DISTRICT,TANDO ALLAHYAR DISTRICT,RURAL,MALE,15-24,12,WORKING,6
SINDH,089,TANDO ALLAHYAR DISTRICT,TANDO ALLAHYAR DISTRICT,RURAL,MALE,25-34,19,WORKING,8
SINDH,089,TANDO ALLAHYAR DISTRICT,TANDO ALLAHYAR DISTRICT,RURAL,MALE,35-44,10,WORKING,4
SINDH,089,TANDO ALLAHYAR DISTRICT,TANDO ALLAHYAR DISTRICT,RURAL,MALE,45-54,3,WORKING,1
SINDH,089,TANDO ALLAHYAR DISTRICT,TANDO ALLAHYAR DISTRICT,RURAL,MALE,55-64,3,WORKING,2
SINDH,089,TANDO ALLAHYAR DISTRICT,TANDO ALLAHYAR DISTRICT,RURAL,MALE,65-74,4,WORKING,4
SINDH,089,TANDO ALLAHYAR DISTRICT,TANDO ALLAHYAR DISTRICT,RURAL,MALE,75 AND ABOVE,1,WORKING,1
SINDH,089,TANDO ALLAHYAR DISTRICT,TANDO ALLAHYAR DISTRICT,RURAL,MALE,ALL AGES,88,OTHER,17
SINDH,089,TANDO ALLAHYAR DISTRICT,TANDO ALLAHYAR DISTRICT,RURAL,MALE,BELOW 5 YEARS,12,OTHER,0
SINDH,089,TANDO ALLAHYAR DISTRICT,TANDO ALLAHYAR DISTRICT,RURAL,MALE,05-09,15,OTHER,0
SINDH,089,TANDO ALLAHYAR DISTRICT,TANDO ALLAHYAR DISTRICT,RURAL,MALE,10-14,9,OTHER,3
SINDH,089,TANDO ALLAHYAR DISTRICT,TANDO ALLAHYAR DISTRICT,RURAL,MALE,15-24,12,OTHER,5
SINDH,089,TANDO ALLAHYAR DISTRICT,TANDO ALLAHYAR DISTRICT,RURAL,MALE,25-34,19,OTHER,5
SINDH,089,TANDO ALLAHYAR DISTRICT,TANDO ALLAHYAR DISTRICT,RURAL,MALE,35-44,10,OTHER,3
SINDH,089,TANDO ALLAHYAR DISTRICT,TANDO ALLAHYAR DISTRICT,RURAL,MALE,45-54,3,OTHER,1
SINDH,089,TANDO ALLAHYAR DISTRICT,TANDO ALLAHYAR DISTRICT,RURAL,MALE,55-64,3,OTHER,0
SINDH,089,TANDO ALLAHYAR DISTRICT,TANDO ALLAHYAR DISTRICT,RURAL,MALE,65-74,4,OTHER,0
SINDH,089,TANDO ALLAHYAR DISTRICT,TANDO ALLAHYAR DISTRICT,RURAL,MALE,75 AND ABOVE,1,OTHER,0
SINDH,089,TANDO ALLAHYAR DISTRICT,TANDO ALLAHYAR DISTRICT,RURAL,FEMALE,ALL AGES,82,WORKING,0
SINDH,089,TANDO ALLAHYAR DISTRICT,TANDO ALLAHYAR DISTRICT,RURAL,FEMALE,BELOW 5 YEARS,21,WORKING,0
SINDH,089,TANDO ALLAHYAR DISTRICT,TANDO ALLAHYAR DISTRICT,RURAL,FEMALE,05-09,14,WORKING,0
SINDH,089,TANDO ALLAHYAR DISTRICT,TANDO ALLAHYAR DISTRICT,RURAL,FEMALE,10-14,7,WORKING,0
SINDH,089,TANDO ALLAHYAR DISTRICT,TANDO ALLAHYAR DISTRICT,RURAL,FEMALE,15-24,9,WORKING,0
SINDH,089,TANDO ALLAHYAR DISTRICT,TANDO ALLAHYAR DISTRICT,RURAL,FEMALE,25-34,13,WORKING,0
SINDH,089,TANDO ALLAHYAR DISTRICT,TANDO ALLAHYAR DISTRICT,RURAL,FEMALE,35-44,7,WORKING,0
SINDH,089,TANDO ALLAHYAR DISTRICT,TANDO ALLAHYAR DISTRICT,RURAL,FEMALE,45-54,5,WORKING,0
SINDH,089,TANDO ALLAHYAR DISTRICT,TANDO ALLAHYAR DISTRICT,RURAL,FEMALE,55-64,3,WORKING,0
SINDH,089,TANDO ALLAHYAR DISTRICT,TANDO ALLAHYAR DISTRICT,RURAL,FEMALE,65-74,2,WORKING,0
SINDH,089,TANDO ALLAHYAR DISTRICT,TANDO ALLAHYAR DISTRICT,RURAL,FEMALE,75 AND ABOVE,1,WORKING,0
SINDH,089,TANDO ALLAHYAR DISTRICT,TANDO ALLAHYAR DISTRICT,RURAL,FEMALE,ALL AGES,82,OTHER,5
SINDH,089,TANDO ALLAHYAR DISTRICT,TANDO ALLAHYAR DISTRICT,RURAL,FEMALE,BELOW 5 YEARS,21,OTHER,0
SINDH,089,TANDO ALLAHYAR DISTRICT,TANDO ALLAHYAR DISTRICT,RURAL,FEMALE,05-09,14,OTHER,0
SINDH,089,TANDO ALLAHYAR DISTRICT,TANDO ALLAHYAR DISTRICT,RURAL,FEMALE,10-14,7,OTHER,0
SINDH,089,TANDO ALLAHYAR DISTRICT,TANDO ALLAHYAR DISTRICT,RURAL,FEMALE,15-24,9,OTHER,1
SINDH,089,TANDO ALLAHYAR DISTRICT,TANDO ALLAHYAR DISTRICT,RURAL,FEMALE,25-34,13,OTHER,2
SINDH,089,TANDO ALLAHYAR DISTRICT,TANDO ALLAHYAR DISTRICT,RURAL,FEMALE,35-44,7,OTHER,2
SINDH,089,TANDO ALLAHYAR DISTRICT,TANDO ALLAHYAR DISTRICT,RURAL,FEMALE,45-54,5,OTHER,0
SINDH,089,TANDO ALLAHYAR DISTRICT,TANDO ALLAHYAR DISTRICT,RURAL,FEMALE,55-64,3,OTHER,0
SINDH,089,TANDO ALLAHYAR DISTRICT,TANDO ALLAHYAR DISTRICT,RURAL,FEMALE,65-74,2,OTHER,0
SINDH,089,TANDO ALLAHYAR DISTRICT,TANDO ALLAHYAR DISTRICT,RURAL,FEMALE,75 AND ABOVE,1,OTHER,0
SINDH,089,TANDO ALLAHYAR DISTRICT,TANDO ALLAHYAR DISTRICT,RURAL,TRANSGENDER,ALL AGES,0,WORKING,0
SINDH,089,TANDO ALLAHYAR DISTRICT,TANDO ALLAHYAR DISTRICT,RURAL,TRANSGENDER,BELOW 5 YEARS,0,WORKING,0
SINDH,089,TANDO ALLAHYAR DISTRICT,TANDO ALLAHYAR DISTRICT,RURAL,TRANSGENDER,05-09,0,WORKING,0
SINDH,089,TANDO ALLAHYAR DISTRICT,TANDO ALLAHYAR DISTRICT,RURAL,TRANSGENDER,10-14,0,WORKING,0
SINDH,089,TANDO ALLAHYAR DISTRICT,TANDO ALLAHYAR DISTRICT,RURAL,TRANSGENDER,15-24,0,WORKING,0
SINDH,089,TANDO ALLAHYAR DISTRICT,TANDO ALLAHYAR DISTRICT,RURAL,TRANSGENDER,25-34,0,WORKING,0
SINDH,089,TANDO ALLAHYAR DISTRICT,TANDO ALLAHYAR DISTRICT,RURAL,TRANSGENDER,35-44,0,WORKING,0
SINDH,089,TANDO ALLAHYAR DISTRICT,TANDO ALLAHYAR DISTRICT,RURAL,TRANSGENDER,45-54,0,WORKING,0
SINDH,089,TANDO ALLAHYAR DISTRICT,TANDO ALLAHYAR DISTRICT,RURAL,TRANSGENDER,55-64,0,WORKING,0
SINDH,089,TANDO ALLAHYAR DISTRICT,TANDO ALLAHYAR DISTRICT,RURAL,TRANSGENDER,65-74,0,WORKING,0
SINDH,089,TANDO ALLAHYAR DISTRICT,TANDO ALLAHYAR DISTRICT,RURAL,TRANSGENDER,75 AND ABOVE,0,WORKING,0
SINDH,089,TANDO ALLAHYAR DISTRICT,TANDO ALLAHYAR DISTRICT,RURAL,TRANSGENDER,ALL AGES,0,OTHER,0
SINDH,089,TANDO ALLAHYAR DISTRICT,TANDO ALLAHYAR DISTRICT,RURAL,TRANSGENDER,BELOW 5 YEARS,0,OTHER,0
SINDH,089,TANDO ALLAHYAR DISTRICT,TANDO ALLAHYAR DISTRICT,RURAL,TRANSGENDER,05-09,0,OTHER,0
SINDH,089,TANDO ALLAHYAR DISTRICT,TANDO ALLAHYAR DISTRICT,RURAL,TRANSGENDER,10-14,0,OTHER,0
SINDH,089,TANDO ALLAHYAR DISTRICT,TANDO ALLAHYAR DISTRICT,RURAL,TRANSGENDER,15-24,0,OTHER,0
SINDH,089,TANDO ALLAHYAR DISTRICT,TANDO ALLAHYAR DISTRICT,RURAL,TRANSGENDER,25-34,0,OTHER,0
SINDH,089,TANDO ALLAHYAR DISTRICT,TANDO ALLAHYAR DISTRICT,RURAL,TRANSGENDER,35-44,0,OTHER,0
SINDH,089,TANDO ALLAHYAR DISTRICT,TANDO ALLAHYAR DISTRICT,RURAL,TRANSGENDER,45-54,0,OTHER,0
SINDH,089,TANDO ALLAHYAR DISTRICT,TANDO ALLAHYAR DISTRICT,RURAL,TRANSGENDER,55-64,0,OTHER,0
SINDH,089,TANDO ALLAHYAR DISTRICT,TANDO ALLAHYAR DISTRICT,RURAL,TRANSGENDER,65-74,0,OTHER,0
SINDH,089,TANDO ALLAHYAR DISTRICT,TANDO ALLAHYAR DISTRICT,RURAL,TRANSGENDER,75 AND ABOVE,0,OTHER,0
SINDH,089,TANDO ALLAHYAR DISTRICT,TANDO ALLAHYAR DISTRICT,URBAN,ALL SEXES,ALL AGES,41,WORKING,15
SINDH,089,TANDO ALLAHYAR DISTRICT,TANDO ALLAHYAR DISTRICT,URBAN,ALL SEXES,BELOW 5 YEARS,1,WORKING,0
SINDH,089,TANDO ALLAHYAR DISTRICT,TANDO ALLAHYAR DISTRICT,URBAN,ALL SEXES,05-09,0,WORKING,0
SINDH,089,TANDO ALLAHYAR DISTRICT,TANDO ALLAHYAR DISTRICT,URBAN,ALL SEXES,10-14,2,WORKING,0
SINDH,089,TANDO ALLAHYAR DISTRICT,TANDO ALLAHYAR DISTRICT,URBAN,ALL SEXES,15-24,6,WORKING,3
SINDH,089,TANDO ALLAHYAR DISTRICT,TANDO ALLAHYAR DISTRICT,URBAN,ALL SEXES,25-34,5,WORKING,4
SINDH,089,TANDO ALLAHYAR DISTRICT,TANDO ALLAHYAR DISTRICT,URBAN,ALL SEXES,35-44,4,WORKING,1
SINDH,089,TANDO ALLAHYAR DISTRICT,TANDO ALLAHYAR DISTRICT,URBAN,ALL SEXES,45-54,5,WORKING,0
SINDH,089,TANDO ALLAHYAR DISTRICT,TANDO ALLAHYAR DISTRICT,URBAN,ALL SEXES,55-64,7,WORKING,4
SINDH,089,TANDO ALLAHYAR DISTRICT,TANDO ALLAHYAR DISTRICT,URBAN,ALL SEXES,65-74,7,WORKING,1
SINDH,089,TANDO ALLAHYAR DISTRICT,TANDO ALLAHYAR DISTRICT,URBAN,ALL SEXES,75 AND ABOVE,4,WORKING,2
SINDH,089,TANDO ALLAHYAR DISTRICT,TANDO ALLAHYAR DISTRICT,URBAN,ALL SEXES,ALL AGES,41,OTHER,20
SINDH,089,TANDO ALLAHYAR DISTRICT,TANDO ALLAHYAR DISTRICT,URBAN,ALL SEXES,BELOW 5 YEARS,1,OTHER,0
SINDH,089,TANDO ALLAHYAR DISTRICT,TANDO ALLAHYAR DISTRICT,URBAN,ALL SEXES,05-09,0,OTHER,0
SINDH,089,TANDO ALLAHYAR DISTRICT,TANDO ALLAHYAR DISTRICT,URBAN,ALL SEXES,10-14,2,OTHER,2
SINDH,089,TANDO ALLAHYAR DISTRICT,TANDO ALLAHYAR DISTRICT,URBAN,ALL SEXES,15-24,6,OTHER,3
SINDH,089,TANDO ALLAHYAR DISTRICT,TANDO ALLAHYAR DISTRICT,URBAN,ALL SEXES,25-34,5,OTHER,1
SINDH,089,TANDO ALLAHYAR DISTRICT,TANDO ALLAHYAR DISTRICT,URBAN,ALL SEXES,35-44,4,OTHER,2
SINDH,089,TANDO ALLAHYAR DISTRICT,TANDO ALLAHYAR DISTRICT,URBAN,ALL SEXES,45-54,5,OTHER,5
SINDH,089,TANDO ALLAHYAR DISTRICT,TANDO ALLAHYAR DISTRICT,URBAN,ALL SEXES,55-64,7,OTHER,2
SINDH,089,TANDO ALLAHYAR DISTRICT,TANDO ALLAHYAR DISTRICT,URBAN,ALL SEXES,65-74,7,OTHER,4
SINDH,089,TANDO ALLAHYAR DISTRICT,TANDO ALLAHYAR DISTRICT,URBAN,ALL SEXES,75 AND ABOVE,4,OTHER,1
SINDH,089,TANDO ALLAHYAR DISTRICT,TANDO ALLAHYAR DISTRICT,URBAN,MALE,ALL AGES,35,WORKING,15
SINDH,089,TANDO ALLAHYAR DISTRICT,TANDO ALLAHYAR DISTRICT,URBAN,MALE,BELOW 5 YEARS,0,WORKING,0
SINDH,089,TANDO ALLAHYAR DISTRICT,TANDO ALLAHYAR DISTRICT,URBAN,MALE,05-09,0,WORKING,0
SINDH,089,TANDO ALLAHYAR DISTRICT,TANDO ALLAHYAR DISTRICT,URBAN,MALE,10-14,1,WORKING,0
SINDH,089,TANDO ALLAHYAR DISTRICT,TANDO ALLAHYAR DISTRICT,URBAN,MALE,15-24,5,WORKING,3
SINDH,089,TANDO ALLAHYAR DISTRICT,TANDO ALLAHYAR DISTRICT,URBAN,MALE,25-34,5,WORKING,4
SINDH,089,TANDO ALLAHYAR DISTRICT,TANDO ALLAHYAR DISTRICT,URBAN,MALE,35-44,4,WORKING,1
SINDH,089,TANDO ALLAHYAR DISTRICT,TANDO ALLAHYAR DISTRICT,URBAN,MALE,45-54,4,WORKING,0
SINDH,089,TANDO ALLAHYAR DISTRICT,TANDO ALLAHYAR DISTRICT,URBAN,MALE,55-64,7,WORKING,4
SINDH,089,TANDO ALLAHYAR DISTRICT,TANDO ALLAHYAR DISTRICT,URBAN,MALE,65-74,6,WORKING,1
SINDH,089,TANDO ALLAHYAR DISTRICT,TANDO ALLAHYAR DISTRICT,URBAN,MALE,75 AND ABOVE,3,WORKING,2
SINDH,089,TANDO ALLAHYAR DISTRICT,TANDO ALLAHYAR DISTRICT,URBAN,MALE,ALL AGES,35,OTHER,17
SINDH,089,TANDO ALLAHYAR DISTRICT,TANDO ALLAHYAR DISTRICT,URBAN,MALE,BELOW 5 YEARS,0,OTHER,0
SINDH,089,TANDO ALLAHYAR DISTRICT,TANDO ALLAHYAR DISTRICT,URBAN,MALE,05-09,0,OTHER,0
SINDH,089,TANDO ALLAHYAR DISTRICT,TANDO ALLAHYAR DISTRICT,URBAN,MALE,10-14,1,OTHER,1
SINDH,089,TANDO ALLAHYAR DISTRICT,TANDO ALLAHYAR DISTRICT,URBAN,MALE,15-24,5,OTHER,2
SINDH,089,TANDO ALLAHYAR DISTRICT,TANDO ALLAHYAR DISTRICT,URBAN,MALE,25-34,5,OTHER,1
SINDH,089,TANDO ALLAHYAR DISTRICT,TANDO ALLAHYAR DISTRICT,URBAN,MALE,35-44,4,OTHER,2
SINDH,089,TANDO ALLAHYAR DISTRICT,TANDO ALLAHYAR DISTRICT,URBAN,MALE,45-54,4,OTHER,4
SINDH,089,TANDO ALLAHYAR DISTRICT,TANDO ALLAHYAR DISTRICT,URBAN,MALE,55-64,7,OTHER,2
SINDH,089,TANDO ALLAHYAR DISTRICT,TANDO ALLAHYAR DISTRICT,URBAN,MALE,65-74,6,OTHER,4
SINDH,089,TANDO ALLAHYAR DISTRICT,TANDO ALLAHYAR DISTRICT,URBAN,MALE,75 AND ABOVE,3,OTHER,1
SINDH,089,TANDO ALLAHYAR DISTRICT,TANDO ALLAHYAR DISTRICT,URBAN,FEMALE,ALL AGES,6,WORKING,0
SINDH,089,TANDO ALLAHYAR DISTRICT,TANDO ALLAHYAR DISTRICT,URBAN,FEMALE,BELOW 5 YEARS,1,WORKING,0
SINDH,089,TANDO ALLAHYAR DISTRICT,TANDO ALLAHYAR DISTRICT,URBAN,FEMALE,05-09,0,WORKING,0
SINDH,089,TANDO ALLAHYAR DISTRICT,TANDO ALLAHYAR DISTRICT,URBAN,FEMALE,10-14,1,WORKING,0
SINDH,089,TANDO ALLAHYAR DISTRICT,TANDO ALLAHYAR DISTRICT,URBAN,FEMALE,15-24,1,WORKING,0
SINDH,089,TANDO ALLAHYAR DISTRICT,TANDO ALLAHYAR DISTRICT,URBAN,FEMALE,25-34,0,WORKING,0
SINDH,089,TANDO ALLAHYAR DISTRICT,TANDO ALLAHYAR DISTRICT,URBAN,FEMALE,35-44,0,WORKING,0
SINDH,089,TANDO ALLAHYAR DISTRICT,TANDO ALLAHYAR DISTRICT,URBAN,FEMALE,45-54,1,WORKING,0
SINDH,089,TANDO ALLAHYAR DISTRICT,TANDO ALLAHYAR DISTRICT,URBAN,FEMALE,55-64,0,WORKING,0
SINDH,089,TANDO ALLAHYAR DISTRICT,TANDO ALLAHYAR DISTRICT,URBAN,FEMALE,65-74,1,WORKING,0
SINDH,089,TANDO ALLAHYAR DISTRICT,TANDO ALLAHYAR DISTRICT,URBAN,FEMALE,75 AND ABOVE,1,WORKING,0
SINDH,089,TANDO ALLAHYAR DISTRICT,TANDO ALLAHYAR DISTRICT,URBAN,FEMALE,ALL AGES,6,OTHER,3
SINDH,089,TANDO ALLAHYAR DISTRICT,TANDO ALLAHYAR DISTRICT,URBAN,FEMALE,BELOW 5 YEARS,1,OTHER,0
SINDH,089,TANDO ALLAHYAR DISTRICT,TANDO ALLAHYAR DISTRICT,URBAN,FEMALE,05-09,0,OTHER,0
SINDH,089,TANDO ALLAHYAR DISTRICT,TANDO ALLAHYAR DISTRICT,URBAN,FEMALE,10-14,1,OTHER,1
SINDH,089,TANDO ALLAHYAR DISTRICT,TANDO ALLAHYAR DISTRICT,URBAN,FEMALE,15-24,1,OTHER,1
SINDH,089,TANDO ALLAHYAR DISTRICT,TANDO ALLAHYAR DISTRICT,URBAN,FEMALE,25-34,0,OTHER,0
SINDH,089,TANDO ALLAHYAR DISTRICT,TANDO ALLAHYAR DISTRICT,URBAN,FEMALE,35-44,0,OTHER,0
SINDH,089,TANDO ALLAHYAR DISTRICT,TANDO ALLAHYAR DISTRICT,URBAN,FEMALE,45-54,1,OTHER,1
SINDH,089,TANDO ALLAHYAR DISTRICT,TANDO ALLAHYAR DISTRICT,URBAN,FEMALE,55-64,0,OTHER,0
SINDH,089,TANDO ALLAHYAR DISTRICT,TANDO ALLAHYAR DISTRICT,URBAN,FEMALE,65-74,1,OTHER,0
SINDH,089,TANDO ALLAHYAR DISTRICT,TANDO ALLAHYAR DISTRICT,URBAN,FEMALE,75 AND ABOVE,1,OTHER,0
SINDH,089,TANDO ALLAHYAR DISTRICT,TANDO ALLAHYAR DISTRICT,URBAN,TRANSGENDER,ALL AGES,0,WORKING,0
SINDH,089,TANDO ALLAHYAR DISTRICT,TANDO ALLAHYAR DISTRICT,URBAN,TRANSGENDER,BELOW 5 YEARS,0,WORKING,0
SINDH,089,TANDO ALLAHYAR DISTRICT,TANDO ALLAHYAR DISTRICT,URBAN,TRANSGENDER,05-09,0,WORKING,0
SINDH,089,TANDO ALLAHYAR DISTRICT,TANDO ALLAHYAR DISTRICT,URBAN,TRANSGENDER,10-14,0,WORKING,0
SINDH,089,TANDO ALLAHYAR DISTRICT,TANDO ALLAHYAR DISTRICT,URBAN,TRANSGENDER,15-24,0,WORKING,0
SINDH,089,TANDO ALLAHYAR DISTRICT,TANDO ALLAHYAR DISTRICT,URBAN,TRANSGENDER,25-34,0,WORKING,0
SINDH,089,TANDO ALLAHYAR DISTRICT,TANDO ALLAHYAR DISTRICT,URBAN,TRANSGENDER,35-44,0,WORKING,0
SINDH,089,TANDO ALLAHYAR DISTRICT,TANDO ALLAHYAR DISTRICT,URBAN,TRANSGENDER,45-54,0,WORKING,0
SINDH,089,TANDO ALLAHYAR DISTRICT,TANDO ALLAHYAR DISTRICT,URBAN,TRANSGENDER,55-64,0,WORKING,0
SINDH,089,TANDO ALLAHYAR DISTRICT,TANDO ALLAHYAR DISTRICT,URBAN,TRANSGENDER,65-74,0,WORKING,0
SINDH,089,TANDO ALLAHYAR DISTRICT,TANDO ALLAHYAR DISTRICT,URBAN,TRANSGENDER,75 AND ABOVE,0,WORKING,0
SINDH,089,TANDO ALLAHYAR DISTRICT,TANDO ALLAHYAR DISTRICT,URBAN,TRANSGENDER,ALL AGES,0,OTHER,0
SINDH,089,TANDO ALLAHYAR DISTRICT,TANDO ALLAHYAR DISTRICT,URBAN,TRANSGENDER,BELOW 5 YEARS,0,OTHER,0
SINDH,089,TANDO ALLAHYAR DISTRICT,TANDO ALLAHYAR DISTRICT,URBAN,TRANSGENDER,05-09,0,OTHER,0
SINDH,089,TANDO ALLAHYAR DISTRICT,TANDO ALLAHYAR DISTRICT,URBAN,TRANSGENDER,10-14,0,OTHER,0
SINDH,089,TANDO ALLAHYAR DISTRICT,TANDO ALLAHYAR DISTRICT,URBAN,TRANSGENDER,15-24,0,OTHER,0
SINDH,089,TANDO ALLAHYAR DISTRICT,TANDO ALLAHYAR DISTRICT,URBAN,TRANSGENDER,25-34,0,OTHER,0
SINDH,089,TANDO ALLAHYAR DISTRICT,TANDO ALLAHYAR DISTRICT,URBAN,TRANSGENDER,35-44,0,OTHER,0
SINDH,089,TANDO ALLAHYAR DISTRICT,TANDO ALLAHYAR DISTRICT,URBAN,TRANSGENDER,45-54,0,OTHER,0
SINDH,089,TANDO ALLAHYAR DISTRICT,TANDO ALLAHYAR DISTRICT,URBAN,TRANSGENDER,55-64,0,OTHER,0
SINDH,089,TANDO ALLAHYAR DISTRICT,TANDO ALLAHYAR DISTRICT,URBAN,TRANSGENDER,65-74,0,OTHER,0
SINDH,089,TANDO ALLAHYAR DISTRICT,TANDO ALLAHYAR DISTRICT,URBAN,TRANSGENDER,75 AND ABOVE,0,OTHER,0
