province_name,district_code,district_name,area_name,area_type,gender,age_group,total_population,religious_affiliation,count
PUNJAB,069,LAYYAH DISTRICT,LAYYAH DISTRICT,TOTAL,ALL SEXES,ALL AGES,563,MUSLIM,561
PUNJAB,069,LAYYAH DISTRICT,LAYYAH DISTRICT,TOTAL,ALL SEXES,BELOW 5 YEARS,124,MUSLIM,124
PUNJAB,069,LAYYAH DISTRICT,LAYYAH DISTRICT,TOTAL,ALL SEXES,05-09,89,MUSLIM,89
PUNJAB,069,LAYYAH DISTRICT,LAYYAH DISTRICT,TOTAL,ALL SEXES,10-14,60,MUSLIM,60
PUNJAB,069,LAYYAH DISTRICT,LAYYAH DISTRICT,TOTAL,ALL SEXES,15-24,101,MUSLIM,101
PUNJAB,069,LAYYAH DISTRICT,LAYYAH DISTRICT,TOTAL,ALL SEXES,25-34,65,MUSLIM,65
PUNJAB,069,LAYYAH DISTRICT,LAYYAH DISTRICT,TOTAL,ALL SEXES,35-44,57,MUSLIM,56
PUNJAB,069,LAYYAH DISTRICT,LAYYAH DISTRICT,TOTAL,ALL SEXES,45-54,31,MUSLIM,31
PUNJAB,069,LAYYAH DISTRICT,LAYYAH DISTRICT,TOTAL,ALL SEXES,55-64,24,MUSLIM,24
PUNJAB,069,LAYYAH DISTRICT,LAYYAH DISTRICT,TOTAL,ALL SEXES,65-74,6,MUSLIM,5
PUNJAB,069,LAYYAH DISTRICT,LAYYAH DISTRICT,TOTAL,ALL SEXES,75 AND ABOVE,6,MUSLIM,6
PUNJAB,069,LAYYAH DISTRICT,LAYYAH DISTRICT,TOTAL,ALL SEXES,ALL AGES,563,NON-MUSLIM,2
PUNJAB,069,LAYYAH DISTRICT,LAYYAH DISTRICT,TOTAL,ALL SEXES,BELOW 5 YEARS,124,NON-MUSLIM,0
PUNJAB,069,LAYYAH DISTRICT,LAYYAH DISTRICT,TOTAL,ALL SEXES,05-09,89,NON-MUSLIM,0
PUNJAB,069,LAYYAH DISTRICT,LAYYAH DISTRICT,TOTAL,ALL SEXES,10-14,60,NON-MUSLIM,0
PUNJAB,069,LAYYAH DISTRICT,LAYYAH DISTRICT,TOTAL,ALL SEXES,15-24,101,NON-MUSLIM,0
PUNJAB,069,LAYYAH DISTRICT,LAYYAH DISTRICT,TOTAL,ALL SEXES,25-34,65,NON-MUSLIM,0
PUNJAB,069,LAYYAH DISTRICT,LAYYAH DISTRICT,TOTAL,ALL SEXES,35-44,57,NON-MUSLIM,1
PUNJAB,069,LAYYAH DISTRICT,LAYYAH DISTRICT,TOTAL,ALL SEXES,45-54,31,NON-MUSLIM,0
PUNJAB,069,LAYYAH DISTRICT,LAYYAH DISTRICT,TOTAL,ALL SEXES,55-64,24,NON-MUSLIM,0
PUNJAB,069,LAYYAH DISTRICT,LAYYAH DISTRICT,TOTAL,ALL SEXES,65-74,6,NON-MUSLIM,1
PUNJAB,069,LAYYAH DISTRICT,LAYYAH DISTRICT,TOTAL,ALL SEXES,75 AND ABOVE,6,NON-MUSLIM,0
PUNJAB,069,LAYYAH DISTRICT,LAYYAH DISTRICT,TOTAL,MALE,ALL AGES,301,MUSLIM,299
PUNJAB,069,LAYYAH DISTRICT,LAYYAH DISTRICT,TOTAL,MALE,BELOW 5 YEARS,58,MUSLIM,58
PUNJAB,069,LAYYAH DISTRICT,LAYYAH DISTRICT,TOTAL,MALE,05-09,46,MUSLIM,46
PUNJAB,069,LAYYAH DISTRICT,LAYYAH DISTRICT,TOTAL,MALE,10-14,42,MUSLIM,42
PUNJAB,069,LAYYAH DISTRICT,LAYYAH DISTRICT,TOTAL,MALE,15-24,54,MUSLIM,54
PUNJAB,069,LAYYAH DISTRICT,LAYYAH DISTRICT,TOTAL,MALE,25-34,30,MUSLIM,30
PUNJAB,069,LAYYAH DISTRICT,LAYYAH DISTRICT,TOTAL,MALE,35-44,31,MUSLIM,30
PUNJAB,069,LAYYAH DISTRICT,LAYYAH DISTRICT,TOTAL,MALE,45-54,17,MUSLIM,17
PUNJAB,069,LAYYAH DISTRICT,LAYYAH DISTRICT,TOTAL,MALE,55-64,14,MUSLIM,14
PUNJAB,069,LAYYAH DISTRICT,LAYYAH DISTRICT,TOTAL,MALE,65-74,6,MUSLIM,5
PUNJAB,069,LAYYAH DISTRICT,LAYYAH DISTRICT,TOTAL,MALE,75 AND ABOVE,3,MUSLIM,3
PUNJAB,069,LAYYAH DISTRICT,LAYYAH DISTRICT,TOTAL,MALE,ALL AGES,301,NON-MUSLIM,2
PUNJAB,069,LAYYAH DISTRICT,LAYYAH DISTRICT,TOTAL,MALE,BELOW 5 YEARS,58,NON-MUSLIM,0
PUNJAB,069,LAYYAH DISTRICT,LAYYAH DISTRICT,TOTAL,MALE,05-09,46,NON-MUSLIM,0
PUNJAB,069,LAYYAH DISTRICT,LAYYAH DISTRICT,TOTAL,MALE,10-14,42,NON-MUSLIM,0
PUNJAB,069,LAYYAH DISTRICT,LAYYAH DISTRICT,TOTAL,MALE,15-24,54,NON-MUSLIM,0
PUNJAB,069,LAYYAH DISTRICT,LAYYAH DISTRICT,TOTAL,MALE,25-34,30,NON-MUSLIM,0
PUNJAB,069,LAYYAH DISTRICT,LAYYAH DISTRICT,TOTAL,MALE,35-44,31,NON-MUSLIM,1
PUNJAB,069,LAYYAH DISTRICT,LAYYAH DISTRICT,TOTAL,MALE,45-54,17,NON-MUSLIM,0
PUNJAB,069,LAYYAH DISTRICT,LAYYAH DISTRICT,TOTAL,MALE,55-64,14,NON-MUSLIM,0
PUNJAB,069,LAYYAH DISTRICT,LAYYAH DISTRICT,TOTAL,MALE,65-74,6,NON-MUSLIM,1
PUNJAB,069,LAYYAH DISTRICT,LAYYAH DISTRICT,TOTAL,MALE,75 AND ABOVE,3,NON-MUSLIM,0
PUNJAB,069,LAYYAH DISTRICT,LAYYAH DISTRICT,TOTAL,FEMALE,ALL AGES,262,MUSLIM,262
PUNJAB,069,LAYYAH DISTRICT,LAYYAH DISTRICT,TOTAL,FEMALE,BELOW 5 YEARS,66,MUSLIM,66
PUNJAB,069,LAYYAH DISTRICT,LAYYAH DISTRICT,TOTAL,FEMALE,05-09,43,MUSLIM,43
PUNJAB,069,LAYYAH DISTRICT,LAYYAH DISTRICT,TOTAL,FEMALE,10-14,18,MUSLIM,18
PUNJAB,069,LAYYAH DISTRICT,LAYYAH DISTRICT,TOTAL,FEMALE,15-24,47,MUSLIM,47
PUNJAB,069,LAYYAH DISTRICT,LAYYAH DISTRICT,TOTAL,FEMALE,25-34,35,MUSLIM,35
PUNJAB,069,LAYYAH DISTRICT,LAYYAH DISTRICT,TOTAL,FEMALE,35-44,26,MUSLIM,26
PUNJAB,069,LAYYAH DISTRICT,LAYYAH DISTRICT,TOTAL,FEMALE,45-54,14,MUSLIM,14
PUNJAB,069,LAYYAH DISTRICT,LAYYAH DISTRICT,TOTAL,FEMALE,55-64,10,MUSLIM,10
PUNJAB,069,LAYYAH DISTRICT,LAYYAH DISTRICT,TOTAL,FEMALE,65-74,0,MUSLIM,0
PUNJAB,069,LAYYAH DISTRICT,LAYYAH DISTRICT,TOTAL,FEMALE,75 AND ABOVE,3,MUSLIM,3
PUNJAB,069,LAYYAH DISTRICT,LAYYAH DISTRICT,TOTAL,FEMALE,ALL AGES,262,NON-MUSLIM,0
PUNJAB,069,LAYYAH DISTRICT,LAYYAH DISTRICT,TOTAL,FEMALE,BELOW 5 YEARS,66,NON-MUSLIM,0
PUNJAB,069,LAYYAH DISTRICT,LAYYAH DISTRICT,TOTAL,FEMALE,05-09,43,NON-MUSLIM,0
PUNJAB,069,LAYYAH DISTRICT,LAYYAH DISTRICT,TOTAL,FEMALE,10-14,18,NON-MUSLIM,0
PUNJAB,069,LAYYAH DISTRICT,LAYYAH DISTRICT,TOTAL,FEMALE,15-24,47,NON-MUSLIM,0
PUNJAB,069,LAYYAH DISTRICT,LAYYAH DISTRICT,TOTAL,FEMALE,25-34,35,NON-MUSLIM,0
PUNJAB,069,LAYYAH DISTRICT,LAYYAH DISTRICT,TOTAL,FEMALE,35-44,26,NON-MUSLIM,0
PUNJAB,069,LAYYAH DISTRICT,LAYYAH DISTRICT,TOTAL,FEMALE,45-54,14,NON-MUSLIM,0
PUNJAB,069,LAYYAH DISTRICT,LAYYAH DISTRICT,TOTAL,FEMALE,55-64,10,NON-MUSLIM,0
PUNJAB,069,LAYYAH DISTRICT,LAYYAH DISTRICT,TOTAL,FEMALE,65-74,0,NON-MUSLIM,0
PUNJAB,069,LAYYAH DISTRICT,LAYYAH DISTRICT,TOTAL,FEMALE,75 AND ABOVE,3,NON-MUSLIM,0
PUNJAB,069,LAYYAH DISTRICT,LAYYAH DISTRICT,TOTAL,TRANSGENDER,ALL AGES,0,MUSLIM,0
PUNJAB,069,LAYYAH DISTRICT,LAYYAH DISTRICT,TOTAL,TRANSGENDER,BELOW 5 YEARS,0,MUSLIM,0
PUNJAB,069,LAYYAH DISTRICT,LAYYAH DISTRICT,TOTAL,TRANSGENDER,05-09,0,MUSLIM,0
PUNJAB,069,LAYYAH DISTRICT,LAYYAH DISTRICT,TOTAL,TRANSGENDER,10-14,0,MUSLIM,0
PUNJAB,069,LAYYAH DISTRICT,LAYYAH DISTRICT,TOTAL,TRANSGENDER,15-24,0,MUSLIM,0
PUNJAB,069,LAYYAH DISTRICT,LAYYAH DISTRICT,TOTAL,TRANSGENDER,25-34,0,MUSLIM,0
PUNJAB,069,LAYYAH DISTRICT,LAYYAH DISTRICT,TOTAL,TRANSGENDER,35-44,0,MUSLIM,0
PUNJAB,069,LAYYAH DISTRICT,LAYYAH DISTRICT,TOTAL,TRANSGENDER,45-54,0,MUSLIM,0
PUNJAB,069,LAYYAH DISTRICT,LAYYAH DISTRICT,TOTAL,TRANSGENDER,55-64,0,MUSLIM,0
PUNJAB,069,LAYYAH DISTRICT,LAYYAH DISTRICT,TOTAL,TRANSGENDER,65-74,0,MUSLIM,0
PUNJAB,069,LAYYAH DISTRICT,LAYYAH DISTRICT,TOTAL,TRANSGENDER,75 AND ABOVE,0,MUSLIM,0
PUNJAB,069,LAYYAH DISTRICT,LAYYAH DISTRICT,TOTAL,TRANSGENDER,ALL AGES,0,NON-MUSLIM,0
PUNJAB,069,LAYYAH DISTRICT,LAYYAH DISTRICT,TOTAL,TRANSGENDER,BELOW 5 YEARS,0,NON-MUSLIM,0
PUNJAB,069,LAYYAH DISTRICT,LAYYAH DISTRICT,TOTAL,TRANSGENDER,05-09,0,NON-MUSLIM,0
PUNJAB,069,LAYYAH DISTRICT,LAYYAH DISTRICT,TOTAL,TRANSGENDER,10-14,0,NON-MUSLIM,0
PUNJAB,069,LAYYAH DISTRICT,LAYYAH DISTRICT,TOTAL,TRANSGENDER,15-24,0,NON-MUSLIM,0
PUNJAB,069,LAYYAH DISTRICT,LAYYAH DISTRICT,TOTAL,TRANSGENDER,25-34,0,NON-MUSLIM,0
PUNJAB,069,LAYYAH DISTRICT,LAYYAH DISTRICT,TOTAL,TRANSGENDER,35-44,0,NON-MUSLIM,0
PUNJAB,069,LAYYAH DISTRICT,LAYYAH DISTRICT,TOTAL,TRANSGENDER,45-54,0,NON-MUSLIM,0
PUNJAB,069,LAYYAH DISTRICT,LAYYAH DISTRICT,TOTAL,TRANSGENDER,55-64,0,NON-MUSLIM,0
PUNJAB,069,LAYYAH DISTRICT,LAYYAH DISTRICT,TOTAL,TRANSGENDER,65-74,0,NON-MUSLIM,0
PUNJAB,069,LAYYAH DISTRICT,LAYYAH DISTRICT,TOTAL,TRANSGENDER,75 AND ABOVE,0,NON-MUSLIM,0
PUNJAB,069,LAYYAH DISTRICT,LAYYAH DISTRICT,RURAL,ALL SEXES,ALL AGES,391,MUSLIM,390
PUNJAB,069,LAYYAH DISTRICT,LAYYAH DISTRICT,RURAL,ALL SEXES,BELOW 5 YEARS,86,MUSLIM,86
PUNJAB,069,LAYYAH DISTRICT,LAYYAH DISTRICT,RURAL,ALL SEXES,05-09,62,MUSLIM,62
PUNJAB,069,LAYYAH DISTRICT,LAYYAH DISTRICT,RURAL,ALL SEXES,10-14,38,MUSLIM,38
PUNJAB,069,LAYYAH DISTRICT,LAYYAH DISTRICT,RURAL,ALL SEXES,15-24,72,MUSLIM,72
PUNJAB,069,LAYYAH DISTRICT,LAYYAH DISTRICT,RURAL,ALL SEXES,25-34,46,MUSLIM,46
PUNJAB,069,LAYYAH DISTRICT,LAYYAH DISTRICT,RURAL,ALL SEXES,35-44,37,MUSLIM,37
PUNJAB,069,LAYYAH DISTRICT,LAYYAH DISTRICT,RURAL,ALL SEXES,45-54,21,MUSLIM,21
PUNJAB,069,LAYYAH DISTRICT,LAYYAH DISTRICT,RURAL,ALL SEXES,55-64,19,MUSLIM,19
PUNJAB,069,LAYYAH DISTRICT,LAYYAH DISTRICT,RURAL,ALL SEXES,65-74,5,MUSLIM,4
PUNJAB,069,LAYYAH DISTRICT,LAYYAH DISTRICT,RURAL,ALL SEXES,75 AND ABOVE,5,MUSLIM,5
PUNJAB,069,LAYYAH DISTRICT,LAYYAH DISTRICT,RURAL,ALL SEXES,ALL AGES,391,NON-MUSLIM,1
PUNJAB,069,LAYYAH DISTRICT,LAYYAH DISTRICT,RURAL,ALL SEXES,BELOW 5 YEARS,86,NON-MUSLIM,0
PUNJAB,069,LAYYAH DISTRICT,LAYYAH DISTRICT,RURAL,ALL SEXES,05-09,62,NON-MUSLIM,0
PUNJAB,069,LAYYAH DISTRICT,LAYYAH DISTRICT,RURAL,ALL SEXES,10-14,38,NON-MUSLIM,0
PUNJAB,069,LAYYAH DISTRICT,LAYYAH DISTRICT,RURAL,ALL SEXES,15-24,72,NON-MUSLIM,0
PUNJAB,069,LAYYAH DISTRICT,LAYYAH DISTRICT,RURAL,ALL SEXES,25-34,46,NON-MUSLIM,0
PUNJAB,069,LAYYAH DISTRICT,LAYYAH DISTRICT,RURAL,ALL SEXES,35-44,37,NON-MUSLIM,0
PUNJAB,069,LAYYAH DISTRICT,LAYYAH DISTRICT,RURAL,ALL SEXES,45-54,21,NON-MUSLIM,0
PUNJAB,069,LAYYAH DISTRICT,LAYYAH DISTRICT,RURAL,ALL SEXES,55-64,19,NON-MUSLIM,0
PUNJAB,069,LAYYAH DISTRICT,LAYYAH DISTRICT,RURAL,ALL SEXES,65-74,5,NON-MUSLIM,1
PUNJAB,069,LAYYAH DISTRICT,LAYYAH DISTRICT,RURAL,ALL SEXES,75 AND ABOVE,5,NON-MUSLIM,0
PUNJAB,069,LAYYAH DISTRICT,LAYYAH DISTRICT,RURAL,MALE,ALL AGES,208,MUSLIM,207
PUNJAB,069,LAYYAH DISTRICT,LAYYAH DISTRICT,RURAL,MALE,BELOW 5 YEARS,40,MUSLIM,40
PUNJAB,069,LAYYAH DISTRICT,LAYYAH DISTRICT,RURAL,MALE,05-09,33,MUSLIM,33
PUNJAB,069,LAYYAH DISTRICT,LAYYAH DISTRICT,RURAL,MALE,10-14,28,MUSLIM,28
PUNJAB,069,LAYYAH DISTRICT,LAYYAH DISTRICT,RURAL,MALE,15-24,36,MUSLIM,36
PUNJAB,069,LAYYAH DISTRICT,LAYYAH DISTRICT,RURAL,MALE,25-34,20,MUSLIM,20
PUNJAB,069,LAYYAH DISTRICT,LAYYAH DISTRICT,RURAL,MALE,35-44,21,MUSLIM,21
PUNJAB,069,LAYYAH DISTRICT,LAYYAH DISTRICT,RURAL,MALE,45-54,11,MUSLIM,11
PUNJAB,069,LAYYAH DISTRICT,LAYYAH DISTRICT,RURAL,MALE,55-64,12,MUSLIM,12
PUNJAB,069,LAYYAH DISTRICT,LAYYAH DISTRICT,RURAL,MALE,65-74,5,MUSLIM,4
PUNJAB,069,LAYYAH DISTRICT,LAYYAH DISTRICT,RURAL,MALE,75 AND ABOVE,2,MUSLIM,2
PUNJAB,069,LAYYAH DISTRICT,LAYYAH DISTRICT,RURAL,MALE,ALL AGES,208,NON-MUSLIM,1
PUNJAB,069,LAYYAH DISTRICT,LAYYAH DISTRICT,RURAL,MALE,BELOW 5 YEARS,40,NON-MUSLIM,0
PUNJAB,069,LAYYAH DISTRICT,LAYYAH DISTRICT,RURAL,MALE,05-09,33,NON-MUSLIM,0
PUNJAB,069,LAYYAH DISTRICT,LAYYAH DISTRICT,RURAL,MALE,10-14,28,NON-MUSLIM,0
PUNJAB,069,LAYYAH DISTRICT,LAYYAH DISTRICT,RURAL,MALE,15-24,36,NON-MUSLIM,0
PUNJAB,069,LAYYAH DISTRICT,LAYYAH DISTRICT,RURAL,MALE,25-34,20,NON-MUSLIM,0
PUNJAB,069,LAYYAH DISTRICT,LAYYAH DISTRICT,RURAL,MALE,35-44,21,NON-MUSLIM,0
PUNJAB,069,LAYYAH DISTRICT,LAYYAH DISTRICT,RURAL,MALE,45-54,11,NON-MUSLIM,0
PUNJAB,069,LAYYAH DISTRICT,LAYYAH DISTRICT,RURAL,MALE,55-64,12,NON-MUSLIM,0
PUNJAB,069,LAYYAH DISTRICT,LAYYAH DISTRICT,RURAL,MALE,65-74,5,NON-MUSLIM,1
PUNJAB,069,LAYYAH DISTRICT,LAYYAH DISTRICT,RURAL,MALE,75 AND ABOVE,2,NON-MUSLIM,0
PUNJAB,069,LAYYAH DISTRICT,LAYYAH DISTRICT,RURAL,FEMALE,ALL AGES,183,MUSLIM,183
PUNJAB,069,LAYYAH DISTRICT,LAYYAH DISTRICT,RURAL,FEMALE,BELOW 5 YEARS,46,MUSLIM,46
PUNJAB,069,LAYYAH DISTRICT,LAYYAH DISTRICT,RURAL,FEMALE,05-09,29,MUSLIM,29
PUNJAB,069,LAYYAH DISTRICT,LAYYAH DISTRICT,RURAL,FEMALE,10-14,10,MUSLIM,10
PUNJAB,069,LAYYAH DISTRICT,LAYYAH DISTRICT,RURAL,FEMALE,15-24,36,MUSLIM,36
PUNJAB,069,LAYYAH DISTRICT,LAYYAH DISTRICT,RURAL,FEMALE,25-34,26,MUSLIM,26
PUNJAB,069,LAYYAH DISTRICT,LAYYAH DISTRICT,RURAL,FEMALE,35-44,16,MUSLIM,16
PUNJAB,069,LAYYAH DISTRICT,LAYYAH DISTRICT,RURAL,FEMALE,45-54,10,MUSLIM,10
PUNJAB,069,LAYYAH DISTRICT,LAYYAH DISTRICT,RURAL,FEMALE,55-64,7,MUSLIM,7
PUNJAB,069,LAYYAH DISTRICT,LAYYAH DISTRICT,RURAL,FEMALE,65-74,0,MUSLIM,0
PUNJAB,069,LAYYAH DISTRICT,LAYYAH DISTRICT,RURAL,FEMALE,75 AND ABOVE,3,MUSLIM,3
PUNJAB,069,LAYYAH DISTRICT,LAYYAH DISTRICT,RURAL,FEMALE,ALL AGES,183,NON-MUSLIM,0
PUNJAB,069,LAYYAH DISTRICT,LAYYAH DISTRICT,RURAL,FEMALE,BELOW 5 YEARS,46,NON-MUSLIM,0
PUNJAB,069,LAYYAH DISTRICT,LAYYAH DISTRICT,RURAL,FEMALE,05-09,29,NON-MUSLIM,0
PUNJAB,069,LAYYAH DISTRICT,LAYYAH DISTRICT,RURAL,FEMALE,10-14,10,NON-MUSLIM,0
PUNJAB,069,LAYYAH DISTRICT,LAYYAH DISTRICT,RURAL,FEMALE,15-24,36,NON-MUSLIM,0
PUNJAB,069,LAYYAH DISTRICT,LAYYAH DISTRICT,RURAL,FEMALE,25-34,26,NON-MUSLIM,0
PUNJAB,069,LAYYAH DISTRICT,LAYYAH DISTRICT,RURAL,FEMALE,35-44,16,NON-MUSLIM,0
PUNJAB,069,LAYYAH DISTRICT,LAYYAH DISTRICT,RURAL,FEMALE,45-54,10,NON-MUSLIM,0
PUNJAB,069,LAYYAH DISTRICT,LAYYAH DISTRICT,RURAL,FEMALE,55-64,7,NON-MUSLIM,0
PUNJAB,069,LAYYAH DISTRICT,LAYYAH DISTRICT,RURAL,FEMALE,65-74,0,NON-MUSLIM,0
PUNJAB,069,LAYYAH DISTRICT,LAYYAH DISTRICT,RURAL,FEMALE,75 AND ABOVE,3,NON-MUSLIM,0
PUNJAB,069,LAYYAH DISTRICT,LAYYAH DISTRICT,RURAL,TRANSGENDER,ALL AGES,0,MUSLIM,0
PUNJAB,069,LAYYAH DISTRICT,LAYYAH DISTRICT,RURAL,TRANSGENDER,BELOW 5 YEARS,0,MUSLIM,0
PUNJAB,069,LAYYAH DISTRICT,LAYYAH DISTRICT,RURAL,TRANSGENDER,05-09,0,MUSLIM,0
PUNJAB,069,LAYYAH DISTRICT,LAYYAH DISTRICT,RURAL,TRANSGENDER,10-14,0,MUSLIM,0
PUNJAB,069,LAYYAH DISTRICT,LAYYAH DISTRICT,RURAL,TRANSGENDER,15-24,0,MUSLIM,0
PUNJAB,069,LAYYAH DISTRICT,LAYYAH DISTRICT,RURAL,TRANSGENDER,25-34,0,MUSLIM,0
PUNJAB,069,LAYYAH DISTRICT,LAYYAH DISTRICT,RURAL,TRANSGENDER,35-44,0,MUSLIM,0
PUNJAB,069,LAYYAH DISTRICT,LAYYAH DISTRICT,RURAL,TRANSGENDER,45-54,0,MUSLIM,0
PUNJAB,069,LAYYAH DISTRICT,LAYYAH DISTRICT,RURAL,TRANSGENDER,55-64,0,MUSLIM,0
PUNJAB,069,LAYYAH DISTRICT,LAYYAH DISTRICT,RURAL,TRANSGENDER,65-74,0,MUSLIM,0
PUNJAB,069,LAYYAH DISTRICT,LAYYAH DISTRICT,RURAL,TRANSGENDER,75 AND ABOVE,0,MUSLIM,0
PUNJAB,069,LAYYAH DISTRICT,LAYYAH DISTRICT,RURAL,TRANSGENDER,ALL AGES,0,NON-MUSLIM,0
PUNJAB,069,LAYYAH DISTRICT,LAYYAH DISTRICT,RURAL,TRANSGENDER,BELOW 5 YEARS,0,NON-MUSLIM,0
PUNJAB,069,LAYYAH DISTRICT,LAYYAH DISTRICT,RURAL,TRANSGENDER,05-09,0,NON-MUSLIM,0
PUNJAB,069,LAYYAH DISTRICT,LAYYAH DISTRICT,RURAL,TRANSGENDER,10-14,0,NON-MUSLIM,0
PUNJAB,069,LAYYAH DISTRICT,LAYYAH DISTRICT,RURAL,TRANSGENDER,15-24,0,NON-MUSLIM,0
PUNJAB,069,LAYYAH DISTRICT,LAYYAH DISTRICT,RURAL,TRANSGENDER,25-34,0,NON-MUSLIM,0
PUNJAB,069,LAYYAH DISTRICT,LAYYAH DISTRICT,RURAL,TRANSGENDER,35-44,0,NON-MUSLIM,0
PUNJAB,069,LAYYAH DISTRICT,LAYYAH DISTRICT,RURAL,TRANSGENDER,45-54,0,NON-MUSLIM,0
PUNJAB,069,LAYYAH DISTRICT,LAYYAH DISTRICT,RURAL,TRANSGENDER,55-64,0,NON-MUSLIM,0
PUNJAB,069,LAYYAH DISTRICT,LAYYAH DISTRICT,RURAL,TRANSGENDER,65-74,0,NON-MUSLIM,0
PUNJAB,069,LAYYAH DISTRICT,LAYYAH DISTRICT,RURAL,TRANSGENDER,75 AND ABOVE,0,NON-MUSLIM,0
PUNJAB,069,LAYYAH DISTRICT,LAYYAH DISTRICT,URBAN,ALL SEXES,ALL AGES,172,MUSLIM,171
PUNJAB,069,LAYYAH DISTRICT,LAYYAH DISTRICT,URBAN,ALL SEXES,BELOW 5 YEARS,38,MUSLIM,38
PUNJAB,069,LAYYAH DISTRICT,LAYYAH DISTRICT,URBAN,ALL SEXES,05-09,27,MUSLIM,27
PUNJAB,069,LAYYAH DISTRICT,LAYYAH DISTRICT,URBAN,ALL SEXES,10-14,22,MUSLIM,22
PUNJAB,069,LAYYAH DISTRICT,LAYYAH DISTRICT,URBAN,ALL SEXES,15-24,29,MUSLIM,29
PUNJAB,069,LAYYAH DISTRICT,LAYYAH DISTRICT,URBAN,ALL SEXES,25-34,19,MUSLIM,19
PUNJAB,069,LAYYAH DISTRICT,LAYYAH DISTRICT,URBAN,ALL SEXES,35-44,20,MUSLIM,19
PUNJAB,069,LAYYAH DISTRICT,LAYYAH DISTRICT,URBAN,ALL SEXES,45-54,10,MUSLIM,10
PUNJAB,069,LAYYAH DISTRICT,LAYYAH DISTRICT,URBAN,ALL SEXES,55-64,5,MUSLIM,5
PUNJAB,069,LAYYAH DISTRICT,LAYYAH DISTRICT,URBAN,ALL SEXES,65-74,1,MUSLIM,1
PUNJAB,069,LAYYAH DISTRICT,LAYYAH DISTRICT,URBAN,ALL SEXES,75 AND ABOVE,1,MUSLIM,1
PUNJAB,069,LAYYAH DISTRICT,LAYYAH DISTRICT,URBAN,ALL SEXES,ALL AGES,172,NON-MUSLIM,1
PUNJAB,069,LAYYAH DISTRICT,LAYYAH DISTRICT,URBAN,ALL SEXES,BELOW 5 YEARS,38,NON-MUSLIM,0
PUNJAB,069,LAYYAH DISTRICT,LAYYAH DISTRICT,URBAN,ALL SEXES,05-09,27,NON-MUSLIM,0
PUNJAB,069,LAYYAH DISTRICT,LAYYAH DISTRICT,URBAN,ALL SEXES,10-14,22,NON-MUSLIM,0
PUNJAB,069,LAYYAH DISTRICT,LAYYAH DISTRICT,URBAN,ALL SEXES,15-24,29,NON-MUSLIM,0
PUNJAB,069,LAYYAH DISTRICT,LAYYAH DISTRICT,URBAN,ALL SEXES,25-34,19,NON-MUSLIM,0
PUNJAB,069,LAYYAH DISTRICT,LAYYAH DISTRICT,URBAN,ALL SEXES,35-44,20,NON-MUSLIM,1
PUNJAB,069,LAYYAH DISTRICT,LAYYAH DISTRICT,URBAN,ALL SEXES,45-54,10,NON-MUSLIM,0
PUNJAB,069,LAYYAH DISTRICT,LAYYAH DISTRICT,URBAN,ALL SEXES,55-64,5,NON-MUSLIM,0
PUNJAB,069,LAYYAH DISTRICT,LAYYAH DISTRICT,URBAN,ALL SEXES,65-74,1,NON-MUSLIM,0
PUNJAB,069,LAYYAH DISTRICT,LAYYAH DISTRICT,URBAN,ALL SEXES,75 AND ABOVE,1,NON-MUSLIM,0
PUNJAB,069,LAYYAH DISTRICT,LAYYAH DISTRICT,URBAN,MALE,ALL AGES,93,MUSLIM,92
PUNJAB,069,LAYYAH DISTRICT,LAYYAH DISTRICT,URBAN,MALE,BELOW 5 YEARS,18,MUSLIM,18
PUNJAB,069,LAYYAH DISTRICT,LAYYAH DISTRICT,URBAN,MALE,05-09,13,MUSLIM,13
PUNJAB,069,LAYYAH DISTRICT,LAYYAH DISTRICT,URBAN,MALE,10-14,14,MUSLIM,14
PUNJAB,069,LAYYAH DISTRICT,LAYYAH DISTRICT,URBAN,MALE,15-24,18,MUSLIM,18
PUNJAB,069,LAYYAH DISTRICT,LAYYAH DISTRICT,URBAN,MALE,25-34,10,MUSLIM,10
PUNJAB,069,LAYYAH DISTRICT,LAYYAH DISTRICT,URBAN,MALE,35-44,10,MUSLIM,9
PUNJAB,069,LAYYAH DISTRICT,LAYYAH DISTRICT,URBAN,MALE,45-54,6,MUSLIM,6
PUNJAB,069,LAYYAH DISTRICT,LAYYAH DISTRICT,URBAN,MALE,55-64,2,MUSLIM,2
PUNJAB,069,LAYYAH DISTRICT,LAYYAH DISTRICT,URBAN,MALE,65-74,1,MUSLIM,1
PUNJAB,069,LAYYAH DISTRICT,LAYYAH DISTRICT,URBAN,MALE,75 AND ABOVE,1,MUSLIM,1
PUNJAB,069,LAYYAH DISTRICT,LAYYAH DISTRICT,URBAN,MALE,ALL AGES,93,NON-MUSLIM,1
PUNJAB,069,LAYYAH DISTRICT,LAYYAH DISTRICT,URBAN,MALE,BELOW 5 YEARS,18,NON-MUSLIM,0
PUNJAB,069,LAYYAH DISTRICT,LAYYAH DISTRICT,URBAN,MALE,05-09,13,NON-MUSLIM,0
PUNJAB,069,LAYYAH DISTRICT,LAYYAH DISTRICT,URBAN,MALE,10-14,14,NON-MUSLIM,0
PUNJAB,069,LAYYAH DISTRICT,LAYYAH DISTRICT,URBAN,MALE,15-24,18,NON-MUSLIM,0
PUNJAB,069,LAYYAH DISTRICT,LAYYAH DISTRICT,URBAN,MALE,25-34,10,NON-MUSLIM,0
PUNJAB,069,LAYYAH DISTRICT,LAYYAH DISTRICT,URBAN,MALE,35-44,10,NON-MUSLIM,1
PUNJAB,069,LAYYAH DISTRICT,LAYYAH DISTRICT,URBAN,MALE,45-54,6,NON-MUSLIM,0
PUNJAB,069,LAYYAH DISTRICT,LAYYAH DISTRICT,URBAN,MALE,55-64,2,NON-MUSLIM,0
PUNJAB,069,LAYYAH DISTRICT,LAYYAH DISTRICT,URBAN,MALE,65-74,1,NON-MUSLIM,0
PUNJAB,069,LAYYAH DISTRICT,LAYYAH DISTRICT,URBAN,MALE,75 AND ABOVE,1,NON-MUSLIM,0
PUNJAB,069,LAYYAH DISTRICT,LAYYAH DISTRICT,URBAN,FEMALE,ALL AGES,79,MUSLIM,79
PUNJAB,069,LAYYAH DISTRICT,LAYYAH DISTRICT,URBAN,FEMALE,BELOW 5 YEARS,20,MUSLIM,20
PUNJAB,069,LAYYAH DISTRICT,LAYYAH DISTRICT,URBAN,FEMALE,05-09,14,MUSLIM,14
PUNJAB,069,LAYYAH DISTRICT,LAYYAH DISTRICT,URBAN,FEMALE,10-14,8,MUSLIM,8
PUNJAB,069,LAYYAH DISTRICT,LAYYAH DISTRICT,URBAN,FEMALE,15-24,11,MUSLIM,11
PUNJAB,069,LAYYAH DISTRICT,LAYYAH DISTRICT,URBAN,FEMALE,25-34,9,MUSLIM,9
PUNJAB,069,LAYYAH DISTRICT,LAYYAH DISTRICT,URBAN,FEMALE,35-44,10,MUSLIM,10
PUNJAB,069,LAYYAH DISTRICT,LAYYAH DISTRICT,URBAN,FEMALE,45-54,4,MUSLIM,4
PUNJAB,069,LAYYAH DISTRICT,LAYYAH DISTRICT,URBAN,FEMALE,55-64,3,MUSLIM,3
PUNJAB,069,LAYYAH DISTRICT,LAYYAH DISTRICT,URBAN,FEMALE,65-74,0,MUSLIM,0
PUNJAB,069,LAYYAH DISTRICT,LAYYAH DISTRICT,URBAN,FEMALE,75 AND ABOVE,0,MUSLIM,0
PUNJAB,069,LAYYAH DISTRICT,LAYYAH DISTRICT,URBAN,FEMALE,ALL AGES,79,NON-MUSLIM,0
PUNJAB,069,LAYYAH DISTRICT,LAYYAH DISTRICT,URBAN,FEMALE,BELOW 5 YEARS,20,NON-MUSLIM,0
PUNJAB,069,LAYYAH DISTRICT,LAYYAH DISTRICT,URBAN,FEMALE,05-09,14,NON-MUSLIM,0
PUNJAB,069,LAYYAH DISTRICT,LAYYAH DISTRICT,URBAN,FEMALE,10-14,8,NON-MUSLIM,0
PUNJAB,069,LAYYAH DISTRICT,LAYYAH DISTRICT,URBAN,FEMALE,15-24,11,NON-MUSLIM,0
PUNJAB,069,LAYYAH DISTRICT,LAYYAH DISTRICT,URBAN,FEMALE,25-34,9,NON-MUSLIM,0
PUNJAB,069,LAYYAH DISTRICT,LAYYAH DISTRICT,URBAN,FEMALE,35-44,10,NON-MUSLIM,0
PUNJAB,069,LAYYAH DISTRICT,LAYYAH DISTRICT,URBAN,FEMALE,45-54,4,NON-MUSLIM,0
PUNJAB,069,LAYYAH DISTRICT,LAYYAH DISTRICT,URBAN,FEMALE,55-64,3,NON-MUSLIM,0
PUNJAB,069,LAYYAH DISTRICT,LAYYAH DISTRICT,URBAN,FEMALE,65-74,0,NON-MUSLIM,0
PUNJAB,069,LAYYAH DISTRICT,LAYYAH DISTRICT,URBAN,FEMALE,75 AND ABOVE,0,NON-MUSLIM,0
PUNJAB,069,LAYYAH DISTRICT,LAYYAH DISTRICT,URBAN,TRANSGENDER,ALL AGES,0,MUSLIM,0
PUNJAB,069,LAYYAH DISTRICT,LAYYAH DISTRICT,URBAN,TRANSGENDER,BELOW 5 YEARS,0,MUSLIM,0
PUNJAB,069,LAYYAH DISTRICT,LAYYAH DISTRICT,URBAN,TRANSGENDER,05-09,0,MUSLIM,0
PUNJAB,069,LAYYAH DISTRICT,LAYYAH DISTRICT,URBAN,TRANSGENDER,10-14,0,MUSLIM,0
PUNJAB,069,LAYYAH DISTRICT,LAYYAH DISTRICT,URBAN,TRANSGENDER,15-24,0,MUSLIM,0
PUNJAB,069,LAYYAH DISTRICT,LAYYAH DISTRICT,URBAN,TRANSGENDER,25-34,0,MUSLIM,0
PUNJAB,069,LAYYAH DISTRICT,LAYYAH DISTRICT,URBAN,TRANSGENDER,35-44,0,MUSLIM,0
PUNJAB,069,LAYYAH DISTRICT,LAYYAH DISTRICT,URBAN,TRANSGENDER,45-54,0,MUSLIM,0
PUNJAB,069,LAYYAH DISTRICT,LAYYAH DISTRICT,URBAN,TRANSGENDER,55-64,0,MUSLIM,0
PUNJAB,069,LAYYAH DISTRICT,LAYYAH DISTRICT,URBAN,TRANSGENDER,65-74,0,MUSLIM,0
PUNJAB,069,LAYYAH DISTRICT,LAYYAH DISTRICT,URBAN,TRANSGENDER,75 AND ABOVE,0,MUSLIM,0
PUNJAB,069,LAYYAH DISTRICT,LAYYAH DISTRICT,URBAN,TRANSGENDER,ALL AGES,0,NON-MUSLIM,0
PUNJAB,069,LAYYAH DISTRICT,LAYYAH DISTRICT,URBAN,TRANSGENDER,BELOW 5 YEARS,0,NON-MUSLIM,0
PUNJAB,069,LAYYAH DISTRICT,LAYYAH DISTRICT,URBAN,TRANSGENDER,05-09,0,NON-MUSLIM,0
PUNJAB,069,LAYYAH DISTRICT,LAYYAH DISTRICT,URBAN,TRANSGENDER,10-14,0,NON-MUSLIM,0
PUNJAB,069,LAYYAH DISTRICT,LAYYAH DISTRICT,URBAN,TRANSGENDER,15-24,0,NON-MUSLIM,0
PUNJAB,069,LAYYAH DISTRICT,LAYYAH DISTRICT,URBAN,TRANSGENDER,25-34,0,NON-MUSLIM,0
PUNJAB,069,LAYYAH DISTRICT,LAYYAH DISTRICT,URBAN,TRANSGENDER,35-44,0,NON-MUSLIM,0
PUNJAB,069,LAYYAH DISTRICT,LAYYAH DISTRICT,URBAN,TRANSGENDER,45-54,0,NON-MUSLIM,0
PUNJAB,069,LAYYAH DISTRICT,LAYYAH DISTRICT,URBAN,TRANSGENDER,55-64,0,NON-MUSLIM,0
PUNJAB,069,LAYYAH DISTRICT,LAYYAH DISTRICT,URBAN,TRANSGENDER,65-74,0,NON-MUSLIM,0
PUNJAB,069,LAYYAH DISTRICT,LAYYAH DISTRICT,URBAN,TRANSGENDER,75 AND ABOVE,0,NON-MUSLIM,0
