province_name,district_code,district_name,area_name,area_type,gender,work_activity,age_group,count
PUNJAB,069,LAYYAH DISTRICT,LAYYAH DISTRICT,TOTAL,ALL SEXES,TOTAL POPULATION,10 AND ABOVE,10646
PUNJAB,069,LAYYAH DISTRICT,LAYYAH DISTRICT,TOTAL,ALL SEXES,TOTAL POPULATION,10 - 14,1856
PUNJAB,069,LAYYAH DISTRICT,LAYYAH DISTRICT,TOTAL,ALL SEXES,TOTAL POPULATION,15 - 19,1662
PUNJAB,069,LAYYAH DISTRICT,LAYYAH DISTRICT,TOTAL,ALL SEXES,TOTAL POPULATION,20 - 24,1371
PUNJAB,069,LAYYAH DISTRICT,LAYYAH DISTRICT,TOTAL,ALL SEXES,TOTAL POPULATION,25 - 29,1112
PUNJAB,069,LAYYAH DISTRICT,LAYYAH DISTRICT,TOTAL,ALL SEXES,TOTAL POPULATION,30 - 34,809
PUNJAB,069,LAYYAH DISTRICT,LAYYAH DISTRICT,TOTAL,ALL SEXES,TOTAL POPULATION,35 - 39,731
PUNJAB,069,LAYYAH DISTRICT,LAYYAH DISTRICT,TOTAL,ALL SEXES,TOTAL POPULATION,40 - 44,592
PUNJAB,069,LAYYAH DISTRICT,LAYYAH DISTRICT,TOTAL,ALL SEXES,TOTAL POPULATION,45 - 49,508
PUNJAB,069,LAYYAH DISTRICT,LAYYAH DISTRICT,TOTAL,ALL SEXES,TOTAL POPULATION,50 - 54,494
PUNJAB,069,LAYYAH DISTRICT,LAYYAH DISTRICT,TOTAL,ALL SEXES,TOTAL POPULATION,55 - 59,353
PUNJAB,069,LAYYAH DISTRICT,LAYYAH DISTRICT,TOTAL,ALL SEXES,TOTAL POPULATION,60 - 64,312
PUNJAB,069,LAYYAH DISTRICT,LAYYAH DISTRICT,TOTAL,ALL SEXES,TOTAL POPULATION,65 - 69,274
PUNJAB,069,LAYYAH DISTRICT,LAYYAH DISTRICT,TOTAL,ALL SEXES,TOTAL POPULATION,70 - 74,219
PUNJAB,069,LAYYAH DISTRICT,LAYYAH DISTRICT,TOTAL,ALL SEXES,TOTAL POPULATION,75 AND ABOVE,353
PUNJAB,069,LAYYAH DISTRICT,LAYYAH DISTRICT,TOTAL,ALL SEXES,WORKING,10 AND ABOVE,3032
PUNJAB,069,LAYYAH DISTRICT,LAYYAH DISTRICT,TOTAL,ALL SEXES,WORKING,10 - 14,204
PUNJAB,069,LAYYAH DISTRICT,LAYYAH DISTRICT,TOTAL,ALL SEXES,WORKING,15 - 19,287
PUNJAB,069,LAYYAH DISTRICT,LAYYAH DISTRICT,TOTAL,ALL SEXES,WORKING,20 - 24,376
PUNJAB,069,LAYYAH DISTRICT,LAYYAH DISTRICT,TOTAL,ALL SEXES,WORKING,25 - 29,368
PUNJAB,069,LAYYAH DISTRICT,LAYYAH DISTRICT,TOTAL,ALL SEXES,WORKING,30 - 34,295
PUNJAB,069,LAYYAH DISTRICT,LAYYAH DISTRICT,TOTAL,ALL SEXES,WORKING,35 - 39,289
PUNJAB,069,LAYYAH DISTRICT,LAYYAH DISTRICT,TOTAL,ALL SEXES,WORKING,40 - 44,249
PUNJAB,069,LAYYAH DISTRICT,LAYYAH DISTRICT,TOTAL,ALL SEXES,WORKING,45 - 49,193
PUNJAB,069,LAYYAH DISTRICT,LAYYAH DISTRICT,TOTAL,ALL SEXES,WORKING,50 - 54,214
PUNJAB,069,LAYYAH DISTRICT,LAYYAH DISTRICT,TOTAL,ALL SEXES,WORKING,55 - 59,155
PUNJAB,069,LAYYAH DISTRICT,LAYYAH DISTRICT,TOTAL,ALL SEXES,WORKING,60 - 64,130
PUNJAB,069,LAYYAH DISTRICT,LAYYAH DISTRICT,TOTAL,ALL SEXES,WORKING,65 - 69,110
PUNJAB,069,LAYYAH DISTRICT,LAYYAH DISTRICT,TOTAL,ALL SEXES,WORKING,70 - 74,61
PUNJAB,069,LAYYAH DISTRICT,LAYYAH DISTRICT,TOTAL,ALL SEXES,WORKING,75 AND ABOVE,101
PUNJAB,069,LAYYAH DISTRICT,LAYYAH DISTRICT,TOTAL,ALL SEXES,SEEKING WORK,10 AND ABOVE,417
PUNJAB,069,LAYYAH DISTRICT,LAYYAH DISTRICT,TOTAL,ALL SEXES,SEEKING WORK,10 - 14,67
PUNJAB,069,LAYYAH DISTRICT,LAYYAH DISTRICT,TOTAL,ALL SEXES,SEEKING WORK,15 - 19,107
PUNJAB,069,LAYYAH DISTRICT,LAYYAH DISTRICT,TOTAL,ALL SEXES,SEEKING WORK,20 - 24,70
PUNJAB,069,LAYYAH DISTRICT,LAYYAH DISTRICT,TOTAL,ALL SEXES,SEEKING WORK,25 - 29,59
PUNJAB,069,LAYYAH DISTRICT,LAYYAH DISTRICT,TOTAL,ALL SEXES,SEEKING WORK,30 - 34,22
PUNJAB,069,LAYYAH DISTRICT,LAYYAH DISTRICT,TOTAL,ALL SEXES,SEEKING WORK,35 - 39,27
PUNJAB,069,LAYYAH DISTRICT,LAYYAH DISTRICT,TOTAL,ALL SEXES,SEEKING WORK,40 - 44,14
PUNJAB,069,LAYYAH DISTRICT,LAYYAH DISTRICT,TOTAL,ALL SEXES,SEEKING WORK,45 - 49,13
PUNJAB,069,LAYYAH DISTRICT,LAYYAH DISTRICT,TOTAL,ALL SEXES,SEEKING WORK,50 - 54,12
PUNJAB,069,LAYYAH DISTRICT,LAYYAH DISTRICT,TOTAL,ALL SEXES,SEEKING WORK,55 - 59,9
PUNJAB,069,LAYYAH DISTRICT,LAYYAH DISTRICT,TOTAL,ALL SEXES,SEEKING WORK,60 - 64,7
PUNJAB,069,LAYYAH DISTRICT,LAYYAH DISTRICT,TOTAL,ALL SEXES,SEEKING WORK,65 - 69,7
PUNJAB,069,LAYYAH DISTRICT,LAYYAH DISTRICT,TOTAL,ALL SEXES,SEEKING WORK,70 - 74,1
PUNJAB,069,LAYYAH DISTRICT,LAYYAH DISTRICT,TOTAL,ALL SEXES,SEEKING WORK,75 AND ABOVE,2
PUNJAB,069,LAYYAH DISTRICT,LAYYAH DISTRICT,TOTAL,ALL SEXES,STUDENT,10 AND ABOVE,998
PUNJAB,069,LAYYAH DISTRICT,LAYYAH DISTRICT,TOTAL,ALL SEXES,STUDENT,10 - 14,585
PUNJAB,069,LAYYAH DISTRICT,LAYYAH DISTRICT,TOTAL,ALL SEXES,STUDENT,15 - 19,298
PUNJAB,069,LAYYAH DISTRICT,LAYYAH DISTRICT,TOTAL,ALL SEXES,STUDENT,20 - 24,75
PUNJAB,069,LAYYAH DISTRICT,LAYYAH DISTRICT,TOTAL,ALL SEXES,STUDENT,25 - 29,31
PUNJAB,069,LAYYAH DISTRICT,LAYYAH DISTRICT,TOTAL,ALL SEXES,STUDENT,30 - 34,6
PUNJAB,069,LAYYAH DISTRICT,LAYYAH DISTRICT,TOTAL,ALL SEXES,STUDENT,35 - 39,3
PUNJAB,069,LAYYAH DISTRICT,LAYYAH DISTRICT,TOTAL,ALL SEXES,STUDENT,40 - 44,0
PUNJAB,069,LAYYAH DISTRICT,LAYYAH DISTRICT,TOTAL,ALL SEXES,STUDENT,45 - 49,0
PUNJAB,069,LAYYAH DISTRICT,LAYYAH DISTRICT,TOTAL,ALL SEXES,STUDENT,50 - 54,0
PUNJAB,069,LAYYAH DISTRICT,LAYYAH DISTRICT,TOTAL,ALL SEXES,STUDENT,55 - 59,0
PUNJAB,069,LAYYAH DISTRICT,LAYYAH DISTRICT,TOTAL,ALL SEXES,STUDENT,60 - 64,0
PUNJAB,069,LAYYAH DISTRICT,LAYYAH DISTRICT,TOTAL,ALL SEXES,STUDENT,65 - 69,0
PUNJAB,069,LAYYAH DISTRICT,LAYYAH DISTRICT,TOTAL,ALL SEXES,STUDENT,70 - 74,0
PUNJAB,069,LAYYAH DISTRICT,LAYYAH DISTRICT,TOTAL,ALL SEXES,STUDENT,75 AND ABOVE,0
PUNJAB,069,LAYYAH DISTRICT,LAYYAH DISTRICT,TOTAL,ALL SEXES,HOUSEKEEPING,10 AND ABOVE,3263
PUNJAB,069,LAYYAH DISTRICT,LAYYAH DISTRICT,TOTAL,ALL SEXES,HOUSEKEEPING,10 - 14,515
PUNJAB,069,LAYYAH DISTRICT,LAYYAH DISTRICT,TOTAL,ALL SEXES,HOUSEKEEPING,15 - 19,523
PUNJAB,069,LAYYAH DISTRICT,LAYYAH DISTRICT,TOTAL,ALL SEXES,HOUSEKEEPING,20 - 24,460
PUNJAB,069,LAYYAH DISTRICT,LAYYAH DISTRICT,TOTAL,ALL SEXES,HOUSEKEEPING,25 - 29,380
PUNJAB,069,LAYYAH DISTRICT,LAYYAH DISTRICT,TOTAL,ALL SEXES,HOUSEKEEPING,30 - 34,267
PUNJAB,069,LAYYAH DISTRICT,LAYYAH DISTRICT,TOTAL,ALL SEXES,HOUSEKEEPING,35 - 39,239
PUNJAB,069,LAYYAH DISTRICT,LAYYAH DISTRICT,TOTAL,ALL SEXES,HOUSEKEEPING,40 - 44,186
PUNJAB,069,LAYYAH DISTRICT,LAYYAH DISTRICT,TOTAL,ALL SEXES,HOUSEKEEPING,45 - 49,162
PUNJAB,069,LAYYAH DISTRICT,LAYYAH DISTRICT,TOTAL,ALL SEXES,HOUSEKEEPING,50 - 54,134
PUNJAB,069,LAYYAH DISTRICT,LAYYAH DISTRICT,TOTAL,ALL SEXES,HOUSEKEEPING,55 - 59,75
PUNJAB,069,LAYYAH DISTRICT,LAYYAH DISTRICT,TOTAL,ALL SEXES,HOUSEKEEPING,60 - 64,89
PUNJAB,069,LAYYAH DISTRICT,LAYYAH DISTRICT,TOTAL,ALL SEXES,HOUSEKEEPING,65 - 69,78
PUNJAB,069,LAYYAH DISTRICT,LAYYAH DISTRICT,TOTAL,ALL SEXES,HOUSEKEEPING,70 - 74,64
PUNJAB,069,LAYYAH DISTRICT,LAYYAH DISTRICT,TOTAL,ALL SEXES,HOUSEKEEPING,75 AND ABOVE,91
PUNJAB,069,LAYYAH DISTRICT,LAYYAH DISTRICT,TOTAL,ALL SEXES,OTHER,10 AND ABOVE,2936
PUNJAB,069,LAYYAH DISTRICT,LAYYAH DISTRICT,TOTAL,ALL SEXES,OTHER,10 - 14,485
PUNJAB,069,LAYYAH DISTRICT,LAYYAH DISTRICT,TOTAL,ALL SEXES,OTHER,15 - 19,447
PUNJAB,069,LAYYAH DISTRICT,LAYYAH DISTRICT,TOTAL,ALL SEXES,OTHER,20 - 24,390
PUNJAB,069,LAYYAH DISTRICT,LAYYAH DISTRICT,TOTAL,ALL SEXES,OTHER,25 - 29,274
PUNJAB,069,LAYYAH DISTRICT,LAYYAH DISTRICT,TOTAL,ALL SEXES,OTHER,30 - 34,219
PUNJAB,069,LAYYAH DISTRICT,LAYYAH DISTRICT,TOTAL,ALL SEXES,OTHER,35 - 39,173
PUNJAB,069,LAYYAH DISTRICT,LAYYAH DISTRICT,TOTAL,ALL SEXES,OTHER,40 - 44,143
PUNJAB,069,LAYYAH DISTRICT,LAYYAH DISTRICT,TOTAL,ALL SEXES,OTHER,45 - 49,140
PUNJAB,069,LAYYAH DISTRICT,LAYYAH DISTRICT,TOTAL,ALL SEXES,OTHER,50 - 54,134
PUNJAB,069,LAYYAH DISTRICT,LAYYAH DISTRICT,TOTAL,ALL SEXES,OTHER,55 - 59,114
PUNJAB,069,LAYYAH DISTRICT,LAYYAH DISTRICT,TOTAL,ALL SEXES,OTHER,60 - 64,86
PUNJAB,069,LAYYAH DISTRICT,LAYYAH DISTRICT,TOTAL,ALL SEXES,OTHER,65 - 69,79
PUNJAB,069,LAYYAH DISTRICT,LAYYAH DISTRICT,TOTAL,ALL SEXES,OTHER,70 - 74,93
PUNJAB,069,LAYYAH DISTRICT,LAYYAH DISTRICT,TOTAL,ALL SEXES,OTHER,75 AND ABOVE,159
PUNJAB,069,LAYYAH DISTRICT,LAYYAH DISTRICT,TOTAL,MALE,TOTAL POPULATION,10 AND ABOVE,6933
PUNJAB,069,LAYYAH DISTRICT,LAYYAH DISTRICT,TOTAL,MALE,TOTAL POPULATION,10 - 14,1143
PUNJAB,069,LAYYAH DISTRICT,LAYYAH DISTRICT,TOTAL,MALE,TOTAL POPULATION,15 - 19,1047
PUNJAB,069,LAYYAH DISTRICT,LAYYAH DISTRICT,TOTAL,MALE,TOTAL POPULATION,20 - 24,880
PUNJAB,069,LAYYAH DISTRICT,LAYYAH DISTRICT,TOTAL,MALE,TOTAL POPULATION,25 - 29,714
PUNJAB,069,LAYYAH DISTRICT,LAYYAH DISTRICT,TOTAL,MALE,TOTAL POPULATION,30 - 34,506
PUNJAB,069,LAYYAH DISTRICT,LAYYAH DISTRICT,TOTAL,MALE,TOTAL POPULATION,35 - 39,494
PUNJAB,069,LAYYAH DISTRICT,LAYYAH DISTRICT,TOTAL,MALE,TOTAL POPULATION,40 - 44,401
PUNJAB,069,LAYYAH DISTRICT,LAYYAH DISTRICT,TOTAL,MALE,TOTAL POPULATION,45 - 49,365
PUNJAB,069,LAYYAH DISTRICT,LAYYAH DISTRICT,TOTAL,MALE,TOTAL POPULATION,50 - 54,360
PUNJAB,069,LAYYAH DISTRICT,LAYYAH DISTRICT,TOTAL,MALE,TOTAL POPULATION,55 - 59,270
PUNJAB,069,LAYYAH DISTRICT,LAYYAH DISTRICT,TOTAL,MALE,TOTAL POPULATION,60 - 64,224
PUNJAB,069,LAYYAH DISTRICT,LAYYAH DISTRICT,TOTAL,MALE,TOTAL POPULATION,65 - 69,170
PUNJAB,069,LAYYAH DISTRICT,LAYYAH DISTRICT,TOTAL,MALE,TOTAL POPULATION,70 - 74,137
PUNJAB,069,LAYYAH DISTRICT,LAYYAH DISTRICT,TOTAL,MALE,TOTAL POPULATION,75 AND ABOVE,222
PUNJAB,069,LAYYAH DISTRICT,LAYYAH DISTRICT,TOTAL,MALE,WORKING,10 AND ABOVE,2684
PUNJAB,069,LAYYAH DISTRICT,LAYYAH DISTRICT,TOTAL,MALE,WORKING,10 - 14,160
PUNJAB,069,LAYYAH DISTRICT,LAYYAH DISTRICT,TOTAL,MALE,WORKING,15 - 19,247
PUNJAB,069,LAYYAH DISTRICT,LAYYAH DISTRICT,TOTAL,MALE,WORKING,20 - 24,325
PUNJAB,069,LAYYAH DISTRICT,LAYYAH DISTRICT,TOTAL,MALE,WORKING,25 - 29,325
PUNJAB,069,LAYYAH DISTRICT,LAYYAH DISTRICT,TOTAL,MALE,WORKING,30 - 34,263
PUNJAB,069,LAYYAH DISTRICT,LAYYAH DISTRICT,TOTAL,MALE,WORKING,35 - 39,269
PUNJAB,069,LAYYAH DISTRICT,LAYYAH DISTRICT,TOTAL,MALE,WORKING,40 - 44,224
PUNJAB,069,LAYYAH DISTRICT,LAYYAH DISTRICT,TOTAL,MALE,WORKING,45 - 49,178
PUNJAB,069,LAYYAH DISTRICT,LAYYAH DISTRICT,TOTAL,MALE,WORKING,50 - 54,198
PUNJAB,069,LAYYAH DISTRICT,LAYYAH DISTRICT,TOTAL,MALE,WORKING,55 - 59,140
PUNJAB,069,LAYYAH DISTRICT,LAYYAH DISTRICT,TOTAL,MALE,WORKING,60 - 64,118
PUNJAB,069,LAYYAH DISTRICT,LAYYAH DISTRICT,TOTAL,MALE,WORKING,65 - 69,99
PUNJAB,069,LAYYAH DISTRICT,LAYYAH DISTRICT,TOTAL,MALE,WORKING,70 - 74,52
PUNJAB,069,LAYYAH DISTRICT,LAYYAH DISTRICT,TOTAL,MALE,WORKING,75 AND ABOVE,86
PUNJAB,069,LAYYAH DISTRICT,LAYYAH DISTRICT,TOTAL,MALE,SEEKING WORK,10 AND ABOVE,313
PUNJAB,069,LAYYAH DISTRICT,LAYYAH DISTRICT,TOTAL,MALE,SEEKING WORK,10 - 14,46
PUNJAB,069,LAYYAH DISTRICT,LAYYAH DISTRICT,TOTAL,MALE,SEEKING WORK,15 - 19,76
PUNJAB,069,LAYYAH DISTRICT,LAYYAH DISTRICT,TOTAL,MALE,SEEKING WORK,20 - 24,58
PUNJAB,069,LAYYAH DISTRICT,LAYYAH DISTRICT,TOTAL,MALE,SEEKING WORK,25 - 29,44
PUNJAB,069,LAYYAH DISTRICT,LAYYAH DISTRICT,TOTAL,MALE,SEEKING WORK,30 - 34,19
PUNJAB,069,LAYYAH DISTRICT,LAYYAH DISTRICT,TOTAL,MALE,SEEKING WORK,35 - 39,21
PUNJAB,069,LAYYAH DISTRICT,LAYYAH DISTRICT,TOTAL,MALE,SEEKING WORK,40 - 44,9
PUNJAB,069,LAYYAH DISTRICT,LAYYAH DISTRICT,TOTAL,MALE,SEEKING WORK,45 - 49,11
PUNJAB,069,LAYYAH DISTRICT,LAYYAH DISTRICT,TOTAL,MALE,SEEKING WORK,50 - 54,11
PUNJAB,069,LAYYAH DISTRICT,LAYYAH DISTRICT,TOTAL,MALE,SEEKING WORK,55 - 59,7
PUNJAB,069,LAYYAH DISTRICT,LAYYAH DISTRICT,TOTAL,MALE,SEEKING WORK,60 - 64,5
PUNJAB,069,LAYYAH DISTRICT,LAYYAH DISTRICT,TOTAL,MALE,SEEKING WORK,65 - 69,4
PUNJAB,069,LAYYAH DISTRICT,LAYYAH DISTRICT,TOTAL,MALE,SEEKING WORK,70 - 74,1
PUNJAB,069,LAYYAH DISTRICT,LAYYAH DISTRICT,TOTAL,MALE,SEEKING WORK,75 AND ABOVE,1
PUNJAB,069,LAYYAH DISTRICT,LAYYAH DISTRICT,TOTAL,MALE,STUDENT,10 AND ABOVE,684
PUNJAB,069,LAYYAH DISTRICT,LAYYAH DISTRICT,TOTAL,MALE,STUDENT,10 - 14,391
PUNJAB,069,LAYYAH DISTRICT,LAYYAH DISTRICT,TOTAL,MALE,STUDENT,15 - 19,208
PUNJAB,069,LAYYAH DISTRICT,LAYYAH DISTRICT,TOTAL,MALE,STUDENT,20 - 24,59
PUNJAB,069,LAYYAH DISTRICT,LAYYAH DISTRICT,TOTAL,MALE,STUDENT,25 - 29,20
PUNJAB,069,LAYYAH DISTRICT,LAYYAH DISTRICT,TOTAL,MALE,STUDENT,30 - 34,5
PUNJAB,069,LAYYAH DISTRICT,LAYYAH DISTRICT,TOTAL,MALE,STUDENT,35 - 39,1
PUNJAB,069,LAYYAH DISTRICT,LAYYAH DISTRICT,TOTAL,MALE,STUDENT,40 - 44,0
PUNJAB,069,LAYYAH DISTRICT,LAYYAH DISTRICT,TOTAL,MALE,STUDENT,45 - 49,0
PUNJAB,069,LAYYAH DISTRICT,LAYYAH DISTRICT,TOTAL,MALE,STUDENT,50 - 54,0
PUNJAB,069,LAYYAH DISTRICT,LAYYAH DISTRICT,TOTAL,MALE,STUDENT,55 - 59,0
PUNJAB,069,LAYYAH DISTRICT,LAYYAH DISTRICT,TOTAL,MALE,STUDENT,60 - 64,0
PUNJAB,069,LAYYAH DISTRICT,LAYYAH DISTRICT,TOTAL,MALE,STUDENT,65 - 69,0
PUNJAB,069,LAYYAH DISTRICT,LAYYAH DISTRICT,TOTAL,MALE,STUDENT,70 - 74,0
PUNJAB,069,LAYYAH DISTRICT,LAYYAH DISTRICT,TOTAL,MALE,STUDENT,75 AND ABOVE,0
PUNJAB,069,LAYYAH DISTRICT,LAYYAH DISTRICT,TOTAL,MALE,HOUSEKEEPING,10 AND ABOVE,1305
PUNJAB,069,LAYYAH DISTRICT,LAYYAH DISTRICT,TOTAL,MALE,HOUSEKEEPING,10 - 14,256
PUNJAB,069,LAYYAH DISTRICT,LAYYAH DISTRICT,TOTAL,MALE,HOUSEKEEPING,15 - 19,232
PUNJAB,069,LAYYAH DISTRICT,LAYYAH DISTRICT,TOTAL,MALE,HOUSEKEEPING,20 - 24,175
PUNJAB,069,LAYYAH DISTRICT,LAYYAH DISTRICT,TOTAL,MALE,HOUSEKEEPING,25 - 29,143
PUNJAB,069,LAYYAH DISTRICT,LAYYAH DISTRICT,TOTAL,MALE,HOUSEKEEPING,30 - 34,80
PUNJAB,069,LAYYAH DISTRICT,LAYYAH DISTRICT,TOTAL,MALE,HOUSEKEEPING,35 - 39,89
PUNJAB,069,LAYYAH DISTRICT,LAYYAH DISTRICT,TOTAL,MALE,HOUSEKEEPING,40 - 44,66
PUNJAB,069,LAYYAH DISTRICT,LAYYAH DISTRICT,TOTAL,MALE,HOUSEKEEPING,45 - 49,63
PUNJAB,069,LAYYAH DISTRICT,LAYYAH DISTRICT,TOTAL,MALE,HOUSEKEEPING,50 - 54,52
PUNJAB,069,LAYYAH DISTRICT,LAYYAH DISTRICT,TOTAL,MALE,HOUSEKEEPING,55 - 59,33
PUNJAB,069,LAYYAH DISTRICT,LAYYAH DISTRICT,TOTAL,MALE,HOUSEKEEPING,60 - 64,39
PUNJAB,069,LAYYAH DISTRICT,LAYYAH DISTRICT,TOTAL,MALE,HOUSEKEEPING,65 - 69,24
PUNJAB,069,LAYYAH DISTRICT,LAYYAH DISTRICT,TOTAL,MALE,HOUSEKEEPING,70 - 74,19
PUNJAB,069,LAYYAH DISTRICT,LAYYAH DISTRICT,TOTAL,MALE,HOUSEKEEPING,75 AND ABOVE,34
PUNJAB,069,LAYYAH DISTRICT,LAYYAH DISTRICT,TOTAL,MALE,OTHER,10 AND ABOVE,1947
PUNJAB,069,LAYYAH DISTRICT,LAYYAH DISTRICT,TOTAL,MALE,OTHER,10 - 14,290
PUNJAB,069,LAYYAH DISTRICT,LAYYAH DISTRICT,TOTAL,MALE,OTHER,15 - 19,284
PUNJAB,069,LAYYAH DISTRICT,LAYYAH DISTRICT,TOTAL,MALE,OTHER,20 - 24,263
PUNJAB,069,LAYYAH DISTRICT,LAYYAH DISTRICT,TOTAL,MALE,OTHER,25 - 29,182
PUNJAB,069,LAYYAH DISTRICT,LAYYAH DISTRICT,TOTAL,MALE,OTHER,30 - 34,139
PUNJAB,069,LAYYAH DISTRICT,LAYYAH DISTRICT,TOTAL,MALE,OTHER,35 - 39,114
PUNJAB,069,LAYYAH DISTRICT,LAYYAH DISTRICT,TOTAL,MALE,OTHER,40 - 44,102
PUNJAB,069,LAYYAH DISTRICT,LAYYAH DISTRICT,TOTAL,MALE,OTHER,45 - 49,113
PUNJAB,069,LAYYAH DISTRICT,LAYYAH DISTRICT,TOTAL,MALE,OTHER,50 - 54,99
PUNJAB,069,LAYYAH DISTRICT,LAYYAH DISTRICT,TOTAL,MALE,OTHER,55 - 59,90
PUNJAB,069,LAYYAH DISTRICT,LAYYAH DISTRICT,TOTAL,MALE,OTHER,60 - 64,62
PUNJAB,069,LAYYAH DISTRICT,LAYYAH DISTRICT,TOTAL,MALE,OTHER,65 - 69,43
PUNJAB,069,LAYYAH DISTRICT,LAYYAH DISTRICT,TOTAL,MALE,OTHER,70 - 74,65
PUNJAB,069,LAYYAH DISTRICT,LAYYAH DISTRICT,TOTAL,MALE,OTHER,75 AND ABOVE,101
PUNJAB,069,LAYYAH DISTRICT,LAYYAH DISTRICT,TOTAL,FEMALE,TOTAL POPULATION,10 AND ABOVE,3678
PUNJAB,069,LAYYAH DISTRICT,LAYYAH DISTRICT,TOTAL,FEMALE,TOTAL POPULATION,10 - 14,713
PUNJAB,069,LAYYAH DISTRICT,LAYYAH DISTRICT,TOTAL,FEMALE,TOTAL POPULATION,15 - 19,603
PUNJAB,069,LAYYAH DISTRICT,LAYYAH DISTRICT,TOTAL,FEMALE,TOTAL POPULATION,20 - 24,484
PUNJAB,069,LAYYAH DISTRICT,LAYYAH DISTRICT,TOTAL,FEMALE,TOTAL POPULATION,25 - 29,392
PUNJAB,069,LAYYAH DISTRICT,LAYYAH DISTRICT,TOTAL,FEMALE,TOTAL POPULATION,30 - 34,300
PUNJAB,069,LAYYAH DISTRICT,LAYYAH DISTRICT,TOTAL,FEMALE,TOTAL POPULATION,35 - 39,236
PUNJAB,069,LAYYAH DISTRICT,LAYYAH DISTRICT,TOTAL,FEMALE,TOTAL POPULATION,40 - 44,191
PUNJAB,069,LAYYAH DISTRICT,LAYYAH DISTRICT,TOTAL,FEMALE,TOTAL POPULATION,45 - 49,143
PUNJAB,069,LAYYAH DISTRICT,LAYYAH DISTRICT,TOTAL,FEMALE,TOTAL POPULATION,50 - 54,134
PUNJAB,069,LAYYAH DISTRICT,LAYYAH DISTRICT,TOTAL,FEMALE,TOTAL POPULATION,55 - 59,82
PUNJAB,069,LAYYAH DISTRICT,LAYYAH DISTRICT,TOTAL,FEMALE,TOTAL POPULATION,60 - 64,86
PUNJAB,069,LAYYAH DISTRICT,LAYYAH DISTRICT,TOTAL,FEMALE,TOTAL POPULATION,65 - 69,103
PUNJAB,069,LAYYAH DISTRICT,LAYYAH DISTRICT,TOTAL,FEMALE,TOTAL POPULATION,70 - 74,82
PUNJAB,069,LAYYAH DISTRICT,LAYYAH DISTRICT,TOTAL,FEMALE,TOTAL POPULATION,75 AND ABOVE,129
PUNJAB,069,LAYYAH DISTRICT,LAYYAH DISTRICT,TOTAL,FEMALE,WORKING,10 AND ABOVE,333
PUNJAB,069,LAYYAH DISTRICT,LAYYAH DISTRICT,TOTAL,FEMALE,WORKING,10 - 14,44
PUNJAB,069,LAYYAH DISTRICT,LAYYAH DISTRICT,TOTAL,FEMALE,WORKING,15 - 19,35
PUNJAB,069,LAYYAH DISTRICT,LAYYAH DISTRICT,TOTAL,FEMALE,WORKING,20 - 24,49
PUNJAB,069,LAYYAH DISTRICT,LAYYAH DISTRICT,TOTAL,FEMALE,WORKING,25 - 29,40
PUNJAB,069,LAYYAH DISTRICT,LAYYAH DISTRICT,TOTAL,FEMALE,WORKING,30 - 34,30
PUNJAB,069,LAYYAH DISTRICT,LAYYAH DISTRICT,TOTAL,FEMALE,WORKING,35 - 39,19
PUNJAB,069,LAYYAH DISTRICT,LAYYAH DISTRICT,TOTAL,FEMALE,WORKING,40 - 44,25
PUNJAB,069,LAYYAH DISTRICT,LAYYAH DISTRICT,TOTAL,FEMALE,WORKING,45 - 49,15
PUNJAB,069,LAYYAH DISTRICT,LAYYAH DISTRICT,TOTAL,FEMALE,WORKING,50 - 54,16
PUNJAB,069,LAYYAH DISTRICT,LAYYAH DISTRICT,TOTAL,FEMALE,WORKING,55 - 59,14
PUNJAB,069,LAYYAH DISTRICT,LAYYAH DISTRICT,TOTAL,FEMALE,WORKING,60 - 64,11
PUNJAB,069,LAYYAH DISTRICT,LAYYAH DISTRICT,TOTAL,FEMALE,WORKING,65 - 69,11
PUNJAB,069,LAYYAH DISTRICT,LAYYAH DISTRICT,TOTAL,FEMALE,WORKING,70 - 74,9
PUNJAB,069,LAYYAH DISTRICT,LAYYAH DISTRICT,TOTAL,FEMALE,WORKING,75 AND ABOVE,15
PUNJAB,069,LAYYAH DISTRICT,LAYYAH DISTRICT,TOTAL,FEMALE,SEEKING WORK,10 AND ABOVE,99
PUNJAB,069,LAYYAH DISTRICT,LAYYAH DISTRICT,TOTAL,FEMALE,SEEKING WORK,10 - 14,21
PUNJAB,069,LAYYAH DISTRICT,LAYYAH DISTRICT,TOTAL,FEMALE,SEEKING WORK,15 - 19,28
PUNJAB,069,LAYYAH DISTRICT,LAYYAH DISTRICT,TOTAL,FEMALE,SEEKING WORK,20 - 24,12
PUNJAB,069,LAYYAH DISTRICT,LAYYAH DISTRICT,TOTAL,FEMALE,SEEKING WORK,25 - 29,13
PUNJAB,069,LAYYAH DISTRICT,LAYYAH DISTRICT,TOTAL,FEMALE,SEEKING WORK,30 - 34,3
PUNJAB,069,LAYYAH DISTRICT,LAYYAH DISTRICT,TOTAL,FEMALE,SEEKING WORK,35 - 39,6
PUNJAB,069,LAYYAH DISTRICT,LAYYAH DISTRICT,TOTAL,FEMALE,SEEKING WORK,40 - 44,5
PUNJAB,069,LAYYAH DISTRICT,LAYYAH DISTRICT,TOTAL,FEMALE,SEEKING WORK,45 - 49,2
PUNJAB,069,LAYYAH DISTRICT,LAYYAH DISTRICT,TOTAL,FEMALE,SEEKING WORK,50 - 54,1
PUNJAB,069,LAYYAH DISTRICT,LAYYAH DISTRICT,TOTAL,FEMALE,SEEKING WORK,55 - 59,2
PUNJAB,069,LAYYAH DISTRICT,LAYYAH DISTRICT,TOTAL,FEMALE,SEEKING WORK,60 - 64,2
PUNJAB,069,LAYYAH DISTRICT,LAYYAH DISTRICT,TOTAL,FEMALE,SEEKING WORK,65 - 69,3
PUNJAB,069,LAYYAH DISTRICT,LAYYAH DISTRICT,TOTAL,FEMALE,SEEKING WORK,70 - 74,0
PUNJAB,069,LAYYAH DISTRICT,LAYYAH DISTRICT,TOTAL,FEMALE,SEEKING WORK,75 AND ABOVE,1
PUNJAB,069,LAYYAH DISTRICT,LAYYAH DISTRICT,TOTAL,FEMALE,STUDENT,10 AND ABOVE,311
PUNJAB,069,LAYYAH DISTRICT,LAYYAH DISTRICT,TOTAL,FEMALE,STUDENT,10 - 14,194
PUNJAB,069,LAYYAH DISTRICT,LAYYAH DISTRICT,TOTAL,FEMALE,STUDENT,15 - 19,88
PUNJAB,069,LAYYAH DISTRICT,LAYYAH DISTRICT,TOTAL,FEMALE,STUDENT,20 - 24,15
PUNJAB,069,LAYYAH DISTRICT,LAYYAH DISTRICT,TOTAL,FEMALE,STUDENT,25 - 29,11
PUNJAB,069,LAYYAH DISTRICT,LAYYAH DISTRICT,TOTAL,FEMALE,STUDENT,30 - 34,1
PUNJAB,069,LAYYAH DISTRICT,LAYYAH DISTRICT,TOTAL,FEMALE,STUDENT,35 - 39,2
PUNJAB,069,LAYYAH DISTRICT,LAYYAH DISTRICT,TOTAL,FEMALE,STUDENT,40 - 44,0
PUNJAB,069,LAYYAH DISTRICT,LAYYAH DISTRICT,TOTAL,FEMALE,STUDENT,45 - 49,0
PUNJAB,069,LAYYAH DISTRICT,LAYYAH DISTRICT,TOTAL,FEMALE,STUDENT,50 - 54,0
PUNJAB,069,LAYYAH DISTRICT,LAYYAH DISTRICT,TOTAL,FEMALE,STUDENT,55 - 59,0
PUNJAB,069,LAYYAH DISTRICT,LAYYAH DISTRICT,TOTAL,FEMALE,STUDENT,60 - 64,0
PUNJAB,069,LAYYAH DISTRICT,LAYYAH DISTRICT,TOTAL,FEMALE,STUDENT,65 - 69,0
PUNJAB,069,LAYYAH DISTRICT,LAYYAH DISTRICT,TOTAL,FEMALE,STUDENT,70 - 74,0
PUNJAB,069,LAYYAH DISTRICT,LAYYAH DISTRICT,TOTAL,FEMALE,STUDENT,75 AND ABOVE,0
PUNJAB,069,LAYYAH DISTRICT,LAYYAH DISTRICT,TOTAL,FEMALE,HOUSEKEEPING,10 AND ABOVE,1950
PUNJAB,069,LAYYAH DISTRICT,LAYYAH DISTRICT,TOTAL,FEMALE,HOUSEKEEPING,10 - 14,259
PUNJAB,069,LAYYAH DISTRICT,LAYYAH DISTRICT,TOTAL,FEMALE,HOUSEKEEPING,15 - 19,290
PUNJAB,069,LAYYAH DISTRICT,LAYYAH DISTRICT,TOTAL,FEMALE,HOUSEKEEPING,20 - 24,283
PUNJAB,069,LAYYAH DISTRICT,LAYYAH DISTRICT,TOTAL,FEMALE,HOUSEKEEPING,25 - 29,236
PUNJAB,069,LAYYAH DISTRICT,LAYYAH DISTRICT,TOTAL,FEMALE,HOUSEKEEPING,30 - 34,186
PUNJAB,069,LAYYAH DISTRICT,LAYYAH DISTRICT,TOTAL,FEMALE,HOUSEKEEPING,35 - 39,150
PUNJAB,069,LAYYAH DISTRICT,LAYYAH DISTRICT,TOTAL,FEMALE,HOUSEKEEPING,40 - 44,120
PUNJAB,069,LAYYAH DISTRICT,LAYYAH DISTRICT,TOTAL,FEMALE,HOUSEKEEPING,45 - 49,99
PUNJAB,069,LAYYAH DISTRICT,LAYYAH DISTRICT,TOTAL,FEMALE,HOUSEKEEPING,50 - 54,82
PUNJAB,069,LAYYAH DISTRICT,LAYYAH DISTRICT,TOTAL,FEMALE,HOUSEKEEPING,55 - 59,42
PUNJAB,069,LAYYAH DISTRICT,LAYYAH DISTRICT,TOTAL,FEMALE,HOUSEKEEPING,60 - 64,49
PUNJAB,069,LAYYAH DISTRICT,LAYYAH DISTRICT,TOTAL,FEMALE,HOUSEKEEPING,65 - 69,53
PUNJAB,069,LAYYAH DISTRICT,LAYYAH DISTRICT,TOTAL,FEMALE,HOUSEKEEPING,70 - 74,45
PUNJAB,069,LAYYAH DISTRICT,LAYYAH DISTRICT,TOTAL,FEMALE,HOUSEKEEPING,75 AND ABOVE,56
PUNJAB,069,LAYYAH DISTRICT,LAYYAH DISTRICT,TOTAL,FEMALE,OTHER,10 AND ABOVE,985
PUNJAB,069,LAYYAH DISTRICT,LAYYAH DISTRICT,TOTAL,FEMALE,OTHER,10 - 14,195
PUNJAB,069,LAYYAH DISTRICT,LAYYAH DISTRICT,TOTAL,FEMALE,OTHER,15 - 19,162
PUNJAB,069,LAYYAH DISTRICT,LAYYAH DISTRICT,TOTAL,FEMALE,OTHER,20 - 24,125
PUNJAB,069,LAYYAH DISTRICT,LAYYAH DISTRICT,TOTAL,FEMALE,OTHER,25 - 29,92
PUNJAB,069,LAYYAH DISTRICT,LAYYAH DISTRICT,TOTAL,FEMALE,OTHER,30 - 34,80
PUNJAB,069,LAYYAH DISTRICT,LAYYAH DISTRICT,TOTAL,FEMALE,OTHER,35 - 39,59
PUNJAB,069,LAYYAH DISTRICT,LAYYAH DISTRICT,TOTAL,FEMALE,OTHER,40 - 44,41
PUNJAB,069,LAYYAH DISTRICT,LAYYAH DISTRICT,TOTAL,FEMALE,OTHER,45 - 49,27
PUNJAB,069,LAYYAH DISTRICT,LAYYAH DISTRICT,TOTAL,FEMALE,OTHER,50 - 54,35
PUNJAB,069,LAYYAH DISTRICT,LAYYAH DISTRICT,TOTAL,FEMALE,OTHER,55 - 59,24
PUNJAB,069,LAYYAH DISTRICT,LAYYAH DISTRICT,TOTAL,FEMALE,OTHER,60 - 64,24
PUNJAB,069,LAYYAH DISTRICT,LAYYAH DISTRICT,TOTAL,FEMALE,OTHER,65 - 69,36
PUNJAB,069,LAYYAH DISTRICT,LAYYAH DISTRICT,TOTAL,FEMALE,OTHER,70 - 74,28
PUNJAB,069,LAYYAH DISTRICT,LAYYAH DISTRICT,TOTAL,FEMALE,OTHER,75 AND ABOVE,57
PUNJAB,069,LAYYAH DISTRICT,LAYYAH DISTRICT,TOTAL,TRANSGENDER,TOTAL POPULATION,10 AND ABOVE,35
PUNJAB,069,LAYYAH DISTRICT,LAYYAH DISTRICT,TOTAL,TRANSGENDER,TOTAL POPULATION,10 - 14,0
PUNJAB,069,LAYYAH DISTRICT,LAYYAH DISTRICT,TOTAL,TRANSGENDER,TOTAL POPULATION,15 - 19,12
PUNJAB,069,LAYYAH DISTRICT,LAYYAH DISTRICT,TOTAL,TRANSGENDER,TOTAL POPULATION,20 - 24,7
PUNJAB,069,LAYYAH DISTRICT,LAYYAH DISTRICT,TOTAL,TRANSGENDER,TOTAL POPULATION,25 - 29,6
PUNJAB,069,LAYYAH DISTRICT,LAYYAH DISTRICT,TOTAL,TRANSGENDER,TOTAL POPULATION,30 - 34,3
PUNJAB,069,LAYYAH DISTRICT,LAYYAH DISTRICT,TOTAL,TRANSGENDER,TOTAL POPULATION,35 - 39,1
PUNJAB,069,LAYYAH DISTRICT,LAYYAH DISTRICT,TOTAL,TRANSGENDER,TOTAL POPULATION,40 - 44,0
PUNJAB,069,LAYYAH DISTRICT,LAYYAH DISTRICT,TOTAL,TRANSGENDER,TOTAL POPULATION,45 - 49,0
PUNJAB,069,LAYYAH DISTRICT,LAYYAH DISTRICT,TOTAL,TRANSGENDER,TOTAL POPULATION,50 - 54,0
PUNJAB,069,LAYYAH DISTRICT,LAYYAH DISTRICT,TOTAL,TRANSGENDER,TOTAL POPULATION,55 - 59,1
PUNJAB,069,LAYYAH DISTRICT,LAYYAH DISTRICT,TOTAL,TRANSGENDER,TOTAL POPULATION,60 - 64,2
PUNJAB,069,LAYYAH DISTRICT,LAYYAH DISTRICT,TOTAL,TRANSGENDER,TOTAL POPULATION,65 - 69,1
PUNJAB,069,LAYYAH DISTRICT,LAYYAH DISTRICT,TOTAL,TRANSGENDER,TOTAL POPULATION,70 - 74,0
PUNJAB,069,LAYYAH DISTRICT,LAYYAH DISTRICT,TOTAL,TRANSGENDER,TOTAL POPULATION,75 AND ABOVE,2
PUNJAB,069,LAYYAH DISTRICT,LAYYAH DISTRICT,TOTAL,TRANSGENDER,WORKING,10 AND ABOVE,15
PUNJAB,069,LAYYAH DISTRICT,LAYYAH DISTRICT,TOTAL,TRANSGENDER,WORKING,10 - 14,0
PUNJAB,069,LAYYAH DISTRICT,LAYYAH DISTRICT,TOTAL,TRANSGENDER,WORKING,15 - 19,5
PUNJAB,069,LAYYAH DISTRICT,LAYYAH DISTRICT,TOTAL,TRANSGENDER,WORKING,20 - 24,2
PUNJAB,069,LAYYAH DISTRICT,LAYYAH DISTRICT,TOTAL,TRANSGENDER,WORKING,25 - 29,3
PUNJAB,069,LAYYAH DISTRICT,LAYYAH DISTRICT,TOTAL,TRANSGENDER,WORKING,30 - 34,2
PUNJAB,069,LAYYAH DISTRICT,LAYYAH DISTRICT,TOTAL,TRANSGENDER,WORKING,35 - 39,1
PUNJAB,069,LAYYAH DISTRICT,LAYYAH DISTRICT,TOTAL,TRANSGENDER,WORKING,40 - 44,0
PUNJAB,069,LAYYAH DISTRICT,LAYYAH DISTRICT,TOTAL,TRANSGENDER,WORKING,45 - 49,0
PUNJAB,069,LAYYAH DISTRICT,LAYYAH DISTRICT,TOTAL,TRANSGENDER,WORKING,50 - 54,0
PUNJAB,069,LAYYAH DISTRICT,LAYYAH DISTRICT,TOTAL,TRANSGENDER,WORKING,55 - 59,1
PUNJAB,069,LAYYAH DISTRICT,LAYYAH DISTRICT,TOTAL,TRANSGENDER,WORKING,60 - 64,1
PUNJAB,069,LAYYAH DISTRICT,LAYYAH DISTRICT,TOTAL,TRANSGENDER,WORKING,65 - 69,0
PUNJAB,069,LAYYAH DISTRICT,LAYYAH DISTRICT,TOTAL,TRANSGENDER,WORKING,70 - 74,0
PUNJAB,069,LAYYAH DISTRICT,LAYYAH DISTRICT,TOTAL,TRANSGENDER,WORKING,75 AND ABOVE,0
PUNJAB,069,LAYYAH DISTRICT,LAYYAH DISTRICT,TOTAL,TRANSGENDER,SEEKING WORK,10 AND ABOVE,5
PUNJAB,069,LAYYAH DISTRICT,LAYYAH DISTRICT,TOTAL,TRANSGENDER,SEEKING WORK,10 - 14,0
PUNJAB,069,LAYYAH DISTRICT,LAYYAH DISTRICT,TOTAL,TRANSGENDER,SEEKING WORK,15 - 19,3
PUNJAB,069,LAYYAH DISTRICT,LAYYAH DISTRICT,TOTAL,TRANSGENDER,SEEKING WORK,20 - 24,0
PUNJAB,069,LAYYAH DISTRICT,LAYYAH DISTRICT,TOTAL,TRANSGENDER,SEEKING WORK,25 - 29,2
PUNJAB,069,LAYYAH DISTRICT,LAYYAH DISTRICT,TOTAL,TRANSGENDER,SEEKING WORK,30 - 34,0
PUNJAB,069,LAYYAH DISTRICT,LAYYAH DISTRICT,TOTAL,TRANSGENDER,SEEKING WORK,35 - 39,0
PUNJAB,069,LAYYAH DISTRICT,LAYYAH DISTRICT,TOTAL,TRANSGENDER,SEEKING WORK,40 - 44,0
PUNJAB,069,LAYYAH DISTRICT,LAYYAH DISTRICT,TOTAL,TRANSGENDER,SEEKING WORK,45 - 49,0
PUNJAB,069,LAYYAH DISTRICT,LAYYAH DISTRICT,TOTAL,TRANSGENDER,SEEKING WORK,50 - 54,0
PUNJAB,069,LAYYAH DISTRICT,LAYYAH DISTRICT,TOTAL,TRANSGENDER,SEEKING WORK,55 - 59,0
PUNJAB,069,LAYYAH DISTRICT,LAYYAH DISTRICT,TOTAL,TRANSGENDER,SEEKING WORK,60 - 64,0
PUNJAB,069,LAYYAH DISTRICT,LAYYAH DISTRICT,TOTAL,TRANSGENDER,SEEKING WORK,65 - 69,0
PUNJAB,069,LAYYAH DISTRICT,LAYYAH DISTRICT,TOTAL,TRANSGENDER,SEEKING WORK,70 - 74,0
PUNJAB,069,LAYYAH DISTRICT,LAYYAH DISTRICT,TOTAL,TRANSGENDER,SEEKING WORK,75 AND ABOVE,0
PUNJAB,069,LAYYAH DISTRICT,LAYYAH DISTRICT,TOTAL,TRANSGENDER,STUDENT,10 AND ABOVE,3
PUNJAB,069,LAYYAH DISTRICT,LAYYAH DISTRICT,TOTAL,TRANSGENDER,STUDENT,10 - 14,0
PUNJAB,069,LAYYAH DISTRICT,LAYYAH DISTRICT,TOTAL,TRANSGENDER,STUDENT,15 - 19,2
PUNJAB,069,LAYYAH DISTRICT,LAYYAH DISTRICT,TOTAL,TRANSGENDER,STUDENT,20 - 24,1
PUNJAB,069,LAYYAH DISTRICT,LAYYAH DISTRICT,TOTAL,TRANSGENDER,STUDENT,25 - 29,0
PUNJAB,069,LAYYAH DISTRICT,LAYYAH DISTRICT,TOTAL,TRANSGENDER,STUDENT,30 - 34,0
PUNJAB,069,LAYYAH DISTRICT,LAYYAH DISTRICT,TOTAL,TRANSGENDER,STUDENT,35 - 39,0
PUNJAB,069,LAYYAH DISTRICT,LAYYAH DISTRICT,TOTAL,TRANSGENDER,STUDENT,40 - 44,0
PUNJAB,069,LAYYAH DISTRICT,LAYYAH DISTRICT,TOTAL,TRANSGENDER,STUDENT,45 - 49,0
PUNJAB,069,LAYYAH DISTRICT,LAYYAH DISTRICT,TOTAL,TRANSGENDER,STUDENT,50 - 54,0
PUNJAB,069,LAYYAH DISTRICT,LAYYAH DISTRICT,TOTAL,TRANSGENDER,STUDENT,55 - 59,0
PUNJAB,069,LAYYAH DISTRICT,LAYYAH DISTRICT,TOTAL,TRANSGENDER,STUDENT,60 - 64,0
PUNJAB,069,LAYYAH DISTRICT,LAYYAH DISTRICT,TOTAL,TRANSGENDER,STUDENT,65 - 69,0
PUNJAB,069,LAYYAH DISTRICT,LAYYAH DISTRICT,TOTAL,TRANSGENDER,STUDENT,70 - 74,0
PUNJAB,069,LAYYAH DISTRICT,LAYYAH DISTRICT,TOTAL,TRANSGENDER,STUDENT,75 AND ABOVE,0
PUNJAB,069,LAYYAH DISTRICT,LAYYAH DISTRICT,TOTAL,TRANSGENDER,HOUSEKEEPING,10 AND ABOVE,8
PUNJAB,069,LAYYAH DISTRICT,LAYYAH DISTRICT,TOTAL,TRANSGENDER,HOUSEKEEPING,10 - 14,0
PUNJAB,069,LAYYAH DISTRICT,LAYYAH DISTRICT,TOTAL,TRANSGENDER,HOUSEKEEPING,15 - 19,1
PUNJAB,069,LAYYAH DISTRICT,LAYYAH DISTRICT,TOTAL,TRANSGENDER,HOUSEKEEPING,20 - 24,2
PUNJAB,069,LAYYAH DISTRICT,LAYYAH DISTRICT,TOTAL,TRANSGENDER,HOUSEKEEPING,25 - 29,1
PUNJAB,069,LAYYAH DISTRICT,LAYYAH DISTRICT,TOTAL,TRANSGENDER,HOUSEKEEPING,30 - 34,1
PUNJAB,069,LAYYAH DISTRICT,LAYYAH DISTRICT,TOTAL,TRANSGENDER,HOUSEKEEPING,35 - 39,0
PUNJAB,069,LAYYAH DISTRICT,LAYYAH DISTRICT,TOTAL,TRANSGENDER,HOUSEKEEPING,40 - 44,0
PUNJAB,069,LAYYAH DISTRICT,LAYYAH DISTRICT,TOTAL,TRANSGENDER,HOUSEKEEPING,45 - 49,0
PUNJAB,069,LAYYAH DISTRICT,LAYYAH DISTRICT,TOTAL,TRANSGENDER,HOUSEKEEPING,50 - 54,0
PUNJAB,069,LAYYAH DISTRICT,LAYYAH DISTRICT,TOTAL,TRANSGENDER,HOUSEKEEPING,55 - 59,0
PUNJAB,069,LAYYAH DISTRICT,LAYYAH DISTRICT,TOTAL,TRANSGENDER,HOUSEKEEPING,60 - 64,1
PUNJAB,069,LAYYAH DISTRICT,LAYYAH DISTRICT,TOTAL,TRANSGENDER,HOUSEKEEPING,65 - 69,1
PUNJAB,069,LAYYAH DISTRICT,LAYYAH DISTRICT,TOTAL,TRANSGENDER,HOUSEKEEPING,70 - 74,0
PUNJAB,069,LAYYAH DISTRICT,LAYYAH DISTRICT,TOTAL,TRANSGENDER,HOUSEKEEPING,75 AND ABOVE,1
PUNJAB,069,LAYYAH DISTRICT,LAYYAH DISTRICT,TOTAL,TRANSGENDER,OTHER,10 AND ABOVE,4
PUNJAB,069,LAYYAH DISTRICT,LAYYAH DISTRICT,TOTAL,TRANSGENDER,OTHER,10 - 14,0
PUNJAB,069,LAYYAH DISTRICT,LAYYAH DISTRICT,TOTAL,TRANSGENDER,OTHER,15 - 19,1
PUNJAB,069,LAYYAH DISTRICT,LAYYAH DISTRICT,TOTAL,TRANSGENDER,OTHER,20 - 24,2
PUNJAB,069,LAYYAH DISTRICT,LAYYAH DISTRICT,TOTAL,TRANSGENDER,OTHER,25 - 29,0
PUNJAB,069,LAYYAH DISTRICT,LAYYAH DISTRICT,TOTAL,TRANSGENDER,OTHER,30 - 34,0
PUNJAB,069,LAYYAH DISTRICT,LAYYAH DISTRICT,TOTAL,TRANSGENDER,OTHER,35 - 39,0
PUNJAB,069,LAYYAH DISTRICT,LAYYAH DISTRICT,TOTAL,TRANSGENDER,OTHER,40 - 44,0
PUNJAB,069,LAYYAH DISTRICT,LAYYAH DISTRICT,TOTAL,TRANSGENDER,OTHER,45 - 49,0
PUNJAB,069,LAYYAH DISTRICT,LAYYAH DISTRICT,TOTAL,TRANSGENDER,OTHER,50 - 54,0
PUNJAB,069,LAYYAH DISTRICT,LAYYAH DISTRICT,TOTAL,TRANSGENDER,OTHER,55 - 59,0
PUNJAB,069,LAYYAH DISTRICT,LAYYAH DISTRICT,TOTAL,TRANSGENDER,OTHER,60 - 64,0
PUNJAB,069,LAYYAH DISTRICT,LAYYAH DISTRICT,TOTAL,TRANSGENDER,OTHER,65 - 69,0
PUNJAB,069,LAYYAH DISTRICT,LAYYAH DISTRICT,TOTAL,TRANSGENDER,OTHER,70 - 74,0
PUNJAB,069,LAYYAH DISTRICT,LAYYAH DISTRICT,TOTAL,TRANSGENDER,OTHER,75 AND ABOVE,1
PUNJAB,069,LAYYAH DISTRICT,LAYYAH DISTRICT,RURAL,ALL SEXES,TOTAL POPULATION,10 AND ABOVE,9003
PUNJAB,069,LAYYAH DISTRICT,LAYYAH DISTRICT,RURAL,ALL SEXES,TOTAL POPULATION,10 - 14,1583
PUNJAB,069,LAYYAH DISTRICT,LAYYAH DISTRICT,RURAL,ALL SEXES,TOTAL POPULATION,15 - 19,1395
PUNJAB,069,LAYYAH DISTRICT,LAYYAH DISTRICT,RURAL,ALL SEXES,TOTAL POPULATION,20 - 24,1152
PUNJAB,069,LAYYAH DISTRICT,LAYYAH DISTRICT,RURAL,ALL SEXES,TOTAL POPULATION,25 - 29,930
PUNJAB,069,LAYYAH DISTRICT,LAYYAH DISTRICT,RURAL,ALL SEXES,TOTAL POPULATION,30 - 34,673
PUNJAB,069,LAYYAH DISTRICT,LAYYAH DISTRICT,RURAL,ALL SEXES,TOTAL POPULATION,35 - 39,623
PUNJAB,069,LAYYAH DISTRICT,LAYYAH DISTRICT,RURAL,ALL SEXES,TOTAL POPULATION,40 - 44,499
PUNJAB,069,LAYYAH DISTRICT,LAYYAH DISTRICT,RURAL,ALL SEXES,TOTAL POPULATION,45 - 49,426
PUNJAB,069,LAYYAH DISTRICT,LAYYAH DISTRICT,RURAL,ALL SEXES,TOTAL POPULATION,50 - 54,416
PUNJAB,069,LAYYAH DISTRICT,LAYYAH DISTRICT,RURAL,ALL SEXES,TOTAL POPULATION,55 - 59,288
PUNJAB,069,LAYYAH DISTRICT,LAYYAH DISTRICT,RURAL,ALL SEXES,TOTAL POPULATION,60 - 64,271
PUNJAB,069,LAYYAH DISTRICT,LAYYAH DISTRICT,RURAL,ALL SEXES,TOTAL POPULATION,65 - 69,239
PUNJAB,069,LAYYAH DISTRICT,LAYYAH DISTRICT,RURAL,ALL SEXES,TOTAL POPULATION,70 - 74,192
PUNJAB,069,LAYYAH DISTRICT,LAYYAH DISTRICT,RURAL,ALL SEXES,TOTAL POPULATION,75 AND ABOVE,316
PUNJAB,069,LAYYAH DISTRICT,LAYYAH DISTRICT,RURAL,ALL SEXES,WORKING,10 AND ABOVE,2645
PUNJAB,069,LAYYAH DISTRICT,LAYYAH DISTRICT,RURAL,ALL SEXES,WORKING,10 - 14,182
PUNJAB,069,LAYYAH DISTRICT,LAYYAH DISTRICT,RURAL,ALL SEXES,WORKING,15 - 19,254
PUNJAB,069,LAYYAH DISTRICT,LAYYAH DISTRICT,RURAL,ALL SEXES,WORKING,20 - 24,329
PUNJAB,069,LAYYAH DISTRICT,LAYYAH DISTRICT,RURAL,ALL SEXES,WORKING,25 - 29,324
PUNJAB,069,LAYYAH DISTRICT,LAYYAH DISTRICT,RURAL,ALL SEXES,WORKING,30 - 34,243
PUNJAB,069,LAYYAH DISTRICT,LAYYAH DISTRICT,RURAL,ALL SEXES,WORKING,35 - 39,249
PUNJAB,069,LAYYAH DISTRICT,LAYYAH DISTRICT,RURAL,ALL SEXES,WORKING,40 - 44,216
PUNJAB,069,LAYYAH DISTRICT,LAYYAH DISTRICT,RURAL,ALL SEXES,WORKING,45 - 49,168
PUNJAB,069,LAYYAH DISTRICT,LAYYAH DISTRICT,RURAL,ALL SEXES,WORKING,50 - 54,187
PUNJAB,069,LAYYAH DISTRICT,LAYYAH DISTRICT,RURAL,ALL SEXES,WORKING,55 - 59,129
PUNJAB,069,LAYYAH DISTRICT,LAYYAH DISTRICT,RURAL,ALL SEXES,WORKING,60 - 64,120
PUNJAB,069,LAYYAH DISTRICT,LAYYAH DISTRICT,RURAL,ALL SEXES,WORKING,65 - 69,95
PUNJAB,069,LAYYAH DISTRICT,LAYYAH DISTRICT,RURAL,ALL SEXES,WORKING,70 - 74,55
PUNJAB,069,LAYYAH DISTRICT,LAYYAH DISTRICT,RURAL,ALL SEXES,WORKING,75 AND ABOVE,94
PUNJAB,069,LAYYAH DISTRICT,LAYYAH DISTRICT,RURAL,ALL SEXES,SEEKING WORK,10 AND ABOVE,299
PUNJAB,069,LAYYAH DISTRICT,LAYYAH DISTRICT,RURAL,ALL SEXES,SEEKING WORK,10 - 14,52
PUNJAB,069,LAYYAH DISTRICT,LAYYAH DISTRICT,RURAL,ALL SEXES,SEEKING WORK,15 - 19,85
PUNJAB,069,LAYYAH DISTRICT,LAYYAH DISTRICT,RURAL,ALL SEXES,SEEKING WORK,20 - 24,45
PUNJAB,069,LAYYAH DISTRICT,LAYYAH DISTRICT,RURAL,ALL SEXES,SEEKING WORK,25 - 29,42
PUNJAB,069,LAYYAH DISTRICT,LAYYAH DISTRICT,RURAL,ALL SEXES,SEEKING WORK,30 - 34,15
PUNJAB,069,LAYYAH DISTRICT,LAYYAH DISTRICT,RURAL,ALL SEXES,SEEKING WORK,35 - 39,19
PUNJAB,069,LAYYAH DISTRICT,LAYYAH DISTRICT,RURAL,ALL SEXES,SEEKING WORK,40 - 44,8
PUNJAB,069,LAYYAH DISTRICT,LAYYAH DISTRICT,RURAL,ALL SEXES,SEEKING WORK,45 - 49,8
PUNJAB,069,LAYYAH DISTRICT,LAYYAH DISTRICT,RURAL,ALL SEXES,SEEKING WORK,50 - 54,8
PUNJAB,069,LAYYAH DISTRICT,LAYYAH DISTRICT,RURAL,ALL SEXES,SEEKING WORK,55 - 59,5
PUNJAB,069,LAYYAH DISTRICT,LAYYAH DISTRICT,RURAL,ALL SEXES,SEEKING WORK,60 - 64,4
PUNJAB,069,LAYYAH DISTRICT,LAYYAH DISTRICT,RURAL,ALL SEXES,SEEKING WORK,65 - 69,6
PUNJAB,069,LAYYAH DISTRICT,LAYYAH DISTRICT,RURAL,ALL SEXES,SEEKING WORK,70 - 74,0
PUNJAB,069,LAYYAH DISTRICT,LAYYAH DISTRICT,RURAL,ALL SEXES,SEEKING WORK,75 AND ABOVE,2
PUNJAB,069,LAYYAH DISTRICT,LAYYAH DISTRICT,RURAL,ALL SEXES,STUDENT,10 AND ABOVE,788
PUNJAB,069,LAYYAH DISTRICT,LAYYAH DISTRICT,RURAL,ALL SEXES,STUDENT,10 - 14,487
PUNJAB,069,LAYYAH DISTRICT,LAYYAH DISTRICT,RURAL,ALL SEXES,STUDENT,15 - 19,217
PUNJAB,069,LAYYAH DISTRICT,LAYYAH DISTRICT,RURAL,ALL SEXES,STUDENT,20 - 24,56
PUNJAB,069,LAYYAH DISTRICT,LAYYAH DISTRICT,RURAL,ALL SEXES,STUDENT,25 - 29,23
PUNJAB,069,LAYYAH DISTRICT,LAYYAH DISTRICT,RURAL,ALL SEXES,STUDENT,30 - 34,3
PUNJAB,069,LAYYAH DISTRICT,LAYYAH DISTRICT,RURAL,ALL SEXES,STUDENT,35 - 39,2
PUNJAB,069,LAYYAH DISTRICT,LAYYAH DISTRICT,RURAL,ALL SEXES,STUDENT,40 - 44,0
PUNJAB,069,LAYYAH DISTRICT,LAYYAH DISTRICT,RURAL,ALL SEXES,STUDENT,45 - 49,0
PUNJAB,069,LAYYAH DISTRICT,LAYYAH DISTRICT,RURAL,ALL SEXES,STUDENT,50 - 54,0
PUNJAB,069,LAYYAH DISTRICT,LAYYAH DISTRICT,RURAL,ALL SEXES,STUDENT,55 - 59,0
PUNJAB,069,LAYYAH DISTRICT,LAYYAH DISTRICT,RURAL,ALL SEXES,STUDENT,60 - 64,0
PUNJAB,069,LAYYAH DISTRICT,LAYYAH DISTRICT,RURAL,ALL SEXES,STUDENT,65 - 69,0
PUNJAB,069,LAYYAH DISTRICT,LAYYAH DISTRICT,RURAL,ALL SEXES,STUDENT,70 - 74,0
PUNJAB,069,LAYYAH DISTRICT,LAYYAH DISTRICT,RURAL,ALL SEXES,STUDENT,75 AND ABOVE,0
PUNJAB,069,LAYYAH DISTRICT,LAYYAH DISTRICT,RURAL,ALL SEXES,HOUSEKEEPING,10 AND ABOVE,2786
PUNJAB,069,LAYYAH DISTRICT,LAYYAH DISTRICT,RURAL,ALL SEXES,HOUSEKEEPING,10 - 14,444
PUNJAB,069,LAYYAH DISTRICT,LAYYAH DISTRICT,RURAL,ALL SEXES,HOUSEKEEPING,15 - 19,463
PUNJAB,069,LAYYAH DISTRICT,LAYYAH DISTRICT,RURAL,ALL SEXES,HOUSEKEEPING,20 - 24,386
PUNJAB,069,LAYYAH DISTRICT,LAYYAH DISTRICT,RURAL,ALL SEXES,HOUSEKEEPING,25 - 29,318
PUNJAB,069,LAYYAH DISTRICT,LAYYAH DISTRICT,RURAL,ALL SEXES,HOUSEKEEPING,30 - 34,228
PUNJAB,069,LAYYAH DISTRICT,LAYYAH DISTRICT,RURAL,ALL SEXES,HOUSEKEEPING,35 - 39,207
PUNJAB,069,LAYYAH DISTRICT,LAYYAH DISTRICT,RURAL,ALL SEXES,HOUSEKEEPING,40 - 44,157
PUNJAB,069,LAYYAH DISTRICT,LAYYAH DISTRICT,RURAL,ALL SEXES,HOUSEKEEPING,45 - 49,130
PUNJAB,069,LAYYAH DISTRICT,LAYYAH DISTRICT,RURAL,ALL SEXES,HOUSEKEEPING,50 - 54,108
PUNJAB,069,LAYYAH DISTRICT,LAYYAH DISTRICT,RURAL,ALL SEXES,HOUSEKEEPING,55 - 59,64
PUNJAB,069,LAYYAH DISTRICT,LAYYAH DISTRICT,RURAL,ALL SEXES,HOUSEKEEPING,60 - 64,71
PUNJAB,069,LAYYAH DISTRICT,LAYYAH DISTRICT,RURAL,ALL SEXES,HOUSEKEEPING,65 - 69,70
PUNJAB,069,LAYYAH DISTRICT,LAYYAH DISTRICT,RURAL,ALL SEXES,HOUSEKEEPING,70 - 74,56
PUNJAB,069,LAYYAH DISTRICT,LAYYAH DISTRICT,RURAL,ALL SEXES,HOUSEKEEPING,75 AND ABOVE,84
PUNJAB,069,LAYYAH DISTRICT,LAYYAH DISTRICT,RURAL,ALL SEXES,OTHER,10 AND ABOVE,2485
PUNJAB,069,LAYYAH DISTRICT,LAYYAH DISTRICT,RURAL,ALL SEXES,OTHER,10 - 14,418
PUNJAB,069,LAYYAH DISTRICT,LAYYAH DISTRICT,RURAL,ALL SEXES,OTHER,15 - 19,376
PUNJAB,069,LAYYAH DISTRICT,LAYYAH DISTRICT,RURAL,ALL SEXES,OTHER,20 - 24,336
PUNJAB,069,LAYYAH DISTRICT,LAYYAH DISTRICT,RURAL,ALL SEXES,OTHER,25 - 29,223
PUNJAB,069,LAYYAH DISTRICT,LAYYAH DISTRICT,RURAL,ALL SEXES,OTHER,30 - 34,184
PUNJAB,069,LAYYAH DISTRICT,LAYYAH DISTRICT,RURAL,ALL SEXES,OTHER,35 - 39,146
PUNJAB,069,LAYYAH DISTRICT,LAYYAH DISTRICT,RURAL,ALL SEXES,OTHER,40 - 44,118
PUNJAB,069,LAYYAH DISTRICT,LAYYAH DISTRICT,RURAL,ALL SEXES,OTHER,45 - 49,120
PUNJAB,069,LAYYAH DISTRICT,LAYYAH DISTRICT,RURAL,ALL SEXES,OTHER,50 - 54,113
PUNJAB,069,LAYYAH DISTRICT,LAYYAH DISTRICT,RURAL,ALL SEXES,OTHER,55 - 59,90
PUNJAB,069,LAYYAH DISTRICT,LAYYAH DISTRICT,RURAL,ALL SEXES,OTHER,60 - 64,76
PUNJAB,069,LAYYAH DISTRICT,LAYYAH DISTRICT,RURAL,ALL SEXES,OTHER,65 - 69,68
PUNJAB,069,LAYYAH DISTRICT,LAYYAH DISTRICT,RURAL,ALL SEXES,OTHER,70 - 74,81
PUNJAB,069,LAYYAH DISTRICT,LAYYAH DISTRICT,RURAL,ALL SEXES,OTHER,75 AND ABOVE,136
PUNJAB,069,LAYYAH DISTRICT,LAYYAH DISTRICT,RURAL,MALE,TOTAL POPULATION,10 AND ABOVE,5875
PUNJAB,069,LAYYAH DISTRICT,LAYYAH DISTRICT,RURAL,MALE,TOTAL POPULATION,10 - 14,979
PUNJAB,069,LAYYAH DISTRICT,LAYYAH DISTRICT,RURAL,MALE,TOTAL POPULATION,15 - 19,883
PUNJAB,069,LAYYAH DISTRICT,LAYYAH DISTRICT,RURAL,MALE,TOTAL POPULATION,20 - 24,738
PUNJAB,069,LAYYAH DISTRICT,LAYYAH DISTRICT,RURAL,MALE,TOTAL POPULATION,25 - 29,605
PUNJAB,069,LAYYAH DISTRICT,LAYYAH DISTRICT,RURAL,MALE,TOTAL POPULATION,30 - 34,416
PUNJAB,069,LAYYAH DISTRICT,LAYYAH DISTRICT,RURAL,MALE,TOTAL POPULATION,35 - 39,420
PUNJAB,069,LAYYAH DISTRICT,LAYYAH DISTRICT,RURAL,MALE,TOTAL POPULATION,40 - 44,341
PUNJAB,069,LAYYAH DISTRICT,LAYYAH DISTRICT,RURAL,MALE,TOTAL POPULATION,45 - 49,307
PUNJAB,069,LAYYAH DISTRICT,LAYYAH DISTRICT,RURAL,MALE,TOTAL POPULATION,50 - 54,303
PUNJAB,069,LAYYAH DISTRICT,LAYYAH DISTRICT,RURAL,MALE,TOTAL POPULATION,55 - 59,223
PUNJAB,069,LAYYAH DISTRICT,LAYYAH DISTRICT,RURAL,MALE,TOTAL POPULATION,60 - 64,200
PUNJAB,069,LAYYAH DISTRICT,LAYYAH DISTRICT,RURAL,MALE,TOTAL POPULATION,65 - 69,144
PUNJAB,069,LAYYAH DISTRICT,LAYYAH DISTRICT,RURAL,MALE,TOTAL POPULATION,70 - 74,120
PUNJAB,069,LAYYAH DISTRICT,LAYYAH DISTRICT,RURAL,MALE,TOTAL POPULATION,75 AND ABOVE,196
PUNJAB,069,LAYYAH DISTRICT,LAYYAH DISTRICT,RURAL,MALE,WORKING,10 AND ABOVE,2343
PUNJAB,069,LAYYAH DISTRICT,LAYYAH DISTRICT,RURAL,MALE,WORKING,10 - 14,140
PUNJAB,069,LAYYAH DISTRICT,LAYYAH DISTRICT,RURAL,MALE,WORKING,15 - 19,219
PUNJAB,069,LAYYAH DISTRICT,LAYYAH DISTRICT,RURAL,MALE,WORKING,20 - 24,281
PUNJAB,069,LAYYAH DISTRICT,LAYYAH DISTRICT,RURAL,MALE,WORKING,25 - 29,287
PUNJAB,069,LAYYAH DISTRICT,LAYYAH DISTRICT,RURAL,MALE,WORKING,30 - 34,219
PUNJAB,069,LAYYAH DISTRICT,LAYYAH DISTRICT,RURAL,MALE,WORKING,35 - 39,233
PUNJAB,069,LAYYAH DISTRICT,LAYYAH DISTRICT,RURAL,MALE,WORKING,40 - 44,196
PUNJAB,069,LAYYAH DISTRICT,LAYYAH DISTRICT,RURAL,MALE,WORKING,45 - 49,156
PUNJAB,069,LAYYAH DISTRICT,LAYYAH DISTRICT,RURAL,MALE,WORKING,50 - 54,173
PUNJAB,069,LAYYAH DISTRICT,LAYYAH DISTRICT,RURAL,MALE,WORKING,55 - 59,118
PUNJAB,069,LAYYAH DISTRICT,LAYYAH DISTRICT,RURAL,MALE,WORKING,60 - 64,110
PUNJAB,069,LAYYAH DISTRICT,LAYYAH DISTRICT,RURAL,MALE,WORKING,65 - 69,85
PUNJAB,069,LAYYAH DISTRICT,LAYYAH DISTRICT,RURAL,MALE,WORKING,70 - 74,47
PUNJAB,069,LAYYAH DISTRICT,LAYYAH DISTRICT,RURAL,MALE,WORKING,75 AND ABOVE,79
PUNJAB,069,LAYYAH DISTRICT,LAYYAH DISTRICT,RURAL,MALE,SEEKING WORK,10 AND ABOVE,219
PUNJAB,069,LAYYAH DISTRICT,LAYYAH DISTRICT,RURAL,MALE,SEEKING WORK,10 - 14,34
PUNJAB,069,LAYYAH DISTRICT,LAYYAH DISTRICT,RURAL,MALE,SEEKING WORK,15 - 19,60
PUNJAB,069,LAYYAH DISTRICT,LAYYAH DISTRICT,RURAL,MALE,SEEKING WORK,20 - 24,37
PUNJAB,069,LAYYAH DISTRICT,LAYYAH DISTRICT,RURAL,MALE,SEEKING WORK,25 - 29,33
PUNJAB,069,LAYYAH DISTRICT,LAYYAH DISTRICT,RURAL,MALE,SEEKING WORK,30 - 34,13
PUNJAB,069,LAYYAH DISTRICT,LAYYAH DISTRICT,RURAL,MALE,SEEKING WORK,35 - 39,14
PUNJAB,069,LAYYAH DISTRICT,LAYYAH DISTRICT,RURAL,MALE,SEEKING WORK,40 - 44,4
PUNJAB,069,LAYYAH DISTRICT,LAYYAH DISTRICT,RURAL,MALE,SEEKING WORK,45 - 49,7
PUNJAB,069,LAYYAH DISTRICT,LAYYAH DISTRICT,RURAL,MALE,SEEKING WORK,50 - 54,7
PUNJAB,069,LAYYAH DISTRICT,LAYYAH DISTRICT,RURAL,MALE,SEEKING WORK,55 - 59,4
PUNJAB,069,LAYYAH DISTRICT,LAYYAH DISTRICT,RURAL,MALE,SEEKING WORK,60 - 64,2
PUNJAB,069,LAYYAH DISTRICT,LAYYAH DISTRICT,RURAL,MALE,SEEKING WORK,65 - 69,3
PUNJAB,069,LAYYAH DISTRICT,LAYYAH DISTRICT,RURAL,MALE,SEEKING WORK,70 - 74,0
PUNJAB,069,LAYYAH DISTRICT,LAYYAH DISTRICT,RURAL,MALE,SEEKING WORK,75 AND ABOVE,1
PUNJAB,069,LAYYAH DISTRICT,LAYYAH DISTRICT,RURAL,MALE,STUDENT,10 AND ABOVE,536
PUNJAB,069,LAYYAH DISTRICT,LAYYAH DISTRICT,RURAL,MALE,STUDENT,10 - 14,324
PUNJAB,069,LAYYAH DISTRICT,LAYYAH DISTRICT,RURAL,MALE,STUDENT,15 - 19,150
PUNJAB,069,LAYYAH DISTRICT,LAYYAH DISTRICT,RURAL,MALE,STUDENT,20 - 24,44
PUNJAB,069,LAYYAH DISTRICT,LAYYAH DISTRICT,RURAL,MALE,STUDENT,25 - 29,15
PUNJAB,069,LAYYAH DISTRICT,LAYYAH DISTRICT,RURAL,MALE,STUDENT,30 - 34,2
PUNJAB,069,LAYYAH DISTRICT,LAYYAH DISTRICT,RURAL,MALE,STUDENT,35 - 39,1
PUNJAB,069,LAYYAH DISTRICT,LAYYAH DISTRICT,RURAL,MALE,STUDENT,40 - 44,0
PUNJAB,069,LAYYAH DISTRICT,LAYYAH DISTRICT,RURAL,MALE,STUDENT,45 - 49,0
PUNJAB,069,LAYYAH DISTRICT,LAYYAH DISTRICT,RURAL,MALE,STUDENT,50 - 54,0
PUNJAB,069,LAYYAH DISTRICT,LAYYAH DISTRICT,RURAL,MALE,STUDENT,55 - 59,0
PUNJAB,069,LAYYAH DISTRICT,LAYYAH DISTRICT,RURAL,MALE,STUDENT,60 - 64,0
PUNJAB,069,LAYYAH DISTRICT,LAYYAH DISTRICT,RURAL,MALE,STUDENT,65 - 69,0
PUNJAB,069,LAYYAH DISTRICT,LAYYAH DISTRICT,RURAL,MALE,STUDENT,70 - 74,0
PUNJAB,069,LAYYAH DISTRICT,LAYYAH DISTRICT,RURAL,MALE,STUDENT,75 AND ABOVE,0
PUNJAB,069,LAYYAH DISTRICT,LAYYAH DISTRICT,RURAL,MALE,HOUSEKEEPING,10 AND ABOVE,1129
PUNJAB,069,LAYYAH DISTRICT,LAYYAH DISTRICT,RURAL,MALE,HOUSEKEEPING,10 - 14,224
PUNJAB,069,LAYYAH DISTRICT,LAYYAH DISTRICT,RURAL,MALE,HOUSEKEEPING,15 - 19,211
PUNJAB,069,LAYYAH DISTRICT,LAYYAH DISTRICT,RURAL,MALE,HOUSEKEEPING,20 - 24,148
PUNJAB,069,LAYYAH DISTRICT,LAYYAH DISTRICT,RURAL,MALE,HOUSEKEEPING,25 - 29,122
PUNJAB,069,LAYYAH DISTRICT,LAYYAH DISTRICT,RURAL,MALE,HOUSEKEEPING,30 - 34,67
PUNJAB,069,LAYYAH DISTRICT,LAYYAH DISTRICT,RURAL,MALE,HOUSEKEEPING,35 - 39,80
PUNJAB,069,LAYYAH DISTRICT,LAYYAH DISTRICT,RURAL,MALE,HOUSEKEEPING,40 - 44,56
PUNJAB,069,LAYYAH DISTRICT,LAYYAH DISTRICT,RURAL,MALE,HOUSEKEEPING,45 - 49,46
PUNJAB,069,LAYYAH DISTRICT,LAYYAH DISTRICT,RURAL,MALE,HOUSEKEEPING,50 - 54,39
PUNJAB,069,LAYYAH DISTRICT,LAYYAH DISTRICT,RURAL,MALE,HOUSEKEEPING,55 - 59,29
PUNJAB,069,LAYYAH DISTRICT,LAYYAH DISTRICT,RURAL,MALE,HOUSEKEEPING,60 - 64,34
PUNJAB,069,LAYYAH DISTRICT,LAYYAH DISTRICT,RURAL,MALE,HOUSEKEEPING,65 - 69,23
PUNJAB,069,LAYYAH DISTRICT,LAYYAH DISTRICT,RURAL,MALE,HOUSEKEEPING,70 - 74,17
PUNJAB,069,LAYYAH DISTRICT,LAYYAH DISTRICT,RURAL,MALE,HOUSEKEEPING,75 AND ABOVE,33
PUNJAB,069,LAYYAH DISTRICT,LAYYAH DISTRICT,RURAL,MALE,OTHER,10 AND ABOVE,1648
PUNJAB,069,LAYYAH DISTRICT,LAYYAH DISTRICT,RURAL,MALE,OTHER,10 - 14,257
PUNJAB,069,LAYYAH DISTRICT,LAYYAH DISTRICT,RURAL,MALE,OTHER,15 - 19,243
PUNJAB,069,LAYYAH DISTRICT,LAYYAH DISTRICT,RURAL,MALE,OTHER,20 - 24,228
PUNJAB,069,LAYYAH DISTRICT,LAYYAH DISTRICT,RURAL,MALE,OTHER,25 - 29,148
PUNJAB,069,LAYYAH DISTRICT,LAYYAH DISTRICT,RURAL,MALE,OTHER,30 - 34,115
PUNJAB,069,LAYYAH DISTRICT,LAYYAH DISTRICT,RURAL,MALE,OTHER,35 - 39,92
PUNJAB,069,LAYYAH DISTRICT,LAYYAH DISTRICT,RURAL,MALE,OTHER,40 - 44,85
PUNJAB,069,LAYYAH DISTRICT,LAYYAH DISTRICT,RURAL,MALE,OTHER,45 - 49,98
PUNJAB,069,LAYYAH DISTRICT,LAYYAH DISTRICT,RURAL,MALE,OTHER,50 - 54,84
PUNJAB,069,LAYYAH DISTRICT,LAYYAH DISTRICT,RURAL,MALE,OTHER,55 - 59,72
PUNJAB,069,LAYYAH DISTRICT,LAYYAH DISTRICT,RURAL,MALE,OTHER,60 - 64,54
PUNJAB,069,LAYYAH DISTRICT,LAYYAH DISTRICT,RURAL,MALE,OTHER,65 - 69,33
PUNJAB,069,LAYYAH DISTRICT,LAYYAH DISTRICT,RURAL,MALE,OTHER,70 - 74,56
PUNJAB,069,LAYYAH DISTRICT,LAYYAH DISTRICT,RURAL,MALE,OTHER,75 AND ABOVE,83
PUNJAB,069,LAYYAH DISTRICT,LAYYAH DISTRICT,RURAL,FEMALE,TOTAL POPULATION,10 AND ABOVE,3100
PUNJAB,069,LAYYAH DISTRICT,LAYYAH DISTRICT,RURAL,FEMALE,TOTAL POPULATION,10 - 14,604
PUNJAB,069,LAYYAH DISTRICT,LAYYAH DISTRICT,RURAL,FEMALE,TOTAL POPULATION,15 - 19,501
PUNJAB,069,LAYYAH DISTRICT,LAYYAH DISTRICT,RURAL,FEMALE,TOTAL POPULATION,20 - 24,408
PUNJAB,069,LAYYAH DISTRICT,LAYYAH DISTRICT,RURAL,FEMALE,TOTAL POPULATION,25 - 29,319
PUNJAB,069,LAYYAH DISTRICT,LAYYAH DISTRICT,RURAL,FEMALE,TOTAL POPULATION,30 - 34,255
PUNJAB,069,LAYYAH DISTRICT,LAYYAH DISTRICT,RURAL,FEMALE,TOTAL POPULATION,35 - 39,203
PUNJAB,069,LAYYAH DISTRICT,LAYYAH DISTRICT,RURAL,FEMALE,TOTAL POPULATION,40 - 44,158
PUNJAB,069,LAYYAH DISTRICT,LAYYAH DISTRICT,RURAL,FEMALE,TOTAL POPULATION,45 - 49,119
PUNJAB,069,LAYYAH DISTRICT,LAYYAH DISTRICT,RURAL,FEMALE,TOTAL POPULATION,50 - 54,113
PUNJAB,069,LAYYAH DISTRICT,LAYYAH DISTRICT,RURAL,FEMALE,TOTAL POPULATION,55 - 59,65
PUNJAB,069,LAYYAH DISTRICT,LAYYAH DISTRICT,RURAL,FEMALE,TOTAL POPULATION,60 - 64,71
PUNJAB,069,LAYYAH DISTRICT,LAYYAH DISTRICT,RURAL,FEMALE,TOTAL POPULATION,65 - 69,94
PUNJAB,069,LAYYAH DISTRICT,LAYYAH DISTRICT,RURAL,FEMALE,TOTAL POPULATION,70 - 74,72
PUNJAB,069,LAYYAH DISTRICT,LAYYAH DISTRICT,RURAL,FEMALE,TOTAL POPULATION,75 AND ABOVE,118
PUNJAB,069,LAYYAH DISTRICT,LAYYAH DISTRICT,RURAL,FEMALE,WORKING,10 AND ABOVE,291
PUNJAB,069,LAYYAH DISTRICT,LAYYAH DISTRICT,RURAL,FEMALE,WORKING,10 - 14,42
PUNJAB,069,LAYYAH DISTRICT,LAYYAH DISTRICT,RURAL,FEMALE,WORKING,15 - 19,30
PUNJAB,069,LAYYAH DISTRICT,LAYYAH DISTRICT,RURAL,FEMALE,WORKING,20 - 24,46
PUNJAB,069,LAYYAH DISTRICT,LAYYAH DISTRICT,RURAL,FEMALE,WORKING,25 - 29,34
PUNJAB,069,LAYYAH DISTRICT,LAYYAH DISTRICT,RURAL,FEMALE,WORKING,30 - 34,23
PUNJAB,069,LAYYAH DISTRICT,LAYYAH DISTRICT,RURAL,FEMALE,WORKING,35 - 39,16
PUNJAB,069,LAYYAH DISTRICT,LAYYAH DISTRICT,RURAL,FEMALE,WORKING,40 - 44,20
PUNJAB,069,LAYYAH DISTRICT,LAYYAH DISTRICT,RURAL,FEMALE,WORKING,45 - 49,12
PUNJAB,069,LAYYAH DISTRICT,LAYYAH DISTRICT,RURAL,FEMALE,WORKING,50 - 54,14
PUNJAB,069,LAYYAH DISTRICT,LAYYAH DISTRICT,RURAL,FEMALE,WORKING,55 - 59,11
PUNJAB,069,LAYYAH DISTRICT,LAYYAH DISTRICT,RURAL,FEMALE,WORKING,60 - 64,10
PUNJAB,069,LAYYAH DISTRICT,LAYYAH DISTRICT,RURAL,FEMALE,WORKING,65 - 69,10
PUNJAB,069,LAYYAH DISTRICT,LAYYAH DISTRICT,RURAL,FEMALE,WORKING,70 - 74,8
PUNJAB,069,LAYYAH DISTRICT,LAYYAH DISTRICT,RURAL,FEMALE,WORKING,75 AND ABOVE,15
PUNJAB,069,LAYYAH DISTRICT,LAYYAH DISTRICT,RURAL,FEMALE,SEEKING WORK,10 AND ABOVE,76
PUNJAB,069,LAYYAH DISTRICT,LAYYAH DISTRICT,RURAL,FEMALE,SEEKING WORK,10 - 14,18
PUNJAB,069,LAYYAH DISTRICT,LAYYAH DISTRICT,RURAL,FEMALE,SEEKING WORK,15 - 19,23
PUNJAB,069,LAYYAH DISTRICT,LAYYAH DISTRICT,RURAL,FEMALE,SEEKING WORK,20 - 24,8
PUNJAB,069,LAYYAH DISTRICT,LAYYAH DISTRICT,RURAL,FEMALE,SEEKING WORK,25 - 29,7
PUNJAB,069,LAYYAH DISTRICT,LAYYAH DISTRICT,RURAL,FEMALE,SEEKING WORK,30 - 34,2
PUNJAB,069,LAYYAH DISTRICT,LAYYAH DISTRICT,RURAL,FEMALE,SEEKING WORK,35 - 39,5
PUNJAB,069,LAYYAH DISTRICT,LAYYAH DISTRICT,RURAL,FEMALE,SEEKING WORK,40 - 44,4
PUNJAB,069,LAYYAH DISTRICT,LAYYAH DISTRICT,RURAL,FEMALE,SEEKING WORK,45 - 49,1
PUNJAB,069,LAYYAH DISTRICT,LAYYAH DISTRICT,RURAL,FEMALE,SEEKING WORK,50 - 54,1
PUNJAB,069,LAYYAH DISTRICT,LAYYAH DISTRICT,RURAL,FEMALE,SEEKING WORK,55 - 59,1
PUNJAB,069,LAYYAH DISTRICT,LAYYAH DISTRICT,RURAL,FEMALE,SEEKING WORK,60 - 64,2
PUNJAB,069,LAYYAH DISTRICT,LAYYAH DISTRICT,RURAL,FEMALE,SEEKING WORK,65 - 69,3
PUNJAB,069,LAYYAH DISTRICT,LAYYAH DISTRICT,RURAL,FEMALE,SEEKING WORK,70 - 74,0
PUNJAB,069,LAYYAH DISTRICT,LAYYAH DISTRICT,RURAL,FEMALE,SEEKING WORK,75 AND ABOVE,1
PUNJAB,069,LAYYAH DISTRICT,LAYYAH DISTRICT,RURAL,FEMALE,STUDENT,10 AND ABOVE,249
PUNJAB,069,LAYYAH DISTRICT,LAYYAH DISTRICT,RURAL,FEMALE,STUDENT,10 - 14,163
PUNJAB,069,LAYYAH DISTRICT,LAYYAH DISTRICT,RURAL,FEMALE,STUDENT,15 - 19,65
PUNJAB,069,LAYYAH DISTRICT,LAYYAH DISTRICT,RURAL,FEMALE,STUDENT,20 - 24,11
PUNJAB,069,LAYYAH DISTRICT,LAYYAH DISTRICT,RURAL,FEMALE,STUDENT,25 - 29,8
PUNJAB,069,LAYYAH DISTRICT,LAYYAH DISTRICT,RURAL,FEMALE,STUDENT,30 - 34,1
PUNJAB,069,LAYYAH DISTRICT,LAYYAH DISTRICT,RURAL,FEMALE,STUDENT,35 - 39,1
PUNJAB,069,LAYYAH DISTRICT,LAYYAH DISTRICT,RURAL,FEMALE,STUDENT,40 - 44,0
PUNJAB,069,LAYYAH DISTRICT,LAYYAH DISTRICT,RURAL,FEMALE,STUDENT,45 - 49,0
PUNJAB,069,LAYYAH DISTRICT,LAYYAH DISTRICT,RURAL,FEMALE,STUDENT,50 - 54,0
PUNJAB,069,LAYYAH DISTRICT,LAYYAH DISTRICT,RURAL,FEMALE,STUDENT,55 - 59,0
PUNJAB,069,LAYYAH DISTRICT,LAYYAH DISTRICT,RURAL,FEMALE,STUDENT,60 - 64,0
PUNJAB,069,LAYYAH DISTRICT,LAYYAH DISTRICT,RURAL,FEMALE,STUDENT,65 - 69,0
PUNJAB,069,LAYYAH DISTRICT,LAYYAH DISTRICT,RURAL,FEMALE,STUDENT,70 - 74,0
PUNJAB,069,LAYYAH DISTRICT,LAYYAH DISTRICT,RURAL,FEMALE,STUDENT,75 AND ABOVE,0
PUNJAB,069,LAYYAH DISTRICT,LAYYAH DISTRICT,RURAL,FEMALE,HOUSEKEEPING,10 AND ABOVE,1650
PUNJAB,069,LAYYAH DISTRICT,LAYYAH DISTRICT,RURAL,FEMALE,HOUSEKEEPING,10 - 14,220
PUNJAB,069,LAYYAH DISTRICT,LAYYAH DISTRICT,RURAL,FEMALE,HOUSEKEEPING,15 - 19,251
PUNJAB,069,LAYYAH DISTRICT,LAYYAH DISTRICT,RURAL,FEMALE,HOUSEKEEPING,20 - 24,236
PUNJAB,069,LAYYAH DISTRICT,LAYYAH DISTRICT,RURAL,FEMALE,HOUSEKEEPING,25 - 29,195
PUNJAB,069,LAYYAH DISTRICT,LAYYAH DISTRICT,RURAL,FEMALE,HOUSEKEEPING,30 - 34,160
PUNJAB,069,LAYYAH DISTRICT,LAYYAH DISTRICT,RURAL,FEMALE,HOUSEKEEPING,35 - 39,127
PUNJAB,069,LAYYAH DISTRICT,LAYYAH DISTRICT,RURAL,FEMALE,HOUSEKEEPING,40 - 44,101
PUNJAB,069,LAYYAH DISTRICT,LAYYAH DISTRICT,RURAL,FEMALE,HOUSEKEEPING,45 - 49,84
PUNJAB,069,LAYYAH DISTRICT,LAYYAH DISTRICT,RURAL,FEMALE,HOUSEKEEPING,50 - 54,69
PUNJAB,069,LAYYAH DISTRICT,LAYYAH DISTRICT,RURAL,FEMALE,HOUSEKEEPING,55 - 59,35
PUNJAB,069,LAYYAH DISTRICT,LAYYAH DISTRICT,RURAL,FEMALE,HOUSEKEEPING,60 - 64,37
PUNJAB,069,LAYYAH DISTRICT,LAYYAH DISTRICT,RURAL,FEMALE,HOUSEKEEPING,65 - 69,46
PUNJAB,069,LAYYAH DISTRICT,LAYYAH DISTRICT,RURAL,FEMALE,HOUSEKEEPING,70 - 74,39
PUNJAB,069,LAYYAH DISTRICT,LAYYAH DISTRICT,RURAL,FEMALE,HOUSEKEEPING,75 AND ABOVE,50
PUNJAB,069,LAYYAH DISTRICT,LAYYAH DISTRICT,RURAL,FEMALE,OTHER,10 AND ABOVE,834
PUNJAB,069,LAYYAH DISTRICT,LAYYAH DISTRICT,RURAL,FEMALE,OTHER,10 - 14,161
PUNJAB,069,LAYYAH DISTRICT,LAYYAH DISTRICT,RURAL,FEMALE,OTHER,15 - 19,132
PUNJAB,069,LAYYAH DISTRICT,LAYYAH DISTRICT,RURAL,FEMALE,OTHER,20 - 24,107
PUNJAB,069,LAYYAH DISTRICT,LAYYAH DISTRICT,RURAL,FEMALE,OTHER,25 - 29,75
PUNJAB,069,LAYYAH DISTRICT,LAYYAH DISTRICT,RURAL,FEMALE,OTHER,30 - 34,69
PUNJAB,069,LAYYAH DISTRICT,LAYYAH DISTRICT,RURAL,FEMALE,OTHER,35 - 39,54
PUNJAB,069,LAYYAH DISTRICT,LAYYAH DISTRICT,RURAL,FEMALE,OTHER,40 - 44,33
PUNJAB,069,LAYYAH DISTRICT,LAYYAH DISTRICT,RURAL,FEMALE,OTHER,45 - 49,22
PUNJAB,069,LAYYAH DISTRICT,LAYYAH DISTRICT,RURAL,FEMALE,OTHER,50 - 54,29
PUNJAB,069,LAYYAH DISTRICT,LAYYAH DISTRICT,RURAL,FEMALE,OTHER,55 - 59,18
PUNJAB,069,LAYYAH DISTRICT,LAYYAH DISTRICT,RURAL,FEMALE,OTHER,60 - 64,22
PUNJAB,069,LAYYAH DISTRICT,LAYYAH DISTRICT,RURAL,FEMALE,OTHER,65 - 69,35
PUNJAB,069,LAYYAH DISTRICT,LAYYAH DISTRICT,RURAL,FEMALE,OTHER,70 - 74,25
PUNJAB,069,LAYYAH DISTRICT,LAYYAH DISTRICT,RURAL,FEMALE,OTHER,75 AND ABOVE,52
PUNJAB,069,LAYYAH DISTRICT,LAYYAH DISTRICT,RURAL,TRANSGENDER,TOTAL POPULATION,10 AND ABOVE,28
PUNJAB,069,LAYYAH DISTRICT,LAYYAH DISTRICT,RURAL,TRANSGENDER,TOTAL POPULATION,10 - 14,0
PUNJAB,069,LAYYAH DISTRICT,LAYYAH DISTRICT,RURAL,TRANSGENDER,TOTAL POPULATION,15 - 19,11
PUNJAB,069,LAYYAH DISTRICT,LAYYAH DISTRICT,RURAL,TRANSGENDER,TOTAL POPULATION,20 - 24,6
PUNJAB,069,LAYYAH DISTRICT,LAYYAH DISTRICT,RURAL,TRANSGENDER,TOTAL POPULATION,25 - 29,6
PUNJAB,069,LAYYAH DISTRICT,LAYYAH DISTRICT,RURAL,TRANSGENDER,TOTAL POPULATION,30 - 34,2
PUNJAB,069,LAYYAH DISTRICT,LAYYAH DISTRICT,RURAL,TRANSGENDER,TOTAL POPULATION,35 - 39,0
PUNJAB,069,LAYYAH DISTRICT,LAYYAH DISTRICT,RURAL,TRANSGENDER,TOTAL POPULATION,40 - 44,0
PUNJAB,069,LAYYAH DISTRICT,LAYYAH DISTRICT,RURAL,TRANSGENDER,TOTAL POPULATION,45 - 49,0
PUNJAB,069,LAYYAH DISTRICT,LAYYAH DISTRICT,RURAL,TRANSGENDER,TOTAL POPULATION,50 - 54,0
PUNJAB,069,LAYYAH DISTRICT,LAYYAH DISTRICT,RURAL,TRANSGENDER,TOTAL POPULATION,55 - 59,0
PUNJAB,069,LAYYAH DISTRICT,LAYYAH DISTRICT,RURAL,TRANSGENDER,TOTAL POPULATION,60 - 64,0
PUNJAB,069,LAYYAH DISTRICT,LAYYAH DISTRICT,RURAL,TRANSGENDER,TOTAL POPULATION,65 - 69,1
PUNJAB,069,LAYYAH DISTRICT,LAYYAH DISTRICT,RURAL,TRANSGENDER,TOTAL POPULATION,70 - 74,0
PUNJAB,069,LAYYAH DISTRICT,LAYYAH DISTRICT,RURAL,TRANSGENDER,TOTAL POPULATION,75 AND ABOVE,2
PUNJAB,069,LAYYAH DISTRICT,LAYYAH DISTRICT,RURAL,TRANSGENDER,WORKING,10 AND ABOVE,11
PUNJAB,069,LAYYAH DISTRICT,LAYYAH DISTRICT,RURAL,TRANSGENDER,WORKING,10 - 14,0
PUNJAB,069,LAYYAH DISTRICT,LAYYAH DISTRICT,RURAL,TRANSGENDER,WORKING,15 - 19,5
PUNJAB,069,LAYYAH DISTRICT,LAYYAH DISTRICT,RURAL,TRANSGENDER,WORKING,20 - 24,2
PUNJAB,069,LAYYAH DISTRICT,LAYYAH DISTRICT,RURAL,TRANSGENDER,WORKING,25 - 29,3
PUNJAB,069,LAYYAH DISTRICT,LAYYAH DISTRICT,RURAL,TRANSGENDER,WORKING,30 - 34,1
PUNJAB,069,LAYYAH DISTRICT,LAYYAH DISTRICT,RURAL,TRANSGENDER,WORKING,35 - 39,0
PUNJAB,069,LAYYAH DISTRICT,LAYYAH DISTRICT,RURAL,TRANSGENDER,WORKING,40 - 44,0
PUNJAB,069,LAYYAH DISTRICT,LAYYAH DISTRICT,RURAL,TRANSGENDER,WORKING,45 - 49,0
PUNJAB,069,LAYYAH DISTRICT,LAYYAH DISTRICT,RURAL,TRANSGENDER,WORKING,50 - 54,0
PUNJAB,069,LAYYAH DISTRICT,LAYYAH DISTRICT,RURAL,TRANSGENDER,WORKING,55 - 59,0
PUNJAB,069,LAYYAH DISTRICT,LAYYAH DISTRICT,RURAL,TRANSGENDER,WORKING,60 - 64,0
PUNJAB,069,LAYYAH DISTRICT,LAYYAH DISTRICT,RURAL,TRANSGENDER,WORKING,65 - 69,0
PUNJAB,069,LAYYAH DISTRICT,LAYYAH DISTRICT,RURAL,TRANSGENDER,WORKING,70 - 74,0
PUNJAB,069,LAYYAH DISTRICT,LAYYAH DISTRICT,RURAL,TRANSGENDER,WORKING,75 AND ABOVE,0
PUNJAB,069,LAYYAH DISTRICT,LAYYAH DISTRICT,RURAL,TRANSGENDER,SEEKING WORK,10 AND ABOVE,4
PUNJAB,069,LAYYAH DISTRICT,LAYYAH DISTRICT,RURAL,TRANSGENDER,SEEKING WORK,10 - 14,0
PUNJAB,069,LAYYAH DISTRICT,LAYYAH DISTRICT,RURAL,TRANSGENDER,SEEKING WORK,15 - 19,2
PUNJAB,069,LAYYAH DISTRICT,LAYYAH DISTRICT,RURAL,TRANSGENDER,SEEKING WORK,20 - 24,0
PUNJAB,069,LAYYAH DISTRICT,LAYYAH DISTRICT,RURAL,TRANSGENDER,SEEKING WORK,25 - 29,2
PUNJAB,069,LAYYAH DISTRICT,LAYYAH DISTRICT,RURAL,TRANSGENDER,SEEKING WORK,30 - 34,0
PUNJAB,069,LAYYAH DISTRICT,LAYYAH DISTRICT,RURAL,TRANSGENDER,SEEKING WORK,35 - 39,0
PUNJAB,069,LAYYAH DISTRICT,LAYYAH DISTRICT,RURAL,TRANSGENDER,SEEKING WORK,40 - 44,0
PUNJAB,069,LAYYAH DISTRICT,LAYYAH DISTRICT,RURAL,TRANSGENDER,SEEKING WORK,45 - 49,0
PUNJAB,069,LAYYAH DISTRICT,LAYYAH DISTRICT,RURAL,TRANSGENDER,SEEKING WORK,50 - 54,0
PUNJAB,069,LAYYAH DISTRICT,LAYYAH DISTRICT,RURAL,TRANSGENDER,SEEKING WORK,55 - 59,0
PUNJAB,069,LAYYAH DISTRICT,LAYYAH DISTRICT,RURAL,TRANSGENDER,SEEKING WORK,60 - 64,0
PUNJAB,069,LAYYAH DISTRICT,LAYYAH DISTRICT,RURAL,TRANSGENDER,SEEKING WORK,65 - 69,0
PUNJAB,069,LAYYAH DISTRICT,LAYYAH DISTRICT,RURAL,TRANSGENDER,SEEKING WORK,70 - 74,0
PUNJAB,069,LAYYAH DISTRICT,LAYYAH DISTRICT,RURAL,TRANSGENDER,SEEKING WORK,75 AND ABOVE,0
PUNJAB,069,LAYYAH DISTRICT,LAYYAH DISTRICT,RURAL,TRANSGENDER,STUDENT,10 AND ABOVE,3
PUNJAB,069,LAYYAH DISTRICT,LAYYAH DISTRICT,RURAL,TRANSGENDER,STUDENT,10 - 14,0
PUNJAB,069,LAYYAH DISTRICT,LAYYAH DISTRICT,RURAL,TRANSGENDER,STUDENT,15 - 19,2
PUNJAB,069,LAYYAH DISTRICT,LAYYAH DISTRICT,RURAL,TRANSGENDER,STUDENT,20 - 24,1
PUNJAB,069,LAYYAH DISTRICT,LAYYAH DISTRICT,RURAL,TRANSGENDER,STUDENT,25 - 29,0
PUNJAB,069,LAYYAH DISTRICT,LAYYAH DISTRICT,RURAL,TRANSGENDER,STUDENT,30 - 34,0
PUNJAB,069,LAYYAH DISTRICT,LAYYAH DISTRICT,RURAL,TRANSGENDER,STUDENT,35 - 39,0
PUNJAB,069,LAYYAH DISTRICT,LAYYAH DISTRICT,RURAL,TRANSGENDER,STUDENT,40 - 44,0
PUNJAB,069,LAYYAH DISTRICT,LAYYAH DISTRICT,RURAL,TRANSGENDER,STUDENT,45 - 49,0
PUNJAB,069,LAYYAH DISTRICT,LAYYAH DISTRICT,RURAL,TRANSGENDER,STUDENT,50 - 54,0
PUNJAB,069,LAYYAH DISTRICT,LAYYAH DISTRICT,RURAL,TRANSGENDER,STUDENT,55 - 59,0
PUNJAB,069,LAYYAH DISTRICT,LAYYAH DISTRICT,RURAL,TRANSGENDER,STUDENT,60 - 64,0
PUNJAB,069,LAYYAH DISTRICT,LAYYAH DISTRICT,RURAL,TRANSGENDER,STUDENT,65 - 69,0
PUNJAB,069,LAYYAH DISTRICT,LAYYAH DISTRICT,RURAL,TRANSGENDER,STUDENT,70 - 74,0
PUNJAB,069,LAYYAH DISTRICT,LAYYAH DISTRICT,RURAL,TRANSGENDER,STUDENT,75 AND ABOVE,0
PUNJAB,069,LAYYAH DISTRICT,LAYYAH DISTRICT,RURAL,TRANSGENDER,HOUSEKEEPING,10 AND ABOVE,7
PUNJAB,069,LAYYAH DISTRICT,LAYYAH DISTRICT,RURAL,TRANSGENDER,HOUSEKEEPING,10 - 14,0
PUNJAB,069,LAYYAH DISTRICT,LAYYAH DISTRICT,RURAL,TRANSGENDER,HOUSEKEEPING,15 - 19,1
PUNJAB,069,LAYYAH DISTRICT,LAYYAH DISTRICT,RURAL,TRANSGENDER,HOUSEKEEPING,20 - 24,2
PUNJAB,069,LAYYAH DISTRICT,LAYYAH DISTRICT,RURAL,TRANSGENDER,HOUSEKEEPING,25 - 29,1
PUNJAB,069,LAYYAH DISTRICT,LAYYAH DISTRICT,RURAL,TRANSGENDER,HOUSEKEEPING,30 - 34,1
PUNJAB,069,LAYYAH DISTRICT,LAYYAH DISTRICT,RURAL,TRANSGENDER,HOUSEKEEPING,35 - 39,0
PUNJAB,069,LAYYAH DISTRICT,LAYYAH DISTRICT,RURAL,TRANSGENDER,HOUSEKEEPING,40 - 44,0
PUNJAB,069,LAYYAH DISTRICT,LAYYAH DISTRICT,RURAL,TRANSGENDER,HOUSEKEEPING,45 - 49,0
PUNJAB,069,LAYYAH DISTRICT,LAYYAH DISTRICT,RURAL,TRANSGENDER,HOUSEKEEPING,50 - 54,0
PUNJAB,069,LAYYAH DISTRICT,LAYYAH DISTRICT,RURAL,TRANSGENDER,HOUSEKEEPING,55 - 59,0
PUNJAB,069,LAYYAH DISTRICT,LAYYAH DISTRICT,RURAL,TRANSGENDER,HOUSEKEEPING,60 - 64,0
PUNJAB,069,LAYYAH DISTRICT,LAYYAH DISTRICT,RURAL,TRANSGENDER,HOUSEKEEPING,65 - 69,1
PUNJAB,069,LAYYAH DISTRICT,LAYYAH DISTRICT,RURAL,TRANSGENDER,HOUSEKEEPING,70 - 74,0
PUNJAB,069,LAYYAH DISTRICT,LAYYAH DISTRICT,RURAL,TRANSGENDER,HOUSEKEEPING,75 AND ABOVE,1
PUNJAB,069,LAYYAH DISTRICT,LAYYAH DISTRICT,RURAL,TRANSGENDER,OTHER,10 AND ABOVE,3
PUNJAB,069,LAYYAH DISTRICT,LAYYAH DISTRICT,RURAL,TRANSGENDER,OTHER,10 - 14,0
PUNJAB,069,LAYYAH DISTRICT,LAYYAH DISTRICT,RURAL,TRANSGENDER,OTHER,15 - 19,1
PUNJAB,069,LAYYAH DISTRICT,LAYYAH DISTRICT,RURAL,TRANSGENDER,OTHER,20 - 24,1
PUNJAB,069,LAYYAH DISTRICT,LAYYAH DISTRICT,RURAL,TRANSGENDER,OTHER,25 - 29,0
PUNJAB,069,LAYYAH DISTRICT,LAYYAH DISTRICT,RURAL,TRANSGENDER,OTHER,30 - 34,0
PUNJAB,069,LAYYAH DISTRICT,LAYYAH DISTRICT,RURAL,TRANSGENDER,OTHER,35 - 39,0
PUNJAB,069,LAYYAH DISTRICT,LAYYAH DISTRICT,RURAL,TRANSGENDER,OTHER,40 - 44,0
PUNJAB,069,LAYYAH DISTRICT,LAYYAH DISTRICT,RURAL,TRANSGENDER,OTHER,45 - 49,0
PUNJAB,069,LAYYAH DISTRICT,LAYYAH DISTRICT,RURAL,TRANSGENDER,OTHER,50 - 54,0
PUNJAB,069,LAYYAH DISTRICT,LAYYAH DISTRICT,RURAL,TRANSGENDER,OTHER,55 - 59,0
PUNJAB,069,LAYYAH DISTRICT,LAYYAH DISTRICT,RURAL,TRANSGENDER,OTHER,60 - 64,0
PUNJAB,069,LAYYAH DISTRICT,LAYYAH DISTRICT,RURAL,TRANSGENDER,OTHER,65 - 69,0
PUNJAB,069,LAYYAH DISTRICT,LAYYAH DISTRICT,RURAL,TRANSGENDER,OTHER,70 - 74,0
PUNJAB,069,LAYYAH DISTRICT,LAYYAH DISTRICT,RURAL,TRANSGENDER,OTHER,75 AND ABOVE,1
PUNJAB,069,LAYYAH DISTRICT,LAYYAH DISTRICT,URBAN,ALL SEXES,TOTAL POPULATION,10 AND ABOVE,1643
PUNJAB,069,LAYYAH DISTRICT,LAYYAH DISTRICT,URBAN,ALL SEXES,TOTAL POPULATION,10 - 14,273
PUNJAB,069,LAYYAH DISTRICT,LAYYAH DISTRICT,URBAN,ALL SEXES,TOTAL POPULATION,15 - 19,267
PUNJAB,069,LAYYAH DISTRICT,LAYYAH DISTRICT,URBAN,ALL SEXES,TOTAL POPULATION,20 - 24,219
PUNJAB,069,LAYYAH DISTRICT,LAYYAH DISTRICT,URBAN,ALL SEXES,TOTAL POPULATION,25 - 29,182
PUNJAB,069,LAYYAH DISTRICT,LAYYAH DISTRICT,URBAN,ALL SEXES,TOTAL POPULATION,30 - 34,136
PUNJAB,069,LAYYAH DISTRICT,LAYYAH DISTRICT,URBAN,ALL SEXES,TOTAL POPULATION,35 - 39,108
PUNJAB,069,LAYYAH DISTRICT,LAYYAH DISTRICT,URBAN,ALL SEXES,TOTAL POPULATION,40 - 44,93
PUNJAB,069,LAYYAH DISTRICT,LAYYAH DISTRICT,URBAN,ALL SEXES,TOTAL POPULATION,45 - 49,82
PUNJAB,069,LAYYAH DISTRICT,LAYYAH DISTRICT,URBAN,ALL SEXES,TOTAL POPULATION,50 - 54,78
PUNJAB,069,LAYYAH DISTRICT,LAYYAH DISTRICT,URBAN,ALL SEXES,TOTAL POPULATION,55 - 59,65
PUNJAB,069,LAYYAH DISTRICT,LAYYAH DISTRICT,URBAN,ALL SEXES,TOTAL POPULATION,60 - 64,41
PUNJAB,069,LAYYAH DISTRICT,LAYYAH DISTRICT,URBAN,ALL SEXES,TOTAL POPULATION,65 - 69,35
PUNJAB,069,LAYYAH DISTRICT,LAYYAH DISTRICT,URBAN,ALL SEXES,TOTAL POPULATION,70 - 74,27
PUNJAB,069,LAYYAH DISTRICT,LAYYAH DISTRICT,URBAN,ALL SEXES,TOTAL POPULATION,75 AND ABOVE,37
PUNJAB,069,LAYYAH DISTRICT,LAYYAH DISTRICT,URBAN,ALL SEXES,WORKING,10 AND ABOVE,387
PUNJAB,069,LAYYAH DISTRICT,LAYYAH DISTRICT,URBAN,ALL SEXES,WORKING,10 - 14,22
PUNJAB,069,LAYYAH DISTRICT,LAYYAH DISTRICT,URBAN,ALL SEXES,WORKING,15 - 19,33
PUNJAB,069,LAYYAH DISTRICT,LAYYAH DISTRICT,URBAN,ALL SEXES,WORKING,20 - 24,47
PUNJAB,069,LAYYAH DISTRICT,LAYYAH DISTRICT,URBAN,ALL SEXES,WORKING,25 - 29,44
PUNJAB,069,LAYYAH DISTRICT,LAYYAH DISTRICT,URBAN,ALL SEXES,WORKING,30 - 34,52
PUNJAB,069,LAYYAH DISTRICT,LAYYAH DISTRICT,URBAN,ALL SEXES,WORKING,35 - 39,40
PUNJAB,069,LAYYAH DISTRICT,LAYYAH DISTRICT,URBAN,ALL SEXES,WORKING,40 - 44,33
PUNJAB,069,LAYYAH DISTRICT,LAYYAH DISTRICT,URBAN,ALL SEXES,WORKING,45 - 49,25
PUNJAB,069,LAYYAH DISTRICT,LAYYAH DISTRICT,URBAN,ALL SEXES,WORKING,50 - 54,27
PUNJAB,069,LAYYAH DISTRICT,LAYYAH DISTRICT,URBAN,ALL SEXES,WORKING,55 - 59,26
PUNJAB,069,LAYYAH DISTRICT,LAYYAH DISTRICT,URBAN,ALL SEXES,WORKING,60 - 64,10
PUNJAB,069,LAYYAH DISTRICT,LAYYAH DISTRICT,URBAN,ALL SEXES,WORKING,65 - 69,15
PUNJAB,069,LAYYAH DISTRICT,LAYYAH DISTRICT,URBAN,ALL SEXES,WORKING,70 - 74,6
PUNJAB,069,LAYYAH DISTRICT,LAYYAH DISTRICT,URBAN,ALL SEXES,WORKING,75 AND ABOVE,7
PUNJAB,069,LAYYAH DISTRICT,LAYYAH DISTRICT,URBAN,ALL SEXES,SEEKING WORK,10 AND ABOVE,118
PUNJAB,069,LAYYAH DISTRICT,LAYYAH DISTRICT,URBAN,ALL SEXES,SEEKING WORK,10 - 14,15
PUNJAB,069,LAYYAH DISTRICT,LAYYAH DISTRICT,URBAN,ALL SEXES,SEEKING WORK,15 - 19,22
PUNJAB,069,LAYYAH DISTRICT,LAYYAH DISTRICT,URBAN,ALL SEXES,SEEKING WORK,20 - 24,25
PUNJAB,069,LAYYAH DISTRICT,LAYYAH DISTRICT,URBAN,ALL SEXES,SEEKING WORK,25 - 29,17
PUNJAB,069,LAYYAH DISTRICT,LAYYAH DISTRICT,URBAN,ALL SEXES,SEEKING WORK,30 - 34,7
PUNJAB,069,LAYYAH DISTRICT,LAYYAH DISTRICT,URBAN,ALL SEXES,SEEKING WORK,35 - 39,8
PUNJAB,069,LAYYAH DISTRICT,LAYYAH DISTRICT,URBAN,ALL SEXES,SEEKING WORK,40 - 44,6
PUNJAB,069,LAYYAH DISTRICT,LAYYAH DISTRICT,URBAN,ALL SEXES,SEEKING WORK,45 - 49,5
PUNJAB,069,LAYYAH DISTRICT,LAYYAH DISTRICT,URBAN,ALL SEXES,SEEKING WORK,50 - 54,4
PUNJAB,069,LAYYAH DISTRICT,LAYYAH DISTRICT,URBAN,ALL SEXES,SEEKING WORK,55 - 59,4
PUNJAB,069,LAYYAH DISTRICT,LAYYAH DISTRICT,URBAN,ALL SEXES,SEEKING WORK,60 - 64,3
PUNJAB,069,LAYYAH DISTRICT,LAYYAH DISTRICT,URBAN,ALL SEXES,SEEKING WORK,65 - 69,1
PUNJAB,069,LAYYAH DISTRICT,LAYYAH DISTRICT,URBAN,ALL SEXES,SEEKING WORK,70 - 74,1
PUNJAB,069,LAYYAH DISTRICT,LAYYAH DISTRICT,URBAN,ALL SEXES,SEEKING WORK,75 AND ABOVE,0
PUNJAB,069,LAYYAH DISTRICT,LAYYAH DISTRICT,URBAN,ALL SEXES,STUDENT,10 AND ABOVE,210
PUNJAB,069,LAYYAH DISTRICT,LAYYAH DISTRICT,URBAN,ALL SEXES,STUDENT,10 - 14,98
PUNJAB,069,LAYYAH DISTRICT,LAYYAH DISTRICT,URBAN,ALL SEXES,STUDENT,15 - 19,81
PUNJAB,069,LAYYAH DISTRICT,LAYYAH DISTRICT,URBAN,ALL SEXES,STUDENT,20 - 24,19
PUNJAB,069,LAYYAH DISTRICT,LAYYAH DISTRICT,URBAN,ALL SEXES,STUDENT,25 - 29,8
PUNJAB,069,LAYYAH DISTRICT,LAYYAH DISTRICT,URBAN,ALL SEXES,STUDENT,30 - 34,3
PUNJAB,069,LAYYAH DISTRICT,LAYYAH DISTRICT,URBAN,ALL SEXES,STUDENT,35 - 39,1
PUNJAB,069,LAYYAH DISTRICT,LAYYAH DISTRICT,URBAN,ALL SEXES,STUDENT,40 - 44,0
PUNJAB,069,LAYYAH DISTRICT,LAYYAH DISTRICT,URBAN,ALL SEXES,STUDENT,45 - 49,0
PUNJAB,069,LAYYAH DISTRICT,LAYYAH DISTRICT,URBAN,ALL SEXES,STUDENT,50 - 54,0
PUNJAB,069,LAYYAH DISTRICT,LAYYAH DISTRICT,URBAN,ALL SEXES,STUDENT,55 - 59,0
PUNJAB,069,LAYYAH DISTRICT,LAYYAH DISTRICT,URBAN,ALL SEXES,STUDENT,60 - 64,0
PUNJAB,069,LAYYAH DISTRICT,LAYYAH DISTRICT,URBAN,ALL SEXES,STUDENT,65 - 69,0
PUNJAB,069,LAYYAH DISTRICT,LAYYAH DISTRICT,URBAN,ALL SEXES,STUDENT,70 - 74,0
PUNJAB,069,LAYYAH DISTRICT,LAYYAH DISTRICT,URBAN,ALL SEXES,STUDENT,75 AND ABOVE,0
PUNJAB,069,LAYYAH DISTRICT,LAYYAH DISTRICT,URBAN,ALL SEXES,HOUSEKEEPING,10 AND ABOVE,477
PUNJAB,069,LAYYAH DISTRICT,LAYYAH DISTRICT,URBAN,ALL SEXES,HOUSEKEEPING,10 - 14,71
PUNJAB,069,LAYYAH DISTRICT,LAYYAH DISTRICT,URBAN,ALL SEXES,HOUSEKEEPING,15 - 19,60
PUNJAB,069,LAYYAH DISTRICT,LAYYAH DISTRICT,URBAN,ALL SEXES,HOUSEKEEPING,20 - 24,74
PUNJAB,069,LAYYAH DISTRICT,LAYYAH DISTRICT,URBAN,ALL SEXES,HOUSEKEEPING,25 - 29,62
PUNJAB,069,LAYYAH DISTRICT,LAYYAH DISTRICT,URBAN,ALL SEXES,HOUSEKEEPING,30 - 34,39
PUNJAB,069,LAYYAH DISTRICT,LAYYAH DISTRICT,URBAN,ALL SEXES,HOUSEKEEPING,35 - 39,32
PUNJAB,069,LAYYAH DISTRICT,LAYYAH DISTRICT,URBAN,ALL SEXES,HOUSEKEEPING,40 - 44,29
PUNJAB,069,LAYYAH DISTRICT,LAYYAH DISTRICT,URBAN,ALL SEXES,HOUSEKEEPING,45 - 49,32
PUNJAB,069,LAYYAH DISTRICT,LAYYAH DISTRICT,URBAN,ALL SEXES,HOUSEKEEPING,50 - 54,26
PUNJAB,069,LAYYAH DISTRICT,LAYYAH DISTRICT,URBAN,ALL SEXES,HOUSEKEEPING,55 - 59,11
PUNJAB,069,LAYYAH DISTRICT,LAYYAH DISTRICT,URBAN,ALL SEXES,HOUSEKEEPING,60 - 64,18
PUNJAB,069,LAYYAH DISTRICT,LAYYAH DISTRICT,URBAN,ALL SEXES,HOUSEKEEPING,65 - 69,8
PUNJAB,069,LAYYAH DISTRICT,LAYYAH DISTRICT,URBAN,ALL SEXES,HOUSEKEEPING,70 - 74,8
PUNJAB,069,LAYYAH DISTRICT,LAYYAH DISTRICT,URBAN,ALL SEXES,HOUSEKEEPING,75 AND ABOVE,7
PUNJAB,069,LAYYAH DISTRICT,LAYYAH DISTRICT,URBAN,ALL SEXES,OTHER,10 AND ABOVE,451
PUNJAB,069,LAYYAH DISTRICT,LAYYAH DISTRICT,URBAN,ALL SEXES,OTHER,10 - 14,67
PUNJAB,069,LAYYAH DISTRICT,LAYYAH DISTRICT,URBAN,ALL SEXES,OTHER,15 - 19,71
PUNJAB,069,LAYYAH DISTRICT,LAYYAH DISTRICT,URBAN,ALL SEXES,OTHER,20 - 24,54
PUNJAB,069,LAYYAH DISTRICT,LAYYAH DISTRICT,URBAN,ALL SEXES,OTHER,25 - 29,51
PUNJAB,069,LAYYAH DISTRICT,LAYYAH DISTRICT,URBAN,ALL SEXES,OTHER,30 - 34,35
PUNJAB,069,LAYYAH DISTRICT,LAYYAH DISTRICT,URBAN,ALL SEXES,OTHER,35 - 39,27
PUNJAB,069,LAYYAH DISTRICT,LAYYAH DISTRICT,URBAN,ALL SEXES,OTHER,40 - 44,25
PUNJAB,069,LAYYAH DISTRICT,LAYYAH DISTRICT,URBAN,ALL SEXES,OTHER,45 - 49,20
PUNJAB,069,LAYYAH DISTRICT,LAYYAH DISTRICT,URBAN,ALL SEXES,OTHER,50 - 54,21
PUNJAB,069,LAYYAH DISTRICT,LAYYAH DISTRICT,URBAN,ALL SEXES,OTHER,55 - 59,24
PUNJAB,069,LAYYAH DISTRICT,LAYYAH DISTRICT,URBAN,ALL SEXES,OTHER,60 - 64,10
PUNJAB,069,LAYYAH DISTRICT,LAYYAH DISTRICT,URBAN,ALL SEXES,OTHER,65 - 69,11
PUNJAB,069,LAYYAH DISTRICT,LAYYAH DISTRICT,URBAN,ALL SEXES,OTHER,70 - 74,12
PUNJAB,069,LAYYAH DISTRICT,LAYYAH DISTRICT,URBAN,ALL SEXES,OTHER,75 AND ABOVE,23
PUNJAB,069,LAYYAH DISTRICT,LAYYAH DISTRICT,URBAN,MALE,TOTAL POPULATION,10 AND ABOVE,1058
PUNJAB,069,LAYYAH DISTRICT,LAYYAH DISTRICT,URBAN,MALE,TOTAL POPULATION,10 - 14,164
PUNJAB,069,LAYYAH DISTRICT,LAYYAH DISTRICT,URBAN,MALE,TOTAL POPULATION,15 - 19,164
PUNJAB,069,LAYYAH DISTRICT,LAYYAH DISTRICT,URBAN,MALE,TOTAL POPULATION,20 - 24,142
PUNJAB,069,LAYYAH DISTRICT,LAYYAH DISTRICT,URBAN,MALE,TOTAL POPULATION,25 - 29,109
PUNJAB,069,LAYYAH DISTRICT,LAYYAH DISTRICT,URBAN,MALE,TOTAL POPULATION,30 - 34,90
PUNJAB,069,LAYYAH DISTRICT,LAYYAH DISTRICT,URBAN,MALE,TOTAL POPULATION,35 - 39,74
PUNJAB,069,LAYYAH DISTRICT,LAYYAH DISTRICT,URBAN,MALE,TOTAL POPULATION,40 - 44,60
PUNJAB,069,LAYYAH DISTRICT,LAYYAH DISTRICT,URBAN,MALE,TOTAL POPULATION,45 - 49,58
PUNJAB,069,LAYYAH DISTRICT,LAYYAH DISTRICT,URBAN,MALE,TOTAL POPULATION,50 - 54,57
PUNJAB,069,LAYYAH DISTRICT,LAYYAH DISTRICT,URBAN,MALE,TOTAL POPULATION,55 - 59,47
PUNJAB,069,LAYYAH DISTRICT,LAYYAH DISTRICT,URBAN,MALE,TOTAL POPULATION,60 - 64,24
PUNJAB,069,LAYYAH DISTRICT,LAYYAH DISTRICT,URBAN,MALE,TOTAL POPULATION,65 - 69,26
PUNJAB,069,LAYYAH DISTRICT,LAYYAH DISTRICT,URBAN,MALE,TOTAL POPULATION,70 - 74,17
PUNJAB,069,LAYYAH DISTRICT,LAYYAH DISTRICT,URBAN,MALE,TOTAL POPULATION,75 AND ABOVE,26
PUNJAB,069,LAYYAH DISTRICT,LAYYAH DISTRICT,URBAN,MALE,WORKING,10 AND ABOVE,341
PUNJAB,069,LAYYAH DISTRICT,LAYYAH DISTRICT,URBAN,MALE,WORKING,10 - 14,20
PUNJAB,069,LAYYAH DISTRICT,LAYYAH DISTRICT,URBAN,MALE,WORKING,15 - 19,28
PUNJAB,069,LAYYAH DISTRICT,LAYYAH DISTRICT,URBAN,MALE,WORKING,20 - 24,44
PUNJAB,069,LAYYAH DISTRICT,LAYYAH DISTRICT,URBAN,MALE,WORKING,25 - 29,38
PUNJAB,069,LAYYAH DISTRICT,LAYYAH DISTRICT,URBAN,MALE,WORKING,30 - 34,44
PUNJAB,069,LAYYAH DISTRICT,LAYYAH DISTRICT,URBAN,MALE,WORKING,35 - 39,36
PUNJAB,069,LAYYAH DISTRICT,LAYYAH DISTRICT,URBAN,MALE,WORKING,40 - 44,28
PUNJAB,069,LAYYAH DISTRICT,LAYYAH DISTRICT,URBAN,MALE,WORKING,45 - 49,22
PUNJAB,069,LAYYAH DISTRICT,LAYYAH DISTRICT,URBAN,MALE,WORKING,50 - 54,25
PUNJAB,069,LAYYAH DISTRICT,LAYYAH DISTRICT,URBAN,MALE,WORKING,55 - 59,22
PUNJAB,069,LAYYAH DISTRICT,LAYYAH DISTRICT,URBAN,MALE,WORKING,60 - 64,8
PUNJAB,069,LAYYAH DISTRICT,LAYYAH DISTRICT,URBAN,MALE,WORKING,65 - 69,14
PUNJAB,069,LAYYAH DISTRICT,LAYYAH DISTRICT,URBAN,MALE,WORKING,70 - 74,5
PUNJAB,069,LAYYAH DISTRICT,LAYYAH DISTRICT,URBAN,MALE,WORKING,75 AND ABOVE,7
PUNJAB,069,LAYYAH DISTRICT,LAYYAH DISTRICT,URBAN,MALE,SEEKING WORK,10 AND ABOVE,94
PUNJAB,069,LAYYAH DISTRICT,LAYYAH DISTRICT,URBAN,MALE,SEEKING WORK,10 - 14,12
PUNJAB,069,LAYYAH DISTRICT,LAYYAH DISTRICT,URBAN,MALE,SEEKING WORK,15 - 19,16
PUNJAB,069,LAYYAH DISTRICT,LAYYAH DISTRICT,URBAN,MALE,SEEKING WORK,20 - 24,21
PUNJAB,069,LAYYAH DISTRICT,LAYYAH DISTRICT,URBAN,MALE,SEEKING WORK,25 - 29,11
PUNJAB,069,LAYYAH DISTRICT,LAYYAH DISTRICT,URBAN,MALE,SEEKING WORK,30 - 34,6
PUNJAB,069,LAYYAH DISTRICT,LAYYAH DISTRICT,URBAN,MALE,SEEKING WORK,35 - 39,7
PUNJAB,069,LAYYAH DISTRICT,LAYYAH DISTRICT,URBAN,MALE,SEEKING WORK,40 - 44,5
PUNJAB,069,LAYYAH DISTRICT,LAYYAH DISTRICT,URBAN,MALE,SEEKING WORK,45 - 49,4
PUNJAB,069,LAYYAH DISTRICT,LAYYAH DISTRICT,URBAN,MALE,SEEKING WORK,50 - 54,4
PUNJAB,069,LAYYAH DISTRICT,LAYYAH DISTRICT,URBAN,MALE,SEEKING WORK,55 - 59,3
PUNJAB,069,LAYYAH DISTRICT,LAYYAH DISTRICT,URBAN,MALE,SEEKING WORK,60 - 64,3
PUNJAB,069,LAYYAH DISTRICT,LAYYAH DISTRICT,URBAN,MALE,SEEKING WORK,65 - 69,1
PUNJAB,069,LAYYAH DISTRICT,LAYYAH DISTRICT,URBAN,MALE,SEEKING WORK,70 - 74,1
PUNJAB,069,LAYYAH DISTRICT,LAYYAH DISTRICT,URBAN,MALE,SEEKING WORK,75 AND ABOVE,0
PUNJAB,069,LAYYAH DISTRICT,LAYYAH DISTRICT,URBAN,MALE,STUDENT,10 AND ABOVE,148
PUNJAB,069,LAYYAH DISTRICT,LAYYAH DISTRICT,URBAN,MALE,STUDENT,10 - 14,67
PUNJAB,069,LAYYAH DISTRICT,LAYYAH DISTRICT,URBAN,MALE,STUDENT,15 - 19,58
PUNJAB,069,LAYYAH DISTRICT,LAYYAH DISTRICT,URBAN,MALE,STUDENT,20 - 24,15
PUNJAB,069,LAYYAH DISTRICT,LAYYAH DISTRICT,URBAN,MALE,STUDENT,25 - 29,5
PUNJAB,069,LAYYAH DISTRICT,LAYYAH DISTRICT,URBAN,MALE,STUDENT,30 - 34,3
PUNJAB,069,LAYYAH DISTRICT,LAYYAH DISTRICT,URBAN,MALE,STUDENT,35 - 39,0
PUNJAB,069,LAYYAH DISTRICT,LAYYAH DISTRICT,URBAN,MALE,STUDENT,40 - 44,0
PUNJAB,069,LAYYAH DISTRICT,LAYYAH DISTRICT,URBAN,MALE,STUDENT,45 - 49,0
PUNJAB,069,LAYYAH DISTRICT,LAYYAH DISTRICT,URBAN,MALE,STUDENT,50 - 54,0
PUNJAB,069,LAYYAH DISTRICT,LAYYAH DISTRICT,URBAN,MALE,STUDENT,55 - 59,0
PUNJAB,069,LAYYAH DISTRICT,LAYYAH DISTRICT,URBAN,MALE,STUDENT,60 - 64,0
PUNJAB,069,LAYYAH DISTRICT,LAYYAH DISTRICT,URBAN,MALE,STUDENT,65 - 69,0
PUNJAB,069,LAYYAH DISTRICT,LAYYAH DISTRICT,URBAN,MALE,STUDENT,70 - 74,0
PUNJAB,069,LAYYAH DISTRICT,LAYYAH DISTRICT,URBAN,MALE,STUDENT,75 AND ABOVE,0
PUNJAB,069,LAYYAH DISTRICT,LAYYAH DISTRICT,URBAN,MALE,HOUSEKEEPING,10 AND ABOVE,176
PUNJAB,069,LAYYAH DISTRICT,LAYYAH DISTRICT,URBAN,MALE,HOUSEKEEPING,10 - 14,32
PUNJAB,069,LAYYAH DISTRICT,LAYYAH DISTRICT,URBAN,MALE,HOUSEKEEPING,15 - 19,21
PUNJAB,069,LAYYAH DISTRICT,LAYYAH DISTRICT,URBAN,MALE,HOUSEKEEPING,20 - 24,27
PUNJAB,069,LAYYAH DISTRICT,LAYYAH DISTRICT,URBAN,MALE,HOUSEKEEPING,25 - 29,21
PUNJAB,069,LAYYAH DISTRICT,LAYYAH DISTRICT,URBAN,MALE,HOUSEKEEPING,30 - 34,13
PUNJAB,069,LAYYAH DISTRICT,LAYYAH DISTRICT,URBAN,MALE,HOUSEKEEPING,35 - 39,9
PUNJAB,069,LAYYAH DISTRICT,LAYYAH DISTRICT,URBAN,MALE,HOUSEKEEPING,40 - 44,10
PUNJAB,069,LAYYAH DISTRICT,LAYYAH DISTRICT,URBAN,MALE,HOUSEKEEPING,45 - 49,17
PUNJAB,069,LAYYAH DISTRICT,LAYYAH DISTRICT,URBAN,MALE,HOUSEKEEPING,50 - 54,13
PUNJAB,069,LAYYAH DISTRICT,LAYYAH DISTRICT,URBAN,MALE,HOUSEKEEPING,55 - 59,4
PUNJAB,069,LAYYAH DISTRICT,LAYYAH DISTRICT,URBAN,MALE,HOUSEKEEPING,60 - 64,5
PUNJAB,069,LAYYAH DISTRICT,LAYYAH DISTRICT,URBAN,MALE,HOUSEKEEPING,65 - 69,1
PUNJAB,069,LAYYAH DISTRICT,LAYYAH DISTRICT,URBAN,MALE,HOUSEKEEPING,70 - 74,2
PUNJAB,069,LAYYAH DISTRICT,LAYYAH DISTRICT,URBAN,MALE,HOUSEKEEPING,75 AND ABOVE,1
PUNJAB,069,LAYYAH DISTRICT,LAYYAH DISTRICT,URBAN,MALE,OTHER,10 AND ABOVE,299
PUNJAB,069,LAYYAH DISTRICT,LAYYAH DISTRICT,URBAN,MALE,OTHER,10 - 14,33
PUNJAB,069,LAYYAH DISTRICT,LAYYAH DISTRICT,URBAN,MALE,OTHER,15 - 19,41
PUNJAB,069,LAYYAH DISTRICT,LAYYAH DISTRICT,URBAN,MALE,OTHER,20 - 24,35
PUNJAB,069,LAYYAH DISTRICT,LAYYAH DISTRICT,URBAN,MALE,OTHER,25 - 29,34
PUNJAB,069,LAYYAH DISTRICT,LAYYAH DISTRICT,URBAN,MALE,OTHER,30 - 34,24
PUNJAB,069,LAYYAH DISTRICT,LAYYAH DISTRICT,URBAN,MALE,OTHER,35 - 39,22
PUNJAB,069,LAYYAH DISTRICT,LAYYAH DISTRICT,URBAN,MALE,OTHER,40 - 44,17
PUNJAB,069,LAYYAH DISTRICT,LAYYAH DISTRICT,URBAN,MALE,OTHER,45 - 49,15
PUNJAB,069,LAYYAH DISTRICT,LAYYAH DISTRICT,URBAN,MALE,OTHER,50 - 54,15
PUNJAB,069,LAYYAH DISTRICT,LAYYAH DISTRICT,URBAN,MALE,OTHER,55 - 59,18
PUNJAB,069,LAYYAH DISTRICT,LAYYAH DISTRICT,URBAN,MALE,OTHER,60 - 64,8
PUNJAB,069,LAYYAH DISTRICT,LAYYAH DISTRICT,URBAN,MALE,OTHER,65 - 69,10
PUNJAB,069,LAYYAH DISTRICT,LAYYAH DISTRICT,URBAN,MALE,OTHER,70 - 74,9
PUNJAB,069,LAYYAH DISTRICT,LAYYAH DISTRICT,URBAN,MALE,OTHER,75 AND ABOVE,18
PUNJAB,069,LAYYAH DISTRICT,LAYYAH DISTRICT,URBAN,FEMALE,TOTAL POPULATION,10 AND ABOVE,578
PUNJAB,069,LAYYAH DISTRICT,LAYYAH DISTRICT,URBAN,FEMALE,TOTAL POPULATION,10 - 14,109
PUNJAB,069,LAYYAH DISTRICT,LAYYAH DISTRICT,URBAN,FEMALE,TOTAL POPULATION,15 - 19,102
PUNJAB,069,LAYYAH DISTRICT,LAYYAH DISTRICT,URBAN,FEMALE,TOTAL POPULATION,20 - 24,76
PUNJAB,069,LAYYAH DISTRICT,LAYYAH DISTRICT,URBAN,FEMALE,TOTAL POPULATION,25 - 29,73
PUNJAB,069,LAYYAH DISTRICT,LAYYAH DISTRICT,URBAN,FEMALE,TOTAL POPULATION,30 - 34,45
PUNJAB,069,LAYYAH DISTRICT,LAYYAH DISTRICT,URBAN,FEMALE,TOTAL POPULATION,35 - 39,33
PUNJAB,069,LAYYAH DISTRICT,LAYYAH DISTRICT,URBAN,FEMALE,TOTAL POPULATION,40 - 44,33
PUNJAB,069,LAYYAH DISTRICT,LAYYAH DISTRICT,URBAN,FEMALE,TOTAL POPULATION,45 - 49,24
PUNJAB,069,LAYYAH DISTRICT,LAYYAH DISTRICT,URBAN,FEMALE,TOTAL POPULATION,50 - 54,21
PUNJAB,069,LAYYAH DISTRICT,LAYYAH DISTRICT,URBAN,FEMALE,TOTAL POPULATION,55 - 59,17
PUNJAB,069,LAYYAH DISTRICT,LAYYAH DISTRICT,URBAN,FEMALE,TOTAL POPULATION,60 - 64,15
PUNJAB,069,LAYYAH DISTRICT,LAYYAH DISTRICT,URBAN,FEMALE,TOTAL POPULATION,65 - 69,9
PUNJAB,069,LAYYAH DISTRICT,LAYYAH DISTRICT,URBAN,FEMALE,TOTAL POPULATION,70 - 74,10
PUNJAB,069,LAYYAH DISTRICT,LAYYAH DISTRICT,URBAN,FEMALE,TOTAL POPULATION,75 AND ABOVE,11
PUNJAB,069,LAYYAH DISTRICT,LAYYAH DISTRICT,URBAN,FEMALE,WORKING,10 AND ABOVE,42
PUNJAB,069,LAYYAH DISTRICT,LAYYAH DISTRICT,URBAN,FEMALE,WORKING,10 - 14,2
PUNJAB,069,LAYYAH DISTRICT,LAYYAH DISTRICT,URBAN,FEMALE,WORKING,15 - 19,5
PUNJAB,069,LAYYAH DISTRICT,LAYYAH DISTRICT,URBAN,FEMALE,WORKING,20 - 24,3
PUNJAB,069,LAYYAH DISTRICT,LAYYAH DISTRICT,URBAN,FEMALE,WORKING,25 - 29,6
PUNJAB,069,LAYYAH DISTRICT,LAYYAH DISTRICT,URBAN,FEMALE,WORKING,30 - 34,7
PUNJAB,069,LAYYAH DISTRICT,LAYYAH DISTRICT,URBAN,FEMALE,WORKING,35 - 39,3
PUNJAB,069,LAYYAH DISTRICT,LAYYAH DISTRICT,URBAN,FEMALE,WORKING,40 - 44,5
PUNJAB,069,LAYYAH DISTRICT,LAYYAH DISTRICT,URBAN,FEMALE,WORKING,45 - 49,3
PUNJAB,069,LAYYAH DISTRICT,LAYYAH DISTRICT,URBAN,FEMALE,WORKING,50 - 54,2
PUNJAB,069,LAYYAH DISTRICT,LAYYAH DISTRICT,URBAN,FEMALE,WORKING,55 - 59,3
PUNJAB,069,LAYYAH DISTRICT,LAYYAH DISTRICT,URBAN,FEMALE,WORKING,60 - 64,1
PUNJAB,069,LAYYAH DISTRICT,LAYYAH DISTRICT,URBAN,FEMALE,WORKING,65 - 69,1
PUNJAB,069,LAYYAH DISTRICT,LAYYAH DISTRICT,URBAN,FEMALE,WORKING,70 - 74,1
PUNJAB,069,LAYYAH DISTRICT,LAYYAH DISTRICT,URBAN,FEMALE,WORKING,75 AND ABOVE,0
PUNJAB,069,LAYYAH DISTRICT,LAYYAH DISTRICT,URBAN,FEMALE,SEEKING WORK,10 AND ABOVE,23
PUNJAB,069,LAYYAH DISTRICT,LAYYAH DISTRICT,URBAN,FEMALE,SEEKING WORK,10 - 14,3
PUNJAB,069,LAYYAH DISTRICT,LAYYAH DISTRICT,URBAN,FEMALE,SEEKING WORK,15 - 19,5
PUNJAB,069,LAYYAH DISTRICT,LAYYAH DISTRICT,URBAN,FEMALE,SEEKING WORK,20 - 24,4
PUNJAB,069,LAYYAH DISTRICT,LAYYAH DISTRICT,URBAN,FEMALE,SEEKING WORK,25 - 29,6
PUNJAB,069,LAYYAH DISTRICT,LAYYAH DISTRICT,URBAN,FEMALE,SEEKING WORK,30 - 34,1
PUNJAB,069,LAYYAH DISTRICT,LAYYAH DISTRICT,URBAN,FEMALE,SEEKING WORK,35 - 39,1
PUNJAB,069,LAYYAH DISTRICT,LAYYAH DISTRICT,URBAN,FEMALE,SEEKING WORK,40 - 44,1
PUNJAB,069,LAYYAH DISTRICT,LAYYAH DISTRICT,URBAN,FEMALE,SEEKING WORK,45 - 49,1
PUNJAB,069,LAYYAH DISTRICT,LAYYAH DISTRICT,URBAN,FEMALE,SEEKING WORK,50 - 54,0
PUNJAB,069,LAYYAH DISTRICT,LAYYAH DISTRICT,URBAN,FEMALE,SEEKING WORK,55 - 59,1
PUNJAB,069,LAYYAH DISTRICT,LAYYAH DISTRICT,URBAN,FEMALE,SEEKING WORK,60 - 64,0
PUNJAB,069,LAYYAH DISTRICT,LAYYAH DISTRICT,URBAN,FEMALE,SEEKING WORK,65 - 69,0
PUNJAB,069,LAYYAH DISTRICT,LAYYAH DISTRICT,URBAN,FEMALE,SEEKING WORK,70 - 74,0
PUNJAB,069,LAYYAH DISTRICT,LAYYAH DISTRICT,URBAN,FEMALE,SEEKING WORK,75 AND ABOVE,0
PUNJAB,069,LAYYAH DISTRICT,LAYYAH DISTRICT,URBAN,FEMALE,STUDENT,10 AND ABOVE,62
PUNJAB,069,LAYYAH DISTRICT,LAYYAH DISTRICT,URBAN,FEMALE,STUDENT,10 - 14,31
PUNJAB,069,LAYYAH DISTRICT,LAYYAH DISTRICT,URBAN,FEMALE,STUDENT,15 - 19,23
PUNJAB,069,LAYYAH DISTRICT,LAYYAH DISTRICT,URBAN,FEMALE,STUDENT,20 - 24,4
PUNJAB,069,LAYYAH DISTRICT,LAYYAH DISTRICT,URBAN,FEMALE,STUDENT,25 - 29,3
PUNJAB,069,LAYYAH DISTRICT,LAYYAH DISTRICT,URBAN,FEMALE,STUDENT,30 - 34,0
PUNJAB,069,LAYYAH DISTRICT,LAYYAH DISTRICT,URBAN,FEMALE,STUDENT,35 - 39,1
PUNJAB,069,LAYYAH DISTRICT,LAYYAH DISTRICT,URBAN,FEMALE,STUDENT,40 - 44,0
PUNJAB,069,LAYYAH DISTRICT,LAYYAH DISTRICT,URBAN,FEMALE,STUDENT,45 - 49,0
PUNJAB,069,LAYYAH DISTRICT,LAYYAH DISTRICT,URBAN,FEMALE,STUDENT,50 - 54,0
PUNJAB,069,LAYYAH DISTRICT,LAYYAH DISTRICT,URBAN,FEMALE,STUDENT,55 - 59,0
PUNJAB,069,LAYYAH DISTRICT,LAYYAH DISTRICT,URBAN,FEMALE,STUDENT,60 - 64,0
PUNJAB,069,LAYYAH DISTRICT,LAYYAH DISTRICT,URBAN,FEMALE,STUDENT,65 - 69,0
PUNJAB,069,LAYYAH DISTRICT,LAYYAH DISTRICT,URBAN,FEMALE,STUDENT,70 - 74,0
PUNJAB,069,LAYYAH DISTRICT,LAYYAH DISTRICT,URBAN,FEMALE,STUDENT,75 AND ABOVE,0
PUNJAB,069,LAYYAH DISTRICT,LAYYAH DISTRICT,URBAN,FEMALE,HOUSEKEEPING,10 AND ABOVE,300
PUNJAB,069,LAYYAH DISTRICT,LAYYAH DISTRICT,URBAN,FEMALE,HOUSEKEEPING,10 - 14,39
PUNJAB,069,LAYYAH DISTRICT,LAYYAH DISTRICT,URBAN,FEMALE,HOUSEKEEPING,15 - 19,39
PUNJAB,069,LAYYAH DISTRICT,LAYYAH DISTRICT,URBAN,FEMALE,HOUSEKEEPING,20 - 24,47
PUNJAB,069,LAYYAH DISTRICT,LAYYAH DISTRICT,URBAN,FEMALE,HOUSEKEEPING,25 - 29,41
PUNJAB,069,LAYYAH DISTRICT,LAYYAH DISTRICT,URBAN,FEMALE,HOUSEKEEPING,30 - 34,26
PUNJAB,069,LAYYAH DISTRICT,LAYYAH DISTRICT,URBAN,FEMALE,HOUSEKEEPING,35 - 39,23
PUNJAB,069,LAYYAH DISTRICT,LAYYAH DISTRICT,URBAN,FEMALE,HOUSEKEEPING,40 - 44,19
PUNJAB,069,LAYYAH DISTRICT,LAYYAH DISTRICT,URBAN,FEMALE,HOUSEKEEPING,45 - 49,15
PUNJAB,069,LAYYAH DISTRICT,LAYYAH DISTRICT,URBAN,FEMALE,HOUSEKEEPING,50 - 54,13
PUNJAB,069,LAYYAH DISTRICT,LAYYAH DISTRICT,URBAN,FEMALE,HOUSEKEEPING,55 - 59,7
PUNJAB,069,LAYYAH DISTRICT,LAYYAH DISTRICT,URBAN,FEMALE,HOUSEKEEPING,60 - 64,12
PUNJAB,069,LAYYAH DISTRICT,LAYYAH DISTRICT,URBAN,FEMALE,HOUSEKEEPING,65 - 69,7
PUNJAB,069,LAYYAH DISTRICT,LAYYAH DISTRICT,URBAN,FEMALE,HOUSEKEEPING,70 - 74,6
PUNJAB,069,LAYYAH DISTRICT,LAYYAH DISTRICT,URBAN,FEMALE,HOUSEKEEPING,75 AND ABOVE,6
PUNJAB,069,LAYYAH DISTRICT,LAYYAH DISTRICT,URBAN,FEMALE,OTHER,10 AND ABOVE,151
PUNJAB,069,LAYYAH DISTRICT,LAYYAH DISTRICT,URBAN,FEMALE,OTHER,10 - 14,34
PUNJAB,069,LAYYAH DISTRICT,LAYYAH DISTRICT,URBAN,FEMALE,OTHER,15 - 19,30
PUNJAB,069,LAYYAH DISTRICT,LAYYAH DISTRICT,URBAN,FEMALE,OTHER,20 - 24,18
PUNJAB,069,LAYYAH DISTRICT,LAYYAH DISTRICT,URBAN,FEMALE,OTHER,25 - 29,17
PUNJAB,069,LAYYAH DISTRICT,LAYYAH DISTRICT,URBAN,FEMALE,OTHER,30 - 34,11
PUNJAB,069,LAYYAH DISTRICT,LAYYAH DISTRICT,URBAN,FEMALE,OTHER,35 - 39,5
PUNJAB,069,LAYYAH DISTRICT,LAYYAH DISTRICT,URBAN,FEMALE,OTHER,40 - 44,8
PUNJAB,069,LAYYAH DISTRICT,LAYYAH DISTRICT,URBAN,FEMALE,OTHER,45 - 49,5
PUNJAB,069,LAYYAH DISTRICT,LAYYAH DISTRICT,URBAN,FEMALE,OTHER,50 - 54,6
PUNJAB,069,LAYYAH DISTRICT,LAYYAH DISTRICT,URBAN,FEMALE,OTHER,55 - 59,6
PUNJAB,069,LAYYAH DISTRICT,LAYYAH DISTRICT,URBAN,FEMALE,OTHER,60 - 64,2
PUNJAB,069,LAYYAH DISTRICT,LAYYAH DISTRICT,URBAN,FEMALE,OTHER,65 - 69,1
PUNJAB,069,LAYYAH DISTRICT,LAYYAH DISTRICT,URBAN,FEMALE,OTHER,70 - 74,3
PUNJAB,069,LAYYAH DISTRICT,LAYYAH DISTRICT,URBAN,FEMALE,OTHER,75 AND ABOVE,5
PUNJAB,069,LAYYAH DISTRICT,LAYYAH DISTRICT,URBAN,TRANSGENDER,TOTAL POPULATION,10 AND ABOVE,7
PUNJAB,069,LAYYAH DISTRICT,LAYYAH DISTRICT,URBAN,TRANSGENDER,TOTAL POPULATION,10 - 14,0
PUNJAB,069,LAYYAH DISTRICT,LAYYAH DISTRICT,URBAN,TRANSGENDER,TOTAL POPULATION,15 - 19,1
PUNJAB,069,LAYYAH DISTRICT,LAYYAH DISTRICT,URBAN,TRANSGENDER,TOTAL POPULATION,20 - 24,1
PUNJAB,069,LAYYAH DISTRICT,LAYYAH DISTRICT,URBAN,TRANSGENDER,TOTAL POPULATION,25 - 29,0
PUNJAB,069,LAYYAH DISTRICT,LAYYAH DISTRICT,URBAN,TRANSGENDER,TOTAL POPULATION,30 - 34,1
PUNJAB,069,LAYYAH DISTRICT,LAYYAH DISTRICT,URBAN,TRANSGENDER,TOTAL POPULATION,35 - 39,1
PUNJAB,069,LAYYAH DISTRICT,LAYYAH DISTRICT,URBAN,TRANSGENDER,TOTAL POPULATION,40 - 44,0
PUNJAB,069,LAYYAH DISTRICT,LAYYAH DISTRICT,URBAN,TRANSGENDER,TOTAL POPULATION,45 - 49,0
PUNJAB,069,LAYYAH DISTRICT,LAYYAH DISTRICT,URBAN,TRANSGENDER,TOTAL POPULATION,50 - 54,0
PUNJAB,069,LAYYAH DISTRICT,LAYYAH DISTRICT,URBAN,TRANSGENDER,TOTAL POPULATION,55 - 59,1
PUNJAB,069,LAYYAH DISTRICT,LAYYAH DISTRICT,URBAN,TRANSGENDER,TOTAL POPULATION,60 - 64,2
PUNJAB,069,LAYYAH DISTRICT,LAYYAH DISTRICT,URBAN,TRANSGENDER,TOTAL POPULATION,65 - 69,0
PUNJAB,069,LAYYAH DISTRICT,LAYYAH DISTRICT,URBAN,TRANSGENDER,TOTAL POPULATION,70 - 74,0
PUNJAB,069,LAYYAH DISTRICT,LAYYAH DISTRICT,URBAN,TRANSGENDER,TOTAL POPULATION,75 AND ABOVE,0
PUNJAB,069,LAYYAH DISTRICT,LAYYAH DISTRICT,URBAN,TRANSGENDER,WORKING,10 AND ABOVE,4
PUNJAB,069,LAYYAH DISTRICT,LAYYAH DISTRICT,URBAN,TRANSGENDER,WORKING,10 - 14,0
PUNJAB,069,LAYYAH DISTRICT,LAYYAH DISTRICT,URBAN,TRANSGENDER,WORKING,15 - 19,0
PUNJAB,069,LAYYAH DISTRICT,LAYYAH DISTRICT,URBAN,TRANSGENDER,WORKING,20 - 24,0
PUNJAB,069,LAYYAH DISTRICT,LAYYAH DISTRICT,URBAN,TRANSGENDER,WORKING,25 - 29,0
PUNJAB,069,LAYYAH DISTRICT,LAYYAH DISTRICT,URBAN,TRANSGENDER,WORKING,30 - 34,1
PUNJAB,069,LAYYAH DISTRICT,LAYYAH DISTRICT,URBAN,TRANSGENDER,WORKING,35 - 39,1
PUNJAB,069,LAYYAH DISTRICT,LAYYAH DISTRICT,URBAN,TRANSGENDER,WORKING,40 - 44,0
PUNJAB,069,LAYYAH DISTRICT,LAYYAH DISTRICT,URBAN,TRANSGENDER,WORKING,45 - 49,0
PUNJAB,069,LAYYAH DISTRICT,LAYYAH DISTRICT,URBAN,TRANSGENDER,WORKING,50 - 54,0
PUNJAB,069,LAYYAH DISTRICT,LAYYAH DISTRICT,URBAN,TRANSGENDER,WORKING,55 - 59,1
PUNJAB,069,LAYYAH DISTRICT,LAYYAH DISTRICT,URBAN,TRANSGENDER,WORKING,60 - 64,1
PUNJAB,069,LAYYAH DISTRICT,LAYYAH DISTRICT,URBAN,TRANSGENDER,WORKING,65 - 69,0
PUNJAB,069,LAYYAH DISTRICT,LAYYAH DISTRICT,URBAN,TRANSGENDER,WORKING,70 - 74,0
PUNJAB,069,LAYYAH DISTRICT,LAYYAH DISTRICT,URBAN,TRANSGENDER,WORKING,75 AND ABOVE,0
PUNJAB,069,LAYYAH DISTRICT,LAYYAH DISTRICT,URBAN,TRANSGENDER,SEEKING WORK,10 AND ABOVE,1
PUNJAB,069,LAYYAH DISTRICT,LAYYAH DISTRICT,URBAN,TRANSGENDER,SEEKING WORK,10 - 14,0
PUNJAB,069,LAYYAH DISTRICT,LAYYAH DISTRICT,URBAN,TRANSGENDER,SEEKING WORK,15 - 19,1
PUNJAB,069,LAYYAH DISTRICT,LAYYAH DISTRICT,URBAN,TRANSGENDER,SEEKING WORK,20 - 24,0
PUNJAB,069,LAYYAH DISTRICT,LAYYAH DISTRICT,URBAN,TRANSGENDER,SEEKING WORK,25 - 29,0
PUNJAB,069,LAYYAH DISTRICT,LAYYAH DISTRICT,URBAN,TRANSGENDER,SEEKING WORK,30 - 34,0
PUNJAB,069,LAYYAH DISTRICT,LAYYAH DISTRICT,URBAN,TRANSGENDER,SEEKING WORK,35 - 39,0
PUNJAB,069,LAYYAH DISTRICT,LAYYAH DISTRICT,URBAN,TRANSGENDER,SEEKING WORK,40 - 44,0
PUNJAB,069,LAYYAH DISTRICT,LAYYAH DISTRICT,URBAN,TRANSGENDER,SEEKING WORK,45 - 49,0
PUNJAB,069,LAYYAH DISTRICT,LAYYAH DISTRICT,URBAN,TRANSGENDER,SEEKING WORK,50 - 54,0
PUNJAB,069,LAYYAH DISTRICT,LAYYAH DISTRICT,URBAN,TRANSGENDER,SEEKING WORK,55 - 59,0
PUNJAB,069,LAYYAH DISTRICT,LAYYAH DISTRICT,URBAN,TRANSGENDER,SEEKING WORK,60 - 64,0
PUNJAB,069,LAYYAH DISTRICT,LAYYAH DISTRICT,URBAN,TRANSGENDER,SEEKING WORK,65 - 69,0
PUNJAB,069,LAYYAH DISTRICT,LAYYAH DISTRICT,URBAN,TRANSGENDER,SEEKING WORK,70 - 74,0
PUNJAB,069,LAYYAH DISTRICT,LAYYAH DISTRICT,URBAN,TRANSGENDER,SEEKING WORK,75 AND ABOVE,0
PUNJAB,069,LAYYAH DISTRICT,LAYYAH DISTRICT,URBAN,TRANSGENDER,STUDENT,10 AND ABOVE,0
PUNJAB,069,LAYYAH DISTRICT,LAYYAH DISTRICT,URBAN,TRANSGENDER,STUDENT,10 - 14,0
PUNJAB,069,LAYYAH DISTRICT,LAYYAH DISTRICT,URBAN,TRANSGENDER,STUDENT,15 - 19,0
PUNJAB,069,LAYYAH DISTRICT,LAYYAH DISTRICT,URBAN,TRANSGENDER,STUDENT,20 - 24,0
PUNJAB,069,LAYYAH DISTRICT,LAYYAH DISTRICT,URBAN,TRANSGENDER,STUDENT,25 - 29,0
PUNJAB,069,LAYYAH DISTRICT,LAYYAH DISTRICT,URBAN,TRANSGENDER,STUDENT,30 - 34,0
PUNJAB,069,LAYYAH DISTRICT,LAYYAH DISTRICT,URBAN,TRANSGENDER,STUDENT,35 - 39,0
PUNJAB,069,LAYYAH DISTRICT,LAYYAH DISTRICT,URBAN,TRANSGENDER,STUDENT,40 - 44,0
PUNJAB,069,LAYYAH DISTRICT,LAYYAH DISTRICT,URBAN,TRANSGENDER,STUDENT,45 - 49,0
PUNJAB,069,LAYYAH DISTRICT,LAYYAH DISTRICT,URBAN,TRANSGENDER,STUDENT,50 - 54,0
PUNJAB,069,LAYYAH DISTRICT,LAYYAH DISTRICT,URBAN,TRANSGENDER,STUDENT,55 - 59,0
PUNJAB,069,LAYYAH DISTRICT,LAYYAH DISTRICT,URBAN,TRANSGENDER,STUDENT,60 - 64,0
PUNJAB,069,LAYYAH DISTRICT,LAYYAH DISTRICT,URBAN,TRANSGENDER,STUDENT,65 - 69,0
PUNJAB,069,LAYYAH DISTRICT,LAYYAH DISTRICT,URBAN,TRANSGENDER,STUDENT,70 - 74,0
PUNJAB,069,LAYYAH DISTRICT,LAYYAH DISTRICT,URBAN,TRANSGENDER,STUDENT,75 AND ABOVE,0
PUNJAB,069,LAYYAH DISTRICT,LAYYAH DISTRICT,URBAN,TRANSGENDER,HOUSEKEEPING,10 AND ABOVE,1
PUNJAB,069,LAYYAH DISTRICT,LAYYAH DISTRICT,URBAN,TRANSGENDER,HOUSEKEEPING,10 - 14,0
PUNJAB,069,LAYYAH DISTRICT,LAYYAH DISTRICT,URBAN,TRANSGENDER,HOUSEKEEPING,15 - 19,0
PUNJAB,069,LAYYAH DISTRICT,LAYYAH DISTRICT,URBAN,TRANSGENDER,HOUSEKEEPING,20 - 24,0
PUNJAB,069,LAYYAH DISTRICT,LAYYAH DISTRICT,URBAN,TRANSGENDER,HOUSEKEEPING,25 - 29,0
PUNJAB,069,LAYYAH DISTRICT,LAYYAH DISTRICT,URBAN,TRANSGENDER,HOUSEKEEPING,30 - 34,0
PUNJAB,069,LAYYAH DISTRICT,LAYYAH DISTRICT,URBAN,TRANSGENDER,HOUSEKEEPING,35 - 39,0
PUNJAB,069,LAYYAH DISTRICT,LAYYAH DISTRICT,URBAN,TRANSGENDER,HOUSEKEEPING,40 - 44,0
PUNJAB,069,LAYYAH DISTRICT,LAYYAH DISTRICT,URBAN,TRANSGENDER,HOUSEKEEPING,45 - 49,0
PUNJAB,069,LAYYAH DISTRICT,LAYYAH DISTRICT,URBAN,TRANSGENDER,HOUSEKEEPING,50 - 54,0
PUNJAB,069,LAYYAH DISTRICT,LAYYAH DISTRICT,URBAN,TRANSGENDER,HOUSEKEEPING,55 - 59,0
PUNJAB,069,LAYYAH DISTRICT,LAYYAH DISTRICT,URBAN,TRANSGENDER,HOUSEKEEPING,60 - 64,1
PUNJAB,069,LAYYAH DISTRICT,LAYYAH DISTRICT,URBAN,TRANSGENDER,HOUSEKEEPING,65 - 69,0
PUNJAB,069,LAYYAH DISTRICT,LAYYAH DISTRICT,URBAN,TRANSGENDER,HOUSEKEEPING,70 - 74,0
PUNJAB,069,LAYYAH DISTRICT,LAYYAH DISTRICT,URBAN,TRANSGENDER,HOUSEKEEPING,75 AND ABOVE,0
PUNJAB,069,LAYYAH DISTRICT,LAYYAH DISTRICT,URBAN,TRANSGENDER,OTHER,10 AND ABOVE,1
PUNJAB,069,LAYYAH DISTRICT,LAYYAH DISTRICT,URBAN,TRANSGENDER,OTHER,10 - 14,0
PUNJAB,069,LAYYAH DISTRICT,LAYYAH DISTRICT,URBAN,TRANSGENDER,OTHER,15 - 19,0
PUNJAB,069,LAYYAH DISTRICT,LAYYAH DISTRICT,URBAN,TRANSGENDER,OTHER,20 - 24,1
PUNJAB,069,LAYYAH DISTRICT,LAYYAH DISTRICT,URBAN,TRANSGENDER,OTHER,25 - 29,0
PUNJAB,069,LAYYAH DISTRICT,LAYYAH DISTRICT,URBAN,TRANSGENDER,OTHER,30 - 34,0
PUNJAB,069,LAYYAH DISTRICT,LAYYAH DISTRICT,URBAN,TRANSGENDER,OTHER,35 - 39,0
PUNJAB,069,LAYYAH DISTRICT,LAYYAH DISTRICT,URBAN,TRANSGENDER,OTHER,40 - 44,0
PUNJAB,069,LAYYAH DISTRICT,LAYYAH DISTRICT,URBAN,TRANSGENDER,OTHER,45 - 49,0
PUNJAB,069,LAYYAH DISTRICT,LAYYAH DISTRICT,URBAN,TRANSGENDER,OTHER,50 - 54,0
PUNJAB,069,LAYYAH DISTRICT,LAYYAH DISTRICT,URBAN,TRANSGENDER,OTHER,55 - 59,0
PUNJAB,069,LAYYAH DISTRICT,LAYYAH DISTRICT,URBAN,TRANSGENDER,OTHER,60 - 64,0
PUNJAB,069,LAYYAH DISTRICT,LAYYAH DISTRICT,URBAN,TRANSGENDER,OTHER,65 - 69,0
PUNJAB,069,LAYYAH DISTRICT,LAYYAH DISTRICT,URBAN,TRANSGENDER,OTHER,70 - 74,0
PUNJAB,069,LAYYAH DISTRICT,LAYYAH DISTRICT,URBAN,TRANSGENDER,OTHER,75 AND ABOVE,0
