province_name,district_code,district_name,area_name,area_type,gender,cnic_status,age_group,count
PUNJAB,072,KHANEWAL DISTRICT,KHANEWAL DISTRICT,TOTAL,ALL SEXES,TOTAL POPULATION,18 AND ABOVE,1599342
PUNJAB,072,KHANEWAL DISTRICT,KHANEWAL DISTRICT,TOTAL,ALL SEXES,CNIC OBTAINED,18 AND ABOVE,1283593
PUNJAB,072,KHANEWAL DISTRICT,KHANEWAL DISTRICT,TOTAL,ALL SEXES,CNIC NOT OBTAINED,18 AND ABOVE,315749
PUNJAB,072,KHANEWAL DISTRICT,KHANEWAL DISTRICT,TOTAL,MALE,TOTAL POPULATION,18 AND ABOVE,799873
PUNJAB,072,KHANEWAL DISTRICT,KHANEWAL DISTRICT,TOTAL,MALE,CNIC OBTAINED,18 AND ABOVE,708668
PUNJAB,072,KHANEWAL DISTRICT,KHANEWAL DISTRICT,TOTAL,MALE,CNIC NOT OBTAINED,18 AND ABOVE,91205
PUNJAB,072,KHANEWAL DISTRICT,KHANEWAL DISTRICT,TOTAL,FEMALE,TOTAL POPULATION,18 AND ABOVE,799188
PUNJAB,072,KHANEWAL DISTRICT,KHANEWAL DISTRICT,TOTAL,FEMALE,CNIC OBTAINED,18 AND ABOVE,574740
PUNJAB,072,KHANEWAL DISTRICT,KHANEWAL DISTRICT,TOTAL,FEMALE,CNIC NOT OBTAINED,18 AND ABOVE,224448
PUNJAB,072,KHANEWAL DISTRICT,KHANEWAL DISTRICT,TOTAL,TRANSGENDER,TOTAL POPULATION,18 AND ABOVE,281
PUNJAB,072,KHANEWAL DISTRICT,KHANEWAL DISTRICT,TOTAL,TRANSGENDER,CNIC OBTAINED,18 AND ABOVE,185
PUNJAB,072,KHANEWAL DISTRICT,KHANEWAL DISTRICT,TOTAL,TRANSGENDER,CNIC NOT OBTAINED,18 AND ABOVE,96
PUNJAB,072,KHANEWAL DISTRICT,KHANEWAL DISTRICT,TOTAL,ALL SEXES,TOTAL POPULATION,18 - 19,116135
PUNJAB,072,KHANEWAL DISTRICT,KHANEWAL DISTRICT,TOTAL,ALL SEXES,CNIC OBTAINED,18 - 19,42365
PUNJAB,072,KHANEWAL DISTRICT,KHANEWAL DISTRICT,TOTAL,ALL SEXES,CNIC NOT OBTAINED,18 - 19,73770
PUNJAB,072,KHANEWAL DISTRICT,KHANEWAL DISTRICT,TOTAL,MALE,TOTAL POPULATION,18 - 19,58896
PUNJAB,072,KHANEWAL DISTRICT,KHANEWAL DISTRICT,TOTAL,MALE,CNIC OBTAINED,18 - 19,27411
PUNJAB,072,KHANEWAL DISTRICT,KHANEWAL DISTRICT,TOTAL,MALE,CNIC NOT OBTAINED,18 - 19,31485
PUNJAB,072,KHANEWAL DISTRICT,KHANEWAL DISTRICT,TOTAL,FEMALE,TOTAL POPULATION,18 - 19,57233
PUNJAB,072,KHANEWAL DISTRICT,KHANEWAL DISTRICT,TOTAL,FEMALE,CNIC OBTAINED,18 - 19,14950
PUNJAB,072,KHANEWAL DISTRICT,KHANEWAL DISTRICT,TOTAL,FEMALE,CNIC NOT OBTAINED,18 - 19,42283
PUNJAB,072,KHANEWAL DISTRICT,KHANEWAL DISTRICT,TOTAL,TRANSGENDER,TOTAL POPULATION,18 - 19,6
PUNJAB,072,KHANEWAL DISTRICT,KHANEWAL DISTRICT,TOTAL,TRANSGENDER,CNIC OBTAINED,18 - 19,4
PUNJAB,072,KHANEWAL DISTRICT,KHANEWAL DISTRICT,TOTAL,TRANSGENDER,CNIC NOT OBTAINED,18 - 19,2
PUNJAB,072,KHANEWAL DISTRICT,KHANEWAL DISTRICT,TOTAL,ALL SEXES,TOTAL POPULATION,20 - 24,260332
PUNJAB,072,KHANEWAL DISTRICT,KHANEWAL DISTRICT,TOTAL,ALL SEXES,CNIC OBTAINED,20 - 24,162749
PUNJAB,072,KHANEWAL DISTRICT,KHANEWAL DISTRICT,TOTAL,ALL SEXES,CNIC NOT OBTAINED,20 - 24,97583
PUNJAB,072,KHANEWAL DISTRICT,KHANEWAL DISTRICT,TOTAL,MALE,TOTAL POPULATION,20 - 24,127763
PUNJAB,072,KHANEWAL DISTRICT,KHANEWAL DISTRICT,TOTAL,MALE,CNIC OBTAINED,20 - 24,99863
PUNJAB,072,KHANEWAL DISTRICT,KHANEWAL DISTRICT,TOTAL,MALE,CNIC NOT OBTAINED,20 - 24,27900
PUNJAB,072,KHANEWAL DISTRICT,KHANEWAL DISTRICT,TOTAL,FEMALE,TOTAL POPULATION,20 - 24,132528
PUNJAB,072,KHANEWAL DISTRICT,KHANEWAL DISTRICT,TOTAL,FEMALE,CNIC OBTAINED,20 - 24,62863
PUNJAB,072,KHANEWAL DISTRICT,KHANEWAL DISTRICT,TOTAL,FEMALE,CNIC NOT OBTAINED,20 - 24,69665
PUNJAB,072,KHANEWAL DISTRICT,KHANEWAL DISTRICT,TOTAL,TRANSGENDER,TOTAL POPULATION,20 - 24,41
PUNJAB,072,KHANEWAL DISTRICT,KHANEWAL DISTRICT,TOTAL,TRANSGENDER,CNIC OBTAINED,20 - 24,23
PUNJAB,072,KHANEWAL DISTRICT,KHANEWAL DISTRICT,TOTAL,TRANSGENDER,CNIC NOT OBTAINED,20 - 24,18
PUNJAB,072,KHANEWAL DISTRICT,KHANEWAL DISTRICT,TOTAL,ALL SEXES,TOTAL POPULATION,25 - 29,228358
PUNJAB,072,KHANEWAL DISTRICT,KHANEWAL DISTRICT,TOTAL,ALL SEXES,CNIC OBTAINED,25 - 29,176747
PUNJAB,072,KHANEWAL DISTRICT,KHANEWAL DISTRICT,TOTAL,ALL SEXES,CNIC NOT OBTAINED,25 - 29,51611
PUNJAB,072,KHANEWAL DISTRICT,KHANEWAL DISTRICT,TOTAL,MALE,TOTAL POPULATION,25 - 29,110094
PUNJAB,072,KHANEWAL DISTRICT,KHANEWAL DISTRICT,TOTAL,MALE,CNIC OBTAINED,25 - 29,99683
PUNJAB,072,KHANEWAL DISTRICT,KHANEWAL DISTRICT,TOTAL,MALE,CNIC NOT OBTAINED,25 - 29,10411
PUNJAB,072,KHANEWAL DISTRICT,KHANEWAL DISTRICT,TOTAL,FEMALE,TOTAL POPULATION,25 - 29,118208
PUNJAB,072,KHANEWAL DISTRICT,KHANEWAL DISTRICT,TOTAL,FEMALE,CNIC OBTAINED,25 - 29,77033
PUNJAB,072,KHANEWAL DISTRICT,KHANEWAL DISTRICT,TOTAL,FEMALE,CNIC NOT OBTAINED,25 - 29,41175
PUNJAB,072,KHANEWAL DISTRICT,KHANEWAL DISTRICT,TOTAL,TRANSGENDER,TOTAL POPULATION,25 - 29,56
PUNJAB,072,KHANEWAL DISTRICT,KHANEWAL DISTRICT,TOTAL,TRANSGENDER,CNIC OBTAINED,25 - 29,31
PUNJAB,072,KHANEWAL DISTRICT,KHANEWAL DISTRICT,TOTAL,TRANSGENDER,CNIC NOT OBTAINED,25 - 29,25
PUNJAB,072,KHANEWAL DISTRICT,KHANEWAL DISTRICT,TOTAL,ALL SEXES,TOTAL POPULATION,30 - 34,196437
PUNJAB,072,KHANEWAL DISTRICT,KHANEWAL DISTRICT,TOTAL,ALL SEXES,CNIC OBTAINED,30 - 34,165604
PUNJAB,072,KHANEWAL DISTRICT,KHANEWAL DISTRICT,TOTAL,ALL SEXES,CNIC NOT OBTAINED,30 - 34,30833
PUNJAB,072,KHANEWAL DISTRICT,KHANEWAL DISTRICT,TOTAL,MALE,TOTAL POPULATION,30 - 34,94541
PUNJAB,072,KHANEWAL DISTRICT,KHANEWAL DISTRICT,TOTAL,MALE,CNIC OBTAINED,30 - 34,88861
PUNJAB,072,KHANEWAL DISTRICT,KHANEWAL DISTRICT,TOTAL,MALE,CNIC NOT OBTAINED,30 - 34,5680
PUNJAB,072,KHANEWAL DISTRICT,KHANEWAL DISTRICT,TOTAL,FEMALE,TOTAL POPULATION,30 - 34,101867
PUNJAB,072,KHANEWAL DISTRICT,KHANEWAL DISTRICT,TOTAL,FEMALE,CNIC OBTAINED,30 - 34,76724
PUNJAB,072,KHANEWAL DISTRICT,KHANEWAL DISTRICT,TOTAL,FEMALE,CNIC NOT OBTAINED,30 - 34,25143
PUNJAB,072,KHANEWAL DISTRICT,KHANEWAL DISTRICT,TOTAL,TRANSGENDER,TOTAL POPULATION,30 - 34,29
PUNJAB,072,KHANEWAL DISTRICT,KHANEWAL DISTRICT,TOTAL,TRANSGENDER,CNIC OBTAINED,30 - 34,19
PUNJAB,072,KHANEWAL DISTRICT,KHANEWAL DISTRICT,TOTAL,TRANSGENDER,CNIC NOT OBTAINED,30 - 34,10
PUNJAB,072,KHANEWAL DISTRICT,KHANEWAL DISTRICT,TOTAL,ALL SEXES,TOTAL POPULATION,35 - 39,181662
PUNJAB,072,KHANEWAL DISTRICT,KHANEWAL DISTRICT,TOTAL,ALL SEXES,CNIC OBTAINED,35 - 39,163159
PUNJAB,072,KHANEWAL DISTRICT,KHANEWAL DISTRICT,TOTAL,ALL SEXES,CNIC NOT OBTAINED,35 - 39,18503
PUNJAB,072,KHANEWAL DISTRICT,KHANEWAL DISTRICT,TOTAL,MALE,TOTAL POPULATION,35 - 39,90972
PUNJAB,072,KHANEWAL DISTRICT,KHANEWAL DISTRICT,TOTAL,MALE,CNIC OBTAINED,35 - 39,87032
PUNJAB,072,KHANEWAL DISTRICT,KHANEWAL DISTRICT,TOTAL,MALE,CNIC NOT OBTAINED,35 - 39,3940
PUNJAB,072,KHANEWAL DISTRICT,KHANEWAL DISTRICT,TOTAL,FEMALE,TOTAL POPULATION,35 - 39,90661
PUNJAB,072,KHANEWAL DISTRICT,KHANEWAL DISTRICT,TOTAL,FEMALE,CNIC OBTAINED,35 - 39,76106
PUNJAB,072,KHANEWAL DISTRICT,KHANEWAL DISTRICT,TOTAL,FEMALE,CNIC NOT OBTAINED,35 - 39,14555
PUNJAB,072,KHANEWAL DISTRICT,KHANEWAL DISTRICT,TOTAL,TRANSGENDER,TOTAL POPULATION,35 - 39,29
PUNJAB,072,KHANEWAL DISTRICT,KHANEWAL DISTRICT,TOTAL,TRANSGENDER,CNIC OBTAINED,35 - 39,21
PUNJAB,072,KHANEWAL DISTRICT,KHANEWAL DISTRICT,TOTAL,TRANSGENDER,CNIC NOT OBTAINED,35 - 39,8
PUNJAB,072,KHANEWAL DISTRICT,KHANEWAL DISTRICT,TOTAL,ALL SEXES,TOTAL POPULATION,40 - 44,139247
PUNJAB,072,KHANEWAL DISTRICT,KHANEWAL DISTRICT,TOTAL,ALL SEXES,CNIC OBTAINED,40 - 44,127286
PUNJAB,072,KHANEWAL DISTRICT,KHANEWAL DISTRICT,TOTAL,ALL SEXES,CNIC NOT OBTAINED,40 - 44,11961
PUNJAB,072,KHANEWAL DISTRICT,KHANEWAL DISTRICT,TOTAL,MALE,TOTAL POPULATION,40 - 44,70216
PUNJAB,072,KHANEWAL DISTRICT,KHANEWAL DISTRICT,TOTAL,MALE,CNIC OBTAINED,40 - 44,67372
PUNJAB,072,KHANEWAL DISTRICT,KHANEWAL DISTRICT,TOTAL,MALE,CNIC NOT OBTAINED,40 - 44,2844
PUNJAB,072,KHANEWAL DISTRICT,KHANEWAL DISTRICT,TOTAL,FEMALE,TOTAL POPULATION,40 - 44,69008
PUNJAB,072,KHANEWAL DISTRICT,KHANEWAL DISTRICT,TOTAL,FEMALE,CNIC OBTAINED,40 - 44,59901
PUNJAB,072,KHANEWAL DISTRICT,KHANEWAL DISTRICT,TOTAL,FEMALE,CNIC NOT OBTAINED,40 - 44,9107
PUNJAB,072,KHANEWAL DISTRICT,KHANEWAL DISTRICT,TOTAL,TRANSGENDER,TOTAL POPULATION,40 - 44,23
PUNJAB,072,KHANEWAL DISTRICT,KHANEWAL DISTRICT,TOTAL,TRANSGENDER,CNIC OBTAINED,40 - 44,13
PUNJAB,072,KHANEWAL DISTRICT,KHANEWAL DISTRICT,TOTAL,TRANSGENDER,CNIC NOT OBTAINED,40 - 44,10
PUNJAB,072,KHANEWAL DISTRICT,KHANEWAL DISTRICT,TOTAL,ALL SEXES,TOTAL POPULATION,45 - 49,115135
PUNJAB,072,KHANEWAL DISTRICT,KHANEWAL DISTRICT,TOTAL,ALL SEXES,CNIC OBTAINED,45 - 49,107879
PUNJAB,072,KHANEWAL DISTRICT,KHANEWAL DISTRICT,TOTAL,ALL SEXES,CNIC NOT OBTAINED,45 - 49,7256
PUNJAB,072,KHANEWAL DISTRICT,KHANEWAL DISTRICT,TOTAL,MALE,TOTAL POPULATION,45 - 49,58242
PUNJAB,072,KHANEWAL DISTRICT,KHANEWAL DISTRICT,TOTAL,MALE,CNIC OBTAINED,45 - 49,56435
PUNJAB,072,KHANEWAL DISTRICT,KHANEWAL DISTRICT,TOTAL,MALE,CNIC NOT OBTAINED,45 - 49,1807
PUNJAB,072,KHANEWAL DISTRICT,KHANEWAL DISTRICT,TOTAL,FEMALE,TOTAL POPULATION,45 - 49,56859
PUNJAB,072,KHANEWAL DISTRICT,KHANEWAL DISTRICT,TOTAL,FEMALE,CNIC OBTAINED,45 - 49,51419
PUNJAB,072,KHANEWAL DISTRICT,KHANEWAL DISTRICT,TOTAL,FEMALE,CNIC NOT OBTAINED,45 - 49,5440
PUNJAB,072,KHANEWAL DISTRICT,KHANEWAL DISTRICT,TOTAL,TRANSGENDER,TOTAL POPULATION,45 - 49,34
PUNJAB,072,KHANEWAL DISTRICT,KHANEWAL DISTRICT,TOTAL,TRANSGENDER,CNIC OBTAINED,45 - 49,25
PUNJAB,072,KHANEWAL DISTRICT,KHANEWAL DISTRICT,TOTAL,TRANSGENDER,CNIC NOT OBTAINED,45 - 49,9
PUNJAB,072,KHANEWAL DISTRICT,KHANEWAL DISTRICT,TOTAL,ALL SEXES,TOTAL POPULATION,50 - 54,106667
PUNJAB,072,KHANEWAL DISTRICT,KHANEWAL DISTRICT,TOTAL,ALL SEXES,CNIC OBTAINED,50 - 54,100298
PUNJAB,072,KHANEWAL DISTRICT,KHANEWAL DISTRICT,TOTAL,ALL SEXES,CNIC NOT OBTAINED,50 - 54,6369
PUNJAB,072,KHANEWAL DISTRICT,KHANEWAL DISTRICT,TOTAL,MALE,TOTAL POPULATION,50 - 54,55812
PUNJAB,072,KHANEWAL DISTRICT,KHANEWAL DISTRICT,TOTAL,MALE,CNIC OBTAINED,50 - 54,54117
PUNJAB,072,KHANEWAL DISTRICT,KHANEWAL DISTRICT,TOTAL,MALE,CNIC NOT OBTAINED,50 - 54,1695
PUNJAB,072,KHANEWAL DISTRICT,KHANEWAL DISTRICT,TOTAL,FEMALE,TOTAL POPULATION,50 - 54,50834
PUNJAB,072,KHANEWAL DISTRICT,KHANEWAL DISTRICT,TOTAL,FEMALE,CNIC OBTAINED,50 - 54,46164
PUNJAB,072,KHANEWAL DISTRICT,KHANEWAL DISTRICT,TOTAL,FEMALE,CNIC NOT OBTAINED,50 - 54,4670
PUNJAB,072,KHANEWAL DISTRICT,KHANEWAL DISTRICT,TOTAL,TRANSGENDER,TOTAL POPULATION,50 - 54,21
PUNJAB,072,KHANEWAL DISTRICT,KHANEWAL DISTRICT,TOTAL,TRANSGENDER,CNIC OBTAINED,50 - 54,17
PUNJAB,072,KHANEWAL DISTRICT,KHANEWAL DISTRICT,TOTAL,TRANSGENDER,CNIC NOT OBTAINED,50 - 54,4
PUNJAB,072,KHANEWAL DISTRICT,KHANEWAL DISTRICT,TOTAL,ALL SEXES,TOTAL POPULATION,55 - 59,76374
PUNJAB,072,KHANEWAL DISTRICT,KHANEWAL DISTRICT,TOTAL,ALL SEXES,CNIC OBTAINED,55 - 59,72346
PUNJAB,072,KHANEWAL DISTRICT,KHANEWAL DISTRICT,TOTAL,ALL SEXES,CNIC NOT OBTAINED,55 - 59,4028
PUNJAB,072,KHANEWAL DISTRICT,KHANEWAL DISTRICT,TOTAL,MALE,TOTAL POPULATION,55 - 59,40805
PUNJAB,072,KHANEWAL DISTRICT,KHANEWAL DISTRICT,TOTAL,MALE,CNIC OBTAINED,55 - 59,39613
PUNJAB,072,KHANEWAL DISTRICT,KHANEWAL DISTRICT,TOTAL,MALE,CNIC NOT OBTAINED,55 - 59,1192
PUNJAB,072,KHANEWAL DISTRICT,KHANEWAL DISTRICT,TOTAL,FEMALE,TOTAL POPULATION,55 - 59,35558
PUNJAB,072,KHANEWAL DISTRICT,KHANEWAL DISTRICT,TOTAL,FEMALE,CNIC OBTAINED,55 - 59,32725
PUNJAB,072,KHANEWAL DISTRICT,KHANEWAL DISTRICT,TOTAL,FEMALE,CNIC NOT OBTAINED,55 - 59,2833
PUNJAB,072,KHANEWAL DISTRICT,KHANEWAL DISTRICT,TOTAL,TRANSGENDER,TOTAL POPULATION,55 - 59,11
PUNJAB,072,KHANEWAL DISTRICT,KHANEWAL DISTRICT,TOTAL,TRANSGENDER,CNIC OBTAINED,55 - 59,8
PUNJAB,072,KHANEWAL DISTRICT,KHANEWAL DISTRICT,TOTAL,TRANSGENDER,CNIC NOT OBTAINED,55 - 59,3
PUNJAB,072,KHANEWAL DISTRICT,KHANEWAL DISTRICT,TOTAL,ALL SEXES,TOTAL POPULATION,60 - 64,64914
PUNJAB,072,KHANEWAL DISTRICT,KHANEWAL DISTRICT,TOTAL,ALL SEXES,CNIC OBTAINED,60 - 64,60682
PUNJAB,072,KHANEWAL DISTRICT,KHANEWAL DISTRICT,TOTAL,ALL SEXES,CNIC NOT OBTAINED,60 - 64,4232
PUNJAB,072,KHANEWAL DISTRICT,KHANEWAL DISTRICT,TOTAL,MALE,TOTAL POPULATION,60 - 64,33196
PUNJAB,072,KHANEWAL DISTRICT,KHANEWAL DISTRICT,TOTAL,MALE,CNIC OBTAINED,60 - 64,31950
PUNJAB,072,KHANEWAL DISTRICT,KHANEWAL DISTRICT,TOTAL,MALE,CNIC NOT OBTAINED,60 - 64,1246
PUNJAB,072,KHANEWAL DISTRICT,KHANEWAL DISTRICT,TOTAL,FEMALE,TOTAL POPULATION,60 - 64,31708
PUNJAB,072,KHANEWAL DISTRICT,KHANEWAL DISTRICT,TOTAL,FEMALE,CNIC OBTAINED,60 - 64,28724
PUNJAB,072,KHANEWAL DISTRICT,KHANEWAL DISTRICT,TOTAL,FEMALE,CNIC NOT OBTAINED,60 - 64,2984
PUNJAB,072,KHANEWAL DISTRICT,KHANEWAL DISTRICT,TOTAL,TRANSGENDER,TOTAL POPULATION,60 - 64,10
PUNJAB,072,KHANEWAL DISTRICT,KHANEWAL DISTRICT,TOTAL,TRANSGENDER,CNIC OBTAINED,60 - 64,8
PUNJAB,072,KHANEWAL DISTRICT,KHANEWAL DISTRICT,TOTAL,TRANSGENDER,CNIC NOT OBTAINED,60 - 64,2
PUNJAB,072,KHANEWAL DISTRICT,KHANEWAL DISTRICT,TOTAL,ALL SEXES,TOTAL POPULATION,65 - 69,44319
PUNJAB,072,KHANEWAL DISTRICT,KHANEWAL DISTRICT,TOTAL,ALL SEXES,CNIC OBTAINED,65 - 69,41556
PUNJAB,072,KHANEWAL DISTRICT,KHANEWAL DISTRICT,TOTAL,ALL SEXES,CNIC NOT OBTAINED,65 - 69,2763
PUNJAB,072,KHANEWAL DISTRICT,KHANEWAL DISTRICT,TOTAL,MALE,TOTAL POPULATION,65 - 69,23096
PUNJAB,072,KHANEWAL DISTRICT,KHANEWAL DISTRICT,TOTAL,MALE,CNIC OBTAINED,65 - 69,22277
PUNJAB,072,KHANEWAL DISTRICT,KHANEWAL DISTRICT,TOTAL,MALE,CNIC NOT OBTAINED,65 - 69,819
PUNJAB,072,KHANEWAL DISTRICT,KHANEWAL DISTRICT,TOTAL,FEMALE,TOTAL POPULATION,65 - 69,21217
PUNJAB,072,KHANEWAL DISTRICT,KHANEWAL DISTRICT,TOTAL,FEMALE,CNIC OBTAINED,65 - 69,19274
PUNJAB,072,KHANEWAL DISTRICT,KHANEWAL DISTRICT,TOTAL,FEMALE,CNIC NOT OBTAINED,65 - 69,1943
PUNJAB,072,KHANEWAL DISTRICT,KHANEWAL DISTRICT,TOTAL,TRANSGENDER,TOTAL POPULATION,65 - 69,6
PUNJAB,072,KHANEWAL DISTRICT,KHANEWAL DISTRICT,TOTAL,TRANSGENDER,CNIC OBTAINED,65 - 69,5
PUNJAB,072,KHANEWAL DISTRICT,KHANEWAL DISTRICT,TOTAL,TRANSGENDER,CNIC NOT OBTAINED,65 - 69,1
PUNJAB,072,KHANEWAL DISTRICT,KHANEWAL DISTRICT,TOTAL,ALL SEXES,TOTAL POPULATION,70 - 74,31419
PUNJAB,072,KHANEWAL DISTRICT,KHANEWAL DISTRICT,TOTAL,ALL SEXES,CNIC OBTAINED,70 - 74,28831
PUNJAB,072,KHANEWAL DISTRICT,KHANEWAL DISTRICT,TOTAL,ALL SEXES,CNIC NOT OBTAINED,70 - 74,2588
PUNJAB,072,KHANEWAL DISTRICT,KHANEWAL DISTRICT,TOTAL,MALE,TOTAL POPULATION,70 - 74,16437
PUNJAB,072,KHANEWAL DISTRICT,KHANEWAL DISTRICT,TOTAL,MALE,CNIC OBTAINED,70 - 74,15638
PUNJAB,072,KHANEWAL DISTRICT,KHANEWAL DISTRICT,TOTAL,MALE,CNIC NOT OBTAINED,70 - 74,799
PUNJAB,072,KHANEWAL DISTRICT,KHANEWAL DISTRICT,TOTAL,FEMALE,TOTAL POPULATION,70 - 74,14973
PUNJAB,072,KHANEWAL DISTRICT,KHANEWAL DISTRICT,TOTAL,FEMALE,CNIC OBTAINED,70 - 74,13187
PUNJAB,072,KHANEWAL DISTRICT,KHANEWAL DISTRICT,TOTAL,FEMALE,CNIC NOT OBTAINED,70 - 74,1786
PUNJAB,072,KHANEWAL DISTRICT,KHANEWAL DISTRICT,TOTAL,TRANSGENDER,TOTAL POPULATION,70 - 74,9
PUNJAB,072,KHANEWAL DISTRICT,KHANEWAL DISTRICT,TOTAL,TRANSGENDER,CNIC OBTAINED,70 - 74,6
PUNJAB,072,KHANEWAL DISTRICT,KHANEWAL DISTRICT,TOTAL,TRANSGENDER,CNIC NOT OBTAINED,70 - 74,3
PUNJAB,072,KHANEWAL DISTRICT,KHANEWAL DISTRICT,TOTAL,ALL SEXES,TOTAL POPULATION,75 AND ABOVE,38343
PUNJAB,072,KHANEWAL DISTRICT,KHANEWAL DISTRICT,TOTAL,ALL SEXES,CNIC OBTAINED,75 AND ABOVE,34091
PUNJAB,072,KHANEWAL DISTRICT,KHANEWAL DISTRICT,TOTAL,ALL SEXES,CNIC NOT OBTAINED,75 AND ABOVE,4252
PUNJAB,072,KHANEWAL DISTRICT,KHANEWAL DISTRICT,TOTAL,MALE,TOTAL POPULATION,75 AND ABOVE,19803
PUNJAB,072,KHANEWAL DISTRICT,KHANEWAL DISTRICT,TOTAL,MALE,CNIC OBTAINED,75 AND ABOVE,18416
PUNJAB,072,KHANEWAL DISTRICT,KHANEWAL DISTRICT,TOTAL,MALE,CNIC NOT OBTAINED,75 AND ABOVE,1387
PUNJAB,072,KHANEWAL DISTRICT,KHANEWAL DISTRICT,TOTAL,FEMALE,TOTAL POPULATION,75 AND ABOVE,18534
PUNJAB,072,KHANEWAL DISTRICT,KHANEWAL DISTRICT,TOTAL,FEMALE,CNIC OBTAINED,75 AND ABOVE,15670
PUNJAB,072,KHANEWAL DISTRICT,KHANEWAL DISTRICT,TOTAL,FEMALE,CNIC NOT OBTAINED,75 AND ABOVE,2864
PUNJAB,072,KHANEWAL DISTRICT,KHANEWAL DISTRICT,TOTAL,TRANSGENDER,TOTAL POPULATION,75 AND ABOVE,6
PUNJAB,072,KHANEWAL DISTRICT,KHANEWAL DISTRICT,TOTAL,TRANSGENDER,CNIC OBTAINED,75 AND ABOVE,5
PUNJAB,072,KHANEWAL DISTRICT,KHANEWAL DISTRICT,TOTAL,TRANSGENDER,CNIC NOT OBTAINED,75 AND ABOVE,1
PUNJAB,072,KHANEWAL DISTRICT,KHANEWAL DISTRICT,RURAL,ALL SEXES,TOTAL POPULATION,18 AND ABOVE,1263103
PUNJAB,072,KHANEWAL DISTRICT,KHANEWAL DISTRICT,RURAL,ALL SEXES,CNIC OBTAINED,18 AND ABOVE,994414
PUNJAB,072,KHANEWAL DISTRICT,KHANEWAL DISTRICT,RURAL,ALL SEXES,CNIC NOT OBTAINED,18 AND ABOVE,268689
PUNJAB,072,KHANEWAL DISTRICT,KHANEWAL DISTRICT,RURAL,MALE,TOTAL POPULATION,18 AND ABOVE,631262
PUNJAB,072,KHANEWAL DISTRICT,KHANEWAL DISTRICT,RURAL,MALE,CNIC OBTAINED,18 AND ABOVE,553395
PUNJAB,072,KHANEWAL DISTRICT,KHANEWAL DISTRICT,RURAL,MALE,CNIC NOT OBTAINED,18 AND ABOVE,77867
PUNJAB,072,KHANEWAL DISTRICT,KHANEWAL DISTRICT,RURAL,FEMALE,TOTAL POPULATION,18 AND ABOVE,631643
PUNJAB,072,KHANEWAL DISTRICT,KHANEWAL DISTRICT,RURAL,FEMALE,CNIC OBTAINED,18 AND ABOVE,440888
PUNJAB,072,KHANEWAL DISTRICT,KHANEWAL DISTRICT,RURAL,FEMALE,CNIC NOT OBTAINED,18 AND ABOVE,190755
PUNJAB,072,KHANEWAL DISTRICT,KHANEWAL DISTRICT,RURAL,TRANSGENDER,TOTAL POPULATION,18 AND ABOVE,198
PUNJAB,072,KHANEWAL DISTRICT,KHANEWAL DISTRICT,RURAL,TRANSGENDER,CNIC OBTAINED,18 AND ABOVE,131
PUNJAB,072,KHANEWAL DISTRICT,KHANEWAL DISTRICT,RURAL,TRANSGENDER,CNIC NOT OBTAINED,18 AND ABOVE,67
PUNJAB,072,KHANEWAL DISTRICT,KHANEWAL DISTRICT,RURAL,ALL SEXES,TOTAL POPULATION,18 - 19,92071
PUNJAB,072,KHANEWAL DISTRICT,KHANEWAL DISTRICT,RURAL,ALL SEXES,CNIC OBTAINED,18 - 19,31815
PUNJAB,072,KHANEWAL DISTRICT,KHANEWAL DISTRICT,RURAL,ALL SEXES,CNIC NOT OBTAINED,18 - 19,60256
PUNJAB,072,KHANEWAL DISTRICT,KHANEWAL DISTRICT,RURAL,MALE,TOTAL POPULATION,18 - 19,46662
PUNJAB,072,KHANEWAL DISTRICT,KHANEWAL DISTRICT,RURAL,MALE,CNIC OBTAINED,18 - 19,21032
PUNJAB,072,KHANEWAL DISTRICT,KHANEWAL DISTRICT,RURAL,MALE,CNIC NOT OBTAINED,18 - 19,25630
PUNJAB,072,KHANEWAL DISTRICT,KHANEWAL DISTRICT,RURAL,FEMALE,TOTAL POPULATION,18 - 19,45403
PUNJAB,072,KHANEWAL DISTRICT,KHANEWAL DISTRICT,RURAL,FEMALE,CNIC OBTAINED,18 - 19,10779
PUNJAB,072,KHANEWAL DISTRICT,KHANEWAL DISTRICT,RURAL,FEMALE,CNIC NOT OBTAINED,18 - 19,34624
PUNJAB,072,KHANEWAL DISTRICT,KHANEWAL DISTRICT,RURAL,TRANSGENDER,TOTAL POPULATION,18 - 19,6
PUNJAB,072,KHANEWAL DISTRICT,KHANEWAL DISTRICT,RURAL,TRANSGENDER,CNIC OBTAINED,18 - 19,4
PUNJAB,072,KHANEWAL DISTRICT,KHANEWAL DISTRICT,RURAL,TRANSGENDER,CNIC NOT OBTAINED,18 - 19,2
PUNJAB,072,KHANEWAL DISTRICT,KHANEWAL DISTRICT,RURAL,ALL SEXES,TOTAL POPULATION,20 - 24,203531
PUNJAB,072,KHANEWAL DISTRICT,KHANEWAL DISTRICT,RURAL,ALL SEXES,CNIC OBTAINED,20 - 24,121228
PUNJAB,072,KHANEWAL DISTRICT,KHANEWAL DISTRICT,RURAL,ALL SEXES,CNIC NOT OBTAINED,20 - 24,82303
PUNJAB,072,KHANEWAL DISTRICT,KHANEWAL DISTRICT,RURAL,MALE,TOTAL POPULATION,20 - 24,99921
PUNJAB,072,KHANEWAL DISTRICT,KHANEWAL DISTRICT,RURAL,MALE,CNIC OBTAINED,20 - 24,76058
PUNJAB,072,KHANEWAL DISTRICT,KHANEWAL DISTRICT,RURAL,MALE,CNIC NOT OBTAINED,20 - 24,23863
PUNJAB,072,KHANEWAL DISTRICT,KHANEWAL DISTRICT,RURAL,FEMALE,TOTAL POPULATION,20 - 24,103580
PUNJAB,072,KHANEWAL DISTRICT,KHANEWAL DISTRICT,RURAL,FEMALE,CNIC OBTAINED,20 - 24,45155
PUNJAB,072,KHANEWAL DISTRICT,KHANEWAL DISTRICT,RURAL,FEMALE,CNIC NOT OBTAINED,20 - 24,58425
PUNJAB,072,KHANEWAL DISTRICT,KHANEWAL DISTRICT,RURAL,TRANSGENDER,TOTAL POPULATION,20 - 24,30
PUNJAB,072,KHANEWAL DISTRICT,KHANEWAL DISTRICT,RURAL,TRANSGENDER,CNIC OBTAINED,20 - 24,15
PUNJAB,072,KHANEWAL DISTRICT,KHANEWAL DISTRICT,RURAL,TRANSGENDER,CNIC NOT OBTAINED,20 - 24,15
PUNJAB,072,KHANEWAL DISTRICT,KHANEWAL DISTRICT,RURAL,ALL SEXES,TOTAL POPULATION,25 - 29,178476
PUNJAB,072,KHANEWAL DISTRICT,KHANEWAL DISTRICT,RURAL,ALL SEXES,CNIC OBTAINED,25 - 29,134408
PUNJAB,072,KHANEWAL DISTRICT,KHANEWAL DISTRICT,RURAL,ALL SEXES,CNIC NOT OBTAINED,25 - 29,44068
PUNJAB,072,KHANEWAL DISTRICT,KHANEWAL DISTRICT,RURAL,MALE,TOTAL POPULATION,25 - 29,85888
PUNJAB,072,KHANEWAL DISTRICT,KHANEWAL DISTRICT,RURAL,MALE,CNIC OBTAINED,25 - 29,76783
PUNJAB,072,KHANEWAL DISTRICT,KHANEWAL DISTRICT,RURAL,MALE,CNIC NOT OBTAINED,25 - 29,9105
PUNJAB,072,KHANEWAL DISTRICT,KHANEWAL DISTRICT,RURAL,FEMALE,TOTAL POPULATION,25 - 29,92552
PUNJAB,072,KHANEWAL DISTRICT,KHANEWAL DISTRICT,RURAL,FEMALE,CNIC OBTAINED,25 - 29,57605
PUNJAB,072,KHANEWAL DISTRICT,KHANEWAL DISTRICT,RURAL,FEMALE,CNIC NOT OBTAINED,25 - 29,34947
PUNJAB,072,KHANEWAL DISTRICT,KHANEWAL DISTRICT,RURAL,TRANSGENDER,TOTAL POPULATION,25 - 29,36
PUNJAB,072,KHANEWAL DISTRICT,KHANEWAL DISTRICT,RURAL,TRANSGENDER,CNIC OBTAINED,25 - 29,20
PUNJAB,072,KHANEWAL DISTRICT,KHANEWAL DISTRICT,RURAL,TRANSGENDER,CNIC NOT OBTAINED,25 - 29,16
PUNJAB,072,KHANEWAL DISTRICT,KHANEWAL DISTRICT,RURAL,ALL SEXES,TOTAL POPULATION,30 - 34,154139
PUNJAB,072,KHANEWAL DISTRICT,KHANEWAL DISTRICT,RURAL,ALL SEXES,CNIC OBTAINED,30 - 34,127498
PUNJAB,072,KHANEWAL DISTRICT,KHANEWAL DISTRICT,RURAL,ALL SEXES,CNIC NOT OBTAINED,30 - 34,26641
PUNJAB,072,KHANEWAL DISTRICT,KHANEWAL DISTRICT,RURAL,MALE,TOTAL POPULATION,30 - 34,73914
PUNJAB,072,KHANEWAL DISTRICT,KHANEWAL DISTRICT,RURAL,MALE,CNIC OBTAINED,30 - 34,68883
PUNJAB,072,KHANEWAL DISTRICT,KHANEWAL DISTRICT,RURAL,MALE,CNIC NOT OBTAINED,30 - 34,5031
PUNJAB,072,KHANEWAL DISTRICT,KHANEWAL DISTRICT,RURAL,FEMALE,TOTAL POPULATION,30 - 34,80208
PUNJAB,072,KHANEWAL DISTRICT,KHANEWAL DISTRICT,RURAL,FEMALE,CNIC OBTAINED,30 - 34,58603
PUNJAB,072,KHANEWAL DISTRICT,KHANEWAL DISTRICT,RURAL,FEMALE,CNIC NOT OBTAINED,30 - 34,21605
PUNJAB,072,KHANEWAL DISTRICT,KHANEWAL DISTRICT,RURAL,TRANSGENDER,TOTAL POPULATION,30 - 34,17
PUNJAB,072,KHANEWAL DISTRICT,KHANEWAL DISTRICT,RURAL,TRANSGENDER,CNIC OBTAINED,30 - 34,12
PUNJAB,072,KHANEWAL DISTRICT,KHANEWAL DISTRICT,RURAL,TRANSGENDER,CNIC NOT OBTAINED,30 - 34,5
PUNJAB,072,KHANEWAL DISTRICT,KHANEWAL DISTRICT,RURAL,ALL SEXES,TOTAL POPULATION,35 - 39,144688
PUNJAB,072,KHANEWAL DISTRICT,KHANEWAL DISTRICT,RURAL,ALL SEXES,CNIC OBTAINED,35 - 39,128486
PUNJAB,072,KHANEWAL DISTRICT,KHANEWAL DISTRICT,RURAL,ALL SEXES,CNIC NOT OBTAINED,35 - 39,16202
PUNJAB,072,KHANEWAL DISTRICT,KHANEWAL DISTRICT,RURAL,MALE,TOTAL POPULATION,35 - 39,72582
PUNJAB,072,KHANEWAL DISTRICT,KHANEWAL DISTRICT,RURAL,MALE,CNIC OBTAINED,35 - 39,69073
PUNJAB,072,KHANEWAL DISTRICT,KHANEWAL DISTRICT,RURAL,MALE,CNIC NOT OBTAINED,35 - 39,3509
PUNJAB,072,KHANEWAL DISTRICT,KHANEWAL DISTRICT,RURAL,FEMALE,TOTAL POPULATION,35 - 39,72087
PUNJAB,072,KHANEWAL DISTRICT,KHANEWAL DISTRICT,RURAL,FEMALE,CNIC OBTAINED,35 - 39,59399
PUNJAB,072,KHANEWAL DISTRICT,KHANEWAL DISTRICT,RURAL,FEMALE,CNIC NOT OBTAINED,35 - 39,12688
PUNJAB,072,KHANEWAL DISTRICT,KHANEWAL DISTRICT,RURAL,TRANSGENDER,TOTAL POPULATION,35 - 39,19
PUNJAB,072,KHANEWAL DISTRICT,KHANEWAL DISTRICT,RURAL,TRANSGENDER,CNIC OBTAINED,35 - 39,14
PUNJAB,072,KHANEWAL DISTRICT,KHANEWAL DISTRICT,RURAL,TRANSGENDER,CNIC NOT OBTAINED,35 - 39,5
PUNJAB,072,KHANEWAL DISTRICT,KHANEWAL DISTRICT,RURAL,ALL SEXES,TOTAL POPULATION,40 - 44,109378
PUNJAB,072,KHANEWAL DISTRICT,KHANEWAL DISTRICT,RURAL,ALL SEXES,CNIC OBTAINED,40 - 44,98752
PUNJAB,072,KHANEWAL DISTRICT,KHANEWAL DISTRICT,RURAL,ALL SEXES,CNIC NOT OBTAINED,40 - 44,10626
PUNJAB,072,KHANEWAL DISTRICT,KHANEWAL DISTRICT,RURAL,MALE,TOTAL POPULATION,40 - 44,55046
PUNJAB,072,KHANEWAL DISTRICT,KHANEWAL DISTRICT,RURAL,MALE,CNIC OBTAINED,40 - 44,52517
PUNJAB,072,KHANEWAL DISTRICT,KHANEWAL DISTRICT,RURAL,MALE,CNIC NOT OBTAINED,40 - 44,2529
PUNJAB,072,KHANEWAL DISTRICT,KHANEWAL DISTRICT,RURAL,FEMALE,TOTAL POPULATION,40 - 44,54317
PUNJAB,072,KHANEWAL DISTRICT,KHANEWAL DISTRICT,RURAL,FEMALE,CNIC OBTAINED,40 - 44,46227
PUNJAB,072,KHANEWAL DISTRICT,KHANEWAL DISTRICT,RURAL,FEMALE,CNIC NOT OBTAINED,40 - 44,8090
PUNJAB,072,KHANEWAL DISTRICT,KHANEWAL DISTRICT,RURAL,TRANSGENDER,TOTAL POPULATION,40 - 44,15
PUNJAB,072,KHANEWAL DISTRICT,KHANEWAL DISTRICT,RURAL,TRANSGENDER,CNIC OBTAINED,40 - 44,8
PUNJAB,072,KHANEWAL DISTRICT,KHANEWAL DISTRICT,RURAL,TRANSGENDER,CNIC NOT OBTAINED,40 - 44,7
PUNJAB,072,KHANEWAL DISTRICT,KHANEWAL DISTRICT,RURAL,ALL SEXES,TOTAL POPULATION,45 - 49,90236
PUNJAB,072,KHANEWAL DISTRICT,KHANEWAL DISTRICT,RURAL,ALL SEXES,CNIC OBTAINED,45 - 49,83705
PUNJAB,072,KHANEWAL DISTRICT,KHANEWAL DISTRICT,RURAL,ALL SEXES,CNIC NOT OBTAINED,45 - 49,6531
PUNJAB,072,KHANEWAL DISTRICT,KHANEWAL DISTRICT,RURAL,MALE,TOTAL POPULATION,45 - 49,45544
PUNJAB,072,KHANEWAL DISTRICT,KHANEWAL DISTRICT,RURAL,MALE,CNIC OBTAINED,45 - 49,43891
PUNJAB,072,KHANEWAL DISTRICT,KHANEWAL DISTRICT,RURAL,MALE,CNIC NOT OBTAINED,45 - 49,1653
PUNJAB,072,KHANEWAL DISTRICT,KHANEWAL DISTRICT,RURAL,FEMALE,TOTAL POPULATION,45 - 49,44669
PUNJAB,072,KHANEWAL DISTRICT,KHANEWAL DISTRICT,RURAL,FEMALE,CNIC OBTAINED,45 - 49,39795
PUNJAB,072,KHANEWAL DISTRICT,KHANEWAL DISTRICT,RURAL,FEMALE,CNIC NOT OBTAINED,45 - 49,4874
PUNJAB,072,KHANEWAL DISTRICT,KHANEWAL DISTRICT,RURAL,TRANSGENDER,TOTAL POPULATION,45 - 49,23
PUNJAB,072,KHANEWAL DISTRICT,KHANEWAL DISTRICT,RURAL,TRANSGENDER,CNIC OBTAINED,45 - 49,19
PUNJAB,072,KHANEWAL DISTRICT,KHANEWAL DISTRICT,RURAL,TRANSGENDER,CNIC NOT OBTAINED,45 - 49,4
PUNJAB,072,KHANEWAL DISTRICT,KHANEWAL DISTRICT,RURAL,ALL SEXES,TOTAL POPULATION,50 - 54,83966
PUNJAB,072,KHANEWAL DISTRICT,KHANEWAL DISTRICT,RURAL,ALL SEXES,CNIC OBTAINED,50 - 54,78193
PUNJAB,072,KHANEWAL DISTRICT,KHANEWAL DISTRICT,RURAL,ALL SEXES,CNIC NOT OBTAINED,50 - 54,5773
PUNJAB,072,KHANEWAL DISTRICT,KHANEWAL DISTRICT,RURAL,MALE,TOTAL POPULATION,50 - 54,43843
PUNJAB,072,KHANEWAL DISTRICT,KHANEWAL DISTRICT,RURAL,MALE,CNIC OBTAINED,50 - 54,42292
PUNJAB,072,KHANEWAL DISTRICT,KHANEWAL DISTRICT,RURAL,MALE,CNIC NOT OBTAINED,50 - 54,1551
PUNJAB,072,KHANEWAL DISTRICT,KHANEWAL DISTRICT,RURAL,FEMALE,TOTAL POPULATION,50 - 54,40106
PUNJAB,072,KHANEWAL DISTRICT,KHANEWAL DISTRICT,RURAL,FEMALE,CNIC OBTAINED,50 - 54,35888
PUNJAB,072,KHANEWAL DISTRICT,KHANEWAL DISTRICT,RURAL,FEMALE,CNIC NOT OBTAINED,50 - 54,4218
PUNJAB,072,KHANEWAL DISTRICT,KHANEWAL DISTRICT,RURAL,TRANSGENDER,TOTAL POPULATION,50 - 54,17
PUNJAB,072,KHANEWAL DISTRICT,KHANEWAL DISTRICT,RURAL,TRANSGENDER,CNIC OBTAINED,50 - 54,13
PUNJAB,072,KHANEWAL DISTRICT,KHANEWAL DISTRICT,RURAL,TRANSGENDER,CNIC NOT OBTAINED,50 - 54,4
PUNJAB,072,KHANEWAL DISTRICT,KHANEWAL DISTRICT,RURAL,ALL SEXES,TOTAL POPULATION,55 - 59,60635
PUNJAB,072,KHANEWAL DISTRICT,KHANEWAL DISTRICT,RURAL,ALL SEXES,CNIC OBTAINED,55 - 59,56960
PUNJAB,072,KHANEWAL DISTRICT,KHANEWAL DISTRICT,RURAL,ALL SEXES,CNIC NOT OBTAINED,55 - 59,3675
PUNJAB,072,KHANEWAL DISTRICT,KHANEWAL DISTRICT,RURAL,MALE,TOTAL POPULATION,55 - 59,32269
PUNJAB,072,KHANEWAL DISTRICT,KHANEWAL DISTRICT,RURAL,MALE,CNIC OBTAINED,55 - 59,31166
PUNJAB,072,KHANEWAL DISTRICT,KHANEWAL DISTRICT,RURAL,MALE,CNIC NOT OBTAINED,55 - 59,1103
PUNJAB,072,KHANEWAL DISTRICT,KHANEWAL DISTRICT,RURAL,FEMALE,TOTAL POPULATION,55 - 59,28360
PUNJAB,072,KHANEWAL DISTRICT,KHANEWAL DISTRICT,RURAL,FEMALE,CNIC OBTAINED,55 - 59,25790
PUNJAB,072,KHANEWAL DISTRICT,KHANEWAL DISTRICT,RURAL,FEMALE,CNIC NOT OBTAINED,55 - 59,2570
PUNJAB,072,KHANEWAL DISTRICT,KHANEWAL DISTRICT,RURAL,TRANSGENDER,TOTAL POPULATION,55 - 59,6
PUNJAB,072,KHANEWAL DISTRICT,KHANEWAL DISTRICT,RURAL,TRANSGENDER,CNIC OBTAINED,55 - 59,4
PUNJAB,072,KHANEWAL DISTRICT,KHANEWAL DISTRICT,RURAL,TRANSGENDER,CNIC NOT OBTAINED,55 - 59,2
PUNJAB,072,KHANEWAL DISTRICT,KHANEWAL DISTRICT,RURAL,ALL SEXES,TOTAL POPULATION,60 - 64,52095
PUNJAB,072,KHANEWAL DISTRICT,KHANEWAL DISTRICT,RURAL,ALL SEXES,CNIC OBTAINED,60 - 64,48221
PUNJAB,072,KHANEWAL DISTRICT,KHANEWAL DISTRICT,RURAL,ALL SEXES,CNIC NOT OBTAINED,60 - 64,3874
PUNJAB,072,KHANEWAL DISTRICT,KHANEWAL DISTRICT,RURAL,MALE,TOTAL POPULATION,60 - 64,26563
PUNJAB,072,KHANEWAL DISTRICT,KHANEWAL DISTRICT,RURAL,MALE,CNIC OBTAINED,60 - 64,25426
PUNJAB,072,KHANEWAL DISTRICT,KHANEWAL DISTRICT,RURAL,MALE,CNIC NOT OBTAINED,60 - 64,1137
PUNJAB,072,KHANEWAL DISTRICT,KHANEWAL DISTRICT,RURAL,FEMALE,TOTAL POPULATION,60 - 64,25523
PUNJAB,072,KHANEWAL DISTRICT,KHANEWAL DISTRICT,RURAL,FEMALE,CNIC OBTAINED,60 - 64,22788
PUNJAB,072,KHANEWAL DISTRICT,KHANEWAL DISTRICT,RURAL,FEMALE,CNIC NOT OBTAINED,60 - 64,2735
PUNJAB,072,KHANEWAL DISTRICT,KHANEWAL DISTRICT,RURAL,TRANSGENDER,TOTAL POPULATION,60 - 64,9
PUNJAB,072,KHANEWAL DISTRICT,KHANEWAL DISTRICT,RURAL,TRANSGENDER,CNIC OBTAINED,60 - 64,7
PUNJAB,072,KHANEWAL DISTRICT,KHANEWAL DISTRICT,RURAL,TRANSGENDER,CNIC NOT OBTAINED,60 - 64,2
PUNJAB,072,KHANEWAL DISTRICT,KHANEWAL DISTRICT,RURAL,ALL SEXES,TOTAL POPULATION,65 - 69,36436
PUNJAB,072,KHANEWAL DISTRICT,KHANEWAL DISTRICT,RURAL,ALL SEXES,CNIC OBTAINED,65 - 69,33908
PUNJAB,072,KHANEWAL DISTRICT,KHANEWAL DISTRICT,RURAL,ALL SEXES,CNIC NOT OBTAINED,65 - 69,2528
PUNJAB,072,KHANEWAL DISTRICT,KHANEWAL DISTRICT,RURAL,MALE,TOTAL POPULATION,65 - 69,19005
PUNJAB,072,KHANEWAL DISTRICT,KHANEWAL DISTRICT,RURAL,MALE,CNIC OBTAINED,65 - 69,18253
PUNJAB,072,KHANEWAL DISTRICT,KHANEWAL DISTRICT,RURAL,MALE,CNIC NOT OBTAINED,65 - 69,752
PUNJAB,072,KHANEWAL DISTRICT,KHANEWAL DISTRICT,RURAL,FEMALE,TOTAL POPULATION,65 - 69,17426
PUNJAB,072,KHANEWAL DISTRICT,KHANEWAL DISTRICT,RURAL,FEMALE,CNIC OBTAINED,65 - 69,15651
PUNJAB,072,KHANEWAL DISTRICT,KHANEWAL DISTRICT,RURAL,FEMALE,CNIC NOT OBTAINED,65 - 69,1775
PUNJAB,072,KHANEWAL DISTRICT,KHANEWAL DISTRICT,RURAL,TRANSGENDER,TOTAL POPULATION,65 - 69,5
PUNJAB,072,KHANEWAL DISTRICT,KHANEWAL DISTRICT,RURAL,TRANSGENDER,CNIC OBTAINED,65 - 69,4
PUNJAB,072,KHANEWAL DISTRICT,KHANEWAL DISTRICT,RURAL,TRANSGENDER,CNIC NOT OBTAINED,65 - 69,1
PUNJAB,072,KHANEWAL DISTRICT,KHANEWAL DISTRICT,RURAL,ALL SEXES,TOTAL POPULATION,70 - 74,25793
PUNJAB,072,KHANEWAL DISTRICT,KHANEWAL DISTRICT,RURAL,ALL SEXES,CNIC OBTAINED,70 - 74,23434
PUNJAB,072,KHANEWAL DISTRICT,KHANEWAL DISTRICT,RURAL,ALL SEXES,CNIC NOT OBTAINED,70 - 74,2359
PUNJAB,072,KHANEWAL DISTRICT,KHANEWAL DISTRICT,RURAL,MALE,TOTAL POPULATION,70 - 74,13520
PUNJAB,072,KHANEWAL DISTRICT,KHANEWAL DISTRICT,RURAL,MALE,CNIC OBTAINED,70 - 74,12788
PUNJAB,072,KHANEWAL DISTRICT,KHANEWAL DISTRICT,RURAL,MALE,CNIC NOT OBTAINED,70 - 74,732
PUNJAB,072,KHANEWAL DISTRICT,KHANEWAL DISTRICT,RURAL,FEMALE,TOTAL POPULATION,70 - 74,12264
PUNJAB,072,KHANEWAL DISTRICT,KHANEWAL DISTRICT,RURAL,FEMALE,CNIC OBTAINED,70 - 74,10640
PUNJAB,072,KHANEWAL DISTRICT,KHANEWAL DISTRICT,RURAL,FEMALE,CNIC NOT OBTAINED,70 - 74,1624
PUNJAB,072,KHANEWAL DISTRICT,KHANEWAL DISTRICT,RURAL,TRANSGENDER,TOTAL POPULATION,70 - 74,9
PUNJAB,072,KHANEWAL DISTRICT,KHANEWAL DISTRICT,RURAL,TRANSGENDER,CNIC OBTAINED,70 - 74,6
PUNJAB,072,KHANEWAL DISTRICT,KHANEWAL DISTRICT,RURAL,TRANSGENDER,CNIC NOT OBTAINED,70 - 74,3
PUNJAB,072,KHANEWAL DISTRICT,KHANEWAL DISTRICT,RURAL,ALL SEXES,TOTAL POPULATION,75 AND ABOVE,31659
PUNJAB,072,KHANEWAL DISTRICT,KHANEWAL DISTRICT,RURAL,ALL SEXES,CNIC OBTAINED,75 AND ABOVE,27806
PUNJAB,072,KHANEWAL DISTRICT,KHANEWAL DISTRICT,RURAL,ALL SEXES,CNIC NOT OBTAINED,75 AND ABOVE,3853
PUNJAB,072,KHANEWAL DISTRICT,KHANEWAL DISTRICT,RURAL,MALE,TOTAL POPULATION,75 AND ABOVE,16505
PUNJAB,072,KHANEWAL DISTRICT,KHANEWAL DISTRICT,RURAL,MALE,CNIC OBTAINED,75 AND ABOVE,15233
PUNJAB,072,KHANEWAL DISTRICT,KHANEWAL DISTRICT,RURAL,MALE,CNIC NOT OBTAINED,75 AND ABOVE,1272
PUNJAB,072,KHANEWAL DISTRICT,KHANEWAL DISTRICT,RURAL,FEMALE,TOTAL POPULATION,75 AND ABOVE,15148
PUNJAB,072,KHANEWAL DISTRICT,KHANEWAL DISTRICT,RURAL,FEMALE,CNIC OBTAINED,75 AND ABOVE,12568
PUNJAB,072,KHANEWAL DISTRICT,KHANEWAL DISTRICT,RURAL,FEMALE,CNIC NOT OBTAINED,75 AND ABOVE,2580
PUNJAB,072,KHANEWAL DISTRICT,KHANEWAL DISTRICT,RURAL,TRANSGENDER,TOTAL POPULATION,75 AND ABOVE,6
PUNJAB,072,KHANEWAL DISTRICT,KHANEWAL DISTRICT,RURAL,TRANSGENDER,CNIC OBTAINED,75 AND ABOVE,5
PUNJAB,072,KHANEWAL DISTRICT,KHANEWAL DISTRICT,RURAL,TRANSGENDER,CNIC NOT OBTAINED,75 AND ABOVE,1
PUNJAB,072,KHANEWAL DISTRICT,KHANEWAL DISTRICT,URBAN,ALL SEXES,TOTAL POPULATION,18 AND ABOVE,336239
PUNJAB,072,KHANEWAL DISTRICT,KHANEWAL DISTRICT,URBAN,ALL SEXES,CNIC OBTAINED,18 AND ABOVE,289179
PUNJAB,072,KHANEWAL DISTRICT,KHANEWAL DISTRICT,URBAN,ALL SEXES,CNIC NOT OBTAINED,18 AND ABOVE,47060
PUNJAB,072,KHANEWAL DISTRICT,KHANEWAL DISTRICT,URBAN,MALE,TOTAL POPULATION,18 AND ABOVE,168611
PUNJAB,072,KHANEWAL DISTRICT,KHANEWAL DISTRICT,URBAN,MALE,CNIC OBTAINED,18 AND ABOVE,155273
PUNJAB,072,KHANEWAL DISTRICT,KHANEWAL DISTRICT,URBAN,MALE,CNIC NOT OBTAINED,18 AND ABOVE,13338
PUNJAB,072,KHANEWAL DISTRICT,KHANEWAL DISTRICT,URBAN,FEMALE,TOTAL POPULATION,18 AND ABOVE,167545
PUNJAB,072,KHANEWAL DISTRICT,KHANEWAL DISTRICT,URBAN,FEMALE,CNIC OBTAINED,18 AND ABOVE,133852
PUNJAB,072,KHANEWAL DISTRICT,KHANEWAL DISTRICT,URBAN,FEMALE,CNIC NOT OBTAINED,18 AND ABOVE,33693
PUNJAB,072,KHANEWAL DISTRICT,KHANEWAL DISTRICT,URBAN,TRANSGENDER,TOTAL POPULATION,18 AND ABOVE,83
PUNJAB,072,KHANEWAL DISTRICT,KHANEWAL DISTRICT,URBAN,TRANSGENDER,CNIC OBTAINED,18 AND ABOVE,54
PUNJAB,072,KHANEWAL DISTRICT,KHANEWAL DISTRICT,URBAN,TRANSGENDER,CNIC NOT OBTAINED,18 AND ABOVE,29
PUNJAB,072,KHANEWAL DISTRICT,KHANEWAL DISTRICT,URBAN,ALL SEXES,TOTAL POPULATION,18 - 19,24064
PUNJAB,072,KHANEWAL DISTRICT,KHANEWAL DISTRICT,URBAN,ALL SEXES,CNIC OBTAINED,18 - 19,10550
PUNJAB,072,KHANEWAL DISTRICT,KHANEWAL DISTRICT,URBAN,ALL SEXES,CNIC NOT OBTAINED,18 - 19,13514
PUNJAB,072,KHANEWAL DISTRICT,KHANEWAL DISTRICT,URBAN,MALE,TOTAL POPULATION,18 - 19,12234
PUNJAB,072,KHANEWAL DISTRICT,KHANEWAL DISTRICT,URBAN,MALE,CNIC OBTAINED,18 - 19,6379
PUNJAB,072,KHANEWAL DISTRICT,KHANEWAL DISTRICT,URBAN,MALE,CNIC NOT OBTAINED,18 - 19,5855
PUNJAB,072,KHANEWAL DISTRICT,KHANEWAL DISTRICT,URBAN,FEMALE,TOTAL POPULATION,18 - 19,11830
PUNJAB,072,KHANEWAL DISTRICT,KHANEWAL DISTRICT,URBAN,FEMALE,CNIC OBTAINED,18 - 19,4171
PUNJAB,072,KHANEWAL DISTRICT,KHANEWAL DISTRICT,URBAN,FEMALE,CNIC NOT OBTAINED,18 - 19,7659
PUNJAB,072,KHANEWAL DISTRICT,KHANEWAL DISTRICT,URBAN,TRANSGENDER,TOTAL POPULATION,18 - 19,0
PUNJAB,072,KHANEWAL DISTRICT,KHANEWAL DISTRICT,URBAN,TRANSGENDER,CNIC OBTAINED,18 - 19,0
PUNJAB,072,KHANEWAL DISTRICT,KHANEWAL DISTRICT,URBAN,TRANSGENDER,CNIC NOT OBTAINED,18 - 19,0
PUNJAB,072,KHANEWAL DISTRICT,KHANEWAL DISTRICT,URBAN,ALL SEXES,TOTAL POPULATION,20 - 24,56801
PUNJAB,072,KHANEWAL DISTRICT,KHANEWAL DISTRICT,URBAN,ALL SEXES,CNIC OBTAINED,20 - 24,41521
PUNJAB,072,KHANEWAL DISTRICT,KHANEWAL DISTRICT,URBAN,ALL SEXES,CNIC NOT OBTAINED,20 - 24,15280
PUNJAB,072,KHANEWAL DISTRICT,KHANEWAL DISTRICT,URBAN,MALE,TOTAL POPULATION,20 - 24,27842
PUNJAB,072,KHANEWAL DISTRICT,KHANEWAL DISTRICT,URBAN,MALE,CNIC OBTAINED,20 - 24,23805
PUNJAB,072,KHANEWAL DISTRICT,KHANEWAL DISTRICT,URBAN,MALE,CNIC NOT OBTAINED,20 - 24,4037
PUNJAB,072,KHANEWAL DISTRICT,KHANEWAL DISTRICT,URBAN,FEMALE,TOTAL POPULATION,20 - 24,28948
PUNJAB,072,KHANEWAL DISTRICT,KHANEWAL DISTRICT,URBAN,FEMALE,CNIC OBTAINED,20 - 24,17708
PUNJAB,072,KHANEWAL DISTRICT,KHANEWAL DISTRICT,URBAN,FEMALE,CNIC NOT OBTAINED,20 - 24,11240
PUNJAB,072,KHANEWAL DISTRICT,KHANEWAL DISTRICT,URBAN,TRANSGENDER,TOTAL POPULATION,20 - 24,11
PUNJAB,072,KHANEWAL DISTRICT,KHANEWAL DISTRICT,URBAN,TRANSGENDER,CNIC OBTAINED,20 - 24,8
PUNJAB,072,KHANEWAL DISTRICT,KHANEWAL DISTRICT,URBAN,TRANSGENDER,CNIC NOT OBTAINED,20 - 24,3
PUNJAB,072,KHANEWAL DISTRICT,KHANEWAL DISTRICT,URBAN,ALL SEXES,TOTAL POPULATION,25 - 29,49882
PUNJAB,072,KHANEWAL DISTRICT,KHANEWAL DISTRICT,URBAN,ALL SEXES,CNIC OBTAINED,25 - 29,42339
PUNJAB,072,KHANEWAL DISTRICT,KHANEWAL DISTRICT,URBAN,ALL SEXES,CNIC NOT OBTAINED,25 - 29,7543
PUNJAB,072,KHANEWAL DISTRICT,KHANEWAL DISTRICT,URBAN,MALE,TOTAL POPULATION,25 - 29,24206
PUNJAB,072,KHANEWAL DISTRICT,KHANEWAL DISTRICT,URBAN,MALE,CNIC OBTAINED,25 - 29,22900
PUNJAB,072,KHANEWAL DISTRICT,KHANEWAL DISTRICT,URBAN,MALE,CNIC NOT OBTAINED,25 - 29,1306
PUNJAB,072,KHANEWAL DISTRICT,KHANEWAL DISTRICT,URBAN,FEMALE,TOTAL POPULATION,25 - 29,25656
PUNJAB,072,KHANEWAL DISTRICT,KHANEWAL DISTRICT,URBAN,FEMALE,CNIC OBTAINED,25 - 29,19428
PUNJAB,072,KHANEWAL DISTRICT,KHANEWAL DISTRICT,URBAN,FEMALE,CNIC NOT OBTAINED,25 - 29,6228
PUNJAB,072,KHANEWAL DISTRICT,KHANEWAL DISTRICT,URBAN,TRANSGENDER,TOTAL POPULATION,25 - 29,20
PUNJAB,072,KHANEWAL DISTRICT,KHANEWAL DISTRICT,URBAN,TRANSGENDER,CNIC OBTAINED,25 - 29,11
PUNJAB,072,KHANEWAL DISTRICT,KHANEWAL DISTRICT,URBAN,TRANSGENDER,CNIC NOT OBTAINED,25 - 29,9
PUNJAB,072,KHANEWAL DISTRICT,KHANEWAL DISTRICT,URBAN,ALL SEXES,TOTAL POPULATION,30 - 34,42298
PUNJAB,072,KHANEWAL DISTRICT,KHANEWAL DISTRICT,URBAN,ALL SEXES,CNIC OBTAINED,30 - 34,38106
PUNJAB,072,KHANEWAL DISTRICT,KHANEWAL DISTRICT,URBAN,ALL SEXES,CNIC NOT OBTAINED,30 - 34,4192
PUNJAB,072,KHANEWAL DISTRICT,KHANEWAL DISTRICT,URBAN,MALE,TOTAL POPULATION,30 - 34,20627
PUNJAB,072,KHANEWAL DISTRICT,KHANEWAL DISTRICT,URBAN,MALE,CNIC OBTAINED,30 - 34,19978
PUNJAB,072,KHANEWAL DISTRICT,KHANEWAL DISTRICT,URBAN,MALE,CNIC NOT OBTAINED,30 - 34,649
PUNJAB,072,KHANEWAL DISTRICT,KHANEWAL DISTRICT,URBAN,FEMALE,TOTAL POPULATION,30 - 34,21659
PUNJAB,072,KHANEWAL DISTRICT,KHANEWAL DISTRICT,URBAN,FEMALE,CNIC OBTAINED,30 - 34,18121
PUNJAB,072,KHANEWAL DISTRICT,KHANEWAL DISTRICT,URBAN,FEMALE,CNIC NOT OBTAINED,30 - 34,3538
PUNJAB,072,KHANEWAL DISTRICT,KHANEWAL DISTRICT,URBAN,TRANSGENDER,TOTAL POPULATION,30 - 34,12
PUNJAB,072,KHANEWAL DISTRICT,KHANEWAL DISTRICT,URBAN,TRANSGENDER,CNIC OBTAINED,30 - 34,7
PUNJAB,072,KHANEWAL DISTRICT,KHANEWAL DISTRICT,URBAN,TRANSGENDER,CNIC NOT OBTAINED,30 - 34,5
PUNJAB,072,KHANEWAL DISTRICT,KHANEWAL DISTRICT,URBAN,ALL SEXES,TOTAL POPULATION,35 - 39,36974
PUNJAB,072,KHANEWAL DISTRICT,KHANEWAL DISTRICT,URBAN,ALL SEXES,CNIC OBTAINED,35 - 39,34673
PUNJAB,072,KHANEWAL DISTRICT,KHANEWAL DISTRICT,URBAN,ALL SEXES,CNIC NOT OBTAINED,35 - 39,2301
PUNJAB,072,KHANEWAL DISTRICT,KHANEWAL DISTRICT,URBAN,MALE,TOTAL POPULATION,35 - 39,18390
PUNJAB,072,KHANEWAL DISTRICT,KHANEWAL DISTRICT,URBAN,MALE,CNIC OBTAINED,35 - 39,17959
PUNJAB,072,KHANEWAL DISTRICT,KHANEWAL DISTRICT,URBAN,MALE,CNIC NOT OBTAINED,35 - 39,431
PUNJAB,072,KHANEWAL DISTRICT,KHANEWAL DISTRICT,URBAN,FEMALE,TOTAL POPULATION,35 - 39,18574
PUNJAB,072,KHANEWAL DISTRICT,KHANEWAL DISTRICT,URBAN,FEMALE,CNIC OBTAINED,35 - 39,16707
PUNJAB,072,KHANEWAL DISTRICT,KHANEWAL DISTRICT,URBAN,FEMALE,CNIC NOT OBTAINED,35 - 39,1867
PUNJAB,072,KHANEWAL DISTRICT,KHANEWAL DISTRICT,URBAN,TRANSGENDER,TOTAL POPULATION,35 - 39,10
PUNJAB,072,KHANEWAL DISTRICT,KHANEWAL DISTRICT,URBAN,TRANSGENDER,CNIC OBTAINED,35 - 39,7
PUNJAB,072,KHANEWAL DISTRICT,KHANEWAL DISTRICT,URBAN,TRANSGENDER,CNIC NOT OBTAINED,35 - 39,3
PUNJAB,072,KHANEWAL DISTRICT,KHANEWAL DISTRICT,URBAN,ALL SEXES,TOTAL POPULATION,40 - 44,29869
PUNJAB,072,KHANEWAL DISTRICT,KHANEWAL DISTRICT,URBAN,ALL SEXES,CNIC OBTAINED,40 - 44,28534
PUNJAB,072,KHANEWAL DISTRICT,KHANEWAL DISTRICT,URBAN,ALL SEXES,CNIC NOT OBTAINED,40 - 44,1335
PUNJAB,072,KHANEWAL DISTRICT,KHANEWAL DISTRICT,URBAN,MALE,TOTAL POPULATION,40 - 44,15170
PUNJAB,072,KHANEWAL DISTRICT,KHANEWAL DISTRICT,URBAN,MALE,CNIC OBTAINED,40 - 44,14855
PUNJAB,072,KHANEWAL DISTRICT,KHANEWAL DISTRICT,URBAN,MALE,CNIC NOT OBTAINED,40 - 44,315
PUNJAB,072,KHANEWAL DISTRICT,KHANEWAL DISTRICT,URBAN,FEMALE,TOTAL POPULATION,40 - 44,14691
PUNJAB,072,KHANEWAL DISTRICT,KHANEWAL DISTRICT,URBAN,FEMALE,CNIC OBTAINED,40 - 44,13674
PUNJAB,072,KHANEWAL DISTRICT,KHANEWAL DISTRICT,URBAN,FEMALE,CNIC NOT OBTAINED,40 - 44,1017
PUNJAB,072,KHANEWAL DISTRICT,KHANEWAL DISTRICT,URBAN,TRANSGENDER,TOTAL POPULATION,40 - 44,8
PUNJAB,072,KHANEWAL DISTRICT,KHANEWAL DISTRICT,URBAN,TRANSGENDER,CNIC OBTAINED,40 - 44,5
PUNJAB,072,KHANEWAL DISTRICT,KHANEWAL DISTRICT,URBAN,TRANSGENDER,CNIC NOT OBTAINED,40 - 44,3
PUNJAB,072,KHANEWAL DISTRICT,KHANEWAL DISTRICT,URBAN,ALL SEXES,TOTAL POPULATION,45 - 49,24899
PUNJAB,072,KHANEWAL DISTRICT,KHANEWAL DISTRICT,URBAN,ALL SEXES,CNIC OBTAINED,45 - 49,24174
PUNJAB,072,KHANEWAL DISTRICT,KHANEWAL DISTRICT,URBAN,ALL SEXES,CNIC NOT OBTAINED,45 - 49,725
PUNJAB,072,KHANEWAL DISTRICT,KHANEWAL DISTRICT,URBAN,MALE,TOTAL POPULATION,45 - 49,12698
PUNJAB,072,KHANEWAL DISTRICT,KHANEWAL DISTRICT,URBAN,MALE,CNIC OBTAINED,45 - 49,12544
PUNJAB,072,KHANEWAL DISTRICT,KHANEWAL DISTRICT,URBAN,MALE,CNIC NOT OBTAINED,45 - 49,154
PUNJAB,072,KHANEWAL DISTRICT,KHANEWAL DISTRICT,URBAN,FEMALE,TOTAL POPULATION,45 - 49,12190
PUNJAB,072,KHANEWAL DISTRICT,KHANEWAL DISTRICT,URBAN,FEMALE,CNIC OBTAINED,45 - 49,11624
PUNJAB,072,KHANEWAL DISTRICT,KHANEWAL DISTRICT,URBAN,FEMALE,CNIC NOT OBTAINED,45 - 49,566
PUNJAB,072,KHANEWAL DISTRICT,KHANEWAL DISTRICT,URBAN,TRANSGENDER,TOTAL POPULATION,45 - 49,11
PUNJAB,072,KHANEWAL DISTRICT,KHANEWAL DISTRICT,URBAN,TRANSGENDER,CNIC OBTAINED,45 - 49,6
PUNJAB,072,KHANEWAL DISTRICT,KHANEWAL DISTRICT,URBAN,TRANSGENDER,CNIC NOT OBTAINED,45 - 49,5
PUNJAB,072,KHANEWAL DISTRICT,KHANEWAL DISTRICT,URBAN,ALL SEXES,TOTAL POPULATION,50 - 54,22701
PUNJAB,072,KHANEWAL DISTRICT,KHANEWAL DISTRICT,URBAN,ALL SEXES,CNIC OBTAINED,50 - 54,22105
PUNJAB,072,KHANEWAL DISTRICT,KHANEWAL DISTRICT,URBAN,ALL SEXES,CNIC NOT OBTAINED,50 - 54,596
PUNJAB,072,KHANEWAL DISTRICT,KHANEWAL DISTRICT,URBAN,MALE,TOTAL POPULATION,50 - 54,11969
PUNJAB,072,KHANEWAL DISTRICT,KHANEWAL DISTRICT,URBAN,MALE,CNIC OBTAINED,50 - 54,11825
PUNJAB,072,KHANEWAL DISTRICT,KHANEWAL DISTRICT,URBAN,MALE,CNIC NOT OBTAINED,50 - 54,144
PUNJAB,072,KHANEWAL DISTRICT,KHANEWAL DISTRICT,URBAN,FEMALE,TOTAL POPULATION,50 - 54,10728
PUNJAB,072,KHANEWAL DISTRICT,KHANEWAL DISTRICT,URBAN,FEMALE,CNIC OBTAINED,50 - 54,10276
PUNJAB,072,KHANEWAL DISTRICT,KHANEWAL DISTRICT,URBAN,FEMALE,CNIC NOT OBTAINED,50 - 54,452
PUNJAB,072,KHANEWAL DISTRICT,KHANEWAL DISTRICT,URBAN,TRANSGENDER,TOTAL POPULATION,50 - 54,4
PUNJAB,072,KHANEWAL DISTRICT,KHANEWAL DISTRICT,URBAN,TRANSGENDER,CNIC OBTAINED,50 - 54,4
PUNJAB,072,KHANEWAL DISTRICT,KHANEWAL DISTRICT,URBAN,TRANSGENDER,CNIC NOT OBTAINED,50 - 54,0
PUNJAB,072,KHANEWAL DISTRICT,KHANEWAL DISTRICT,URBAN,ALL SEXES,TOTAL POPULATION,55 - 59,15739
PUNJAB,072,KHANEWAL DISTRICT,KHANEWAL DISTRICT,URBAN,ALL SEXES,CNIC OBTAINED,55 - 59,15386
PUNJAB,072,KHANEWAL DISTRICT,KHANEWAL DISTRICT,URBAN,ALL SEXES,CNIC NOT OBTAINED,55 - 59,353
PUNJAB,072,KHANEWAL DISTRICT,KHANEWAL DISTRICT,URBAN,MALE,TOTAL POPULATION,55 - 59,8536
PUNJAB,072,KHANEWAL DISTRICT,KHANEWAL DISTRICT,URBAN,MALE,CNIC OBTAINED,55 - 59,8447
PUNJAB,072,KHANEWAL DISTRICT,KHANEWAL DISTRICT,URBAN,MALE,CNIC NOT OBTAINED,55 - 59,89
PUNJAB,072,KHANEWAL DISTRICT,KHANEWAL DISTRICT,URBAN,FEMALE,TOTAL POPULATION,55 - 59,7198
PUNJAB,072,KHANEWAL DISTRICT,KHANEWAL DISTRICT,URBAN,FEMALE,CNIC OBTAINED,55 - 59,6935
PUNJAB,072,KHANEWAL DISTRICT,KHANEWAL DISTRICT,URBAN,FEMALE,CNIC NOT OBTAINED,55 - 59,263
PUNJAB,072,KHANEWAL DISTRICT,KHANEWAL DISTRICT,URBAN,TRANSGENDER,TOTAL POPULATION,55 - 59,5
PUNJAB,072,KHANEWAL DISTRICT,KHANEWAL DISTRICT,URBAN,TRANSGENDER,CNIC OBTAINED,55 - 59,4
PUNJAB,072,KHANEWAL DISTRICT,KHANEWAL DISTRICT,URBAN,TRANSGENDER,CNIC NOT OBTAINED,55 - 59,1
PUNJAB,072,KHANEWAL DISTRICT,KHANEWAL DISTRICT,URBAN,ALL SEXES,TOTAL POPULATION,60 - 64,12819
PUNJAB,072,KHANEWAL DISTRICT,KHANEWAL DISTRICT,URBAN,ALL SEXES,CNIC OBTAINED,60 - 64,12461
PUNJAB,072,KHANEWAL DISTRICT,KHANEWAL DISTRICT,URBAN,ALL SEXES,CNIC NOT OBTAINED,60 - 64,358
PUNJAB,072,KHANEWAL DISTRICT,KHANEWAL DISTRICT,URBAN,MALE,TOTAL POPULATION,60 - 64,6633
PUNJAB,072,KHANEWAL DISTRICT,KHANEWAL DISTRICT,URBAN,MALE,CNIC OBTAINED,60 - 64,6524
PUNJAB,072,KHANEWAL DISTRICT,KHANEWAL DISTRICT,URBAN,MALE,CNIC NOT OBTAINED,60 - 64,109
PUNJAB,072,KHANEWAL DISTRICT,KHANEWAL DISTRICT,URBAN,FEMALE,TOTAL POPULATION,60 - 64,6185
PUNJAB,072,KHANEWAL DISTRICT,KHANEWAL DISTRICT,URBAN,FEMALE,CNIC OBTAINED,60 - 64,5936
PUNJAB,072,KHANEWAL DISTRICT,KHANEWAL DISTRICT,URBAN,FEMALE,CNIC NOT OBTAINED,60 - 64,249
PUNJAB,072,KHANEWAL DISTRICT,KHANEWAL DISTRICT,URBAN,TRANSGENDER,TOTAL POPULATION,60 - 64,1
PUNJAB,072,KHANEWAL DISTRICT,KHANEWAL DISTRICT,URBAN,TRANSGENDER,CNIC OBTAINED,60 - 64,1
PUNJAB,072,KHANEWAL DISTRICT,KHANEWAL DISTRICT,URBAN,TRANSGENDER,CNIC NOT OBTAINED,60 - 64,0
PUNJAB,072,KHANEWAL DISTRICT,KHANEWAL DISTRICT,URBAN,ALL SEXES,TOTAL POPULATION,65 - 69,7883
PUNJAB,072,KHANEWAL DISTRICT,KHANEWAL DISTRICT,URBAN,ALL SEXES,CNIC OBTAINED,65 - 69,7648
PUNJAB,072,KHANEWAL DISTRICT,KHANEWAL DISTRICT,URBAN,ALL SEXES,CNIC NOT OBTAINED,65 - 69,235
PUNJAB,072,KHANEWAL DISTRICT,KHANEWAL DISTRICT,URBAN,MALE,TOTAL POPULATION,65 - 69,4091
PUNJAB,072,KHANEWAL DISTRICT,KHANEWAL DISTRICT,URBAN,MALE,CNIC OBTAINED,65 - 69,4024
PUNJAB,072,KHANEWAL DISTRICT,KHANEWAL DISTRICT,URBAN,MALE,CNIC NOT OBTAINED,65 - 69,67
PUNJAB,072,KHANEWAL DISTRICT,KHANEWAL DISTRICT,URBAN,FEMALE,TOTAL POPULATION,65 - 69,3791
PUNJAB,072,KHANEWAL DISTRICT,KHANEWAL DISTRICT,URBAN,FEMALE,CNIC OBTAINED,65 - 69,3623
PUNJAB,072,KHANEWAL DISTRICT,KHANEWAL DISTRICT,URBAN,FEMALE,CNIC NOT OBTAINED,65 - 69,168
PUNJAB,072,KHANEWAL DISTRICT,KHANEWAL DISTRICT,URBAN,TRANSGENDER,TOTAL POPULATION,65 - 69,1
PUNJAB,072,KHANEWAL DISTRICT,KHANEWAL DISTRICT,URBAN,TRANSGENDER,CNIC OBTAINED,65 - 69,1
PUNJAB,072,KHANEWAL DISTRICT,KHANEWAL DISTRICT,URBAN,TRANSGENDER,CNIC NOT OBTAINED,65 - 69,0
PUNJAB,072,KHANEWAL DISTRICT,KHANEWAL DISTRICT,URBAN,ALL SEXES,TOTAL POPULATION,70 - 74,5626
PUNJAB,072,KHANEWAL DISTRICT,KHANEWAL DISTRICT,URBAN,ALL SEXES,CNIC OBTAINED,70 - 74,5397
PUNJAB,072,KHANEWAL DISTRICT,KHANEWAL DISTRICT,URBAN,ALL SEXES,CNIC NOT OBTAINED,70 - 74,229
PUNJAB,072,KHANEWAL DISTRICT,KHANEWAL DISTRICT,URBAN,MALE,TOTAL POPULATION,70 - 74,2917
PUNJAB,072,KHANEWAL DISTRICT,KHANEWAL DISTRICT,URBAN,MALE,CNIC OBTAINED,70 - 74,2850
PUNJAB,072,KHANEWAL DISTRICT,KHANEWAL DISTRICT,URBAN,MALE,CNIC NOT OBTAINED,70 - 74,67
PUNJAB,072,KHANEWAL DISTRICT,KHANEWAL DISTRICT,URBAN,FEMALE,TOTAL POPULATION,70 - 74,2709
PUNJAB,072,KHANEWAL DISTRICT,KHANEWAL DISTRICT,URBAN,FEMALE,CNIC OBTAINED,70 - 74,2547
PUNJAB,072,KHANEWAL DISTRICT,KHANEWAL DISTRICT,URBAN,FEMALE,CNIC NOT OBTAINED,70 - 74,162
PUNJAB,072,KHANEWAL DISTRICT,KHANEWAL DISTRICT,URBAN,TRANSGENDER,TOTAL POPULATION,70 - 74,0
PUNJAB,072,KHANEWAL DISTRICT,KHANEWAL DISTRICT,URBAN,TRANSGENDER,CNIC OBTAINED,70 - 74,0
PUNJAB,072,KHANEWAL DISTRICT,KHANEWAL DISTRICT,URBAN,TRANSGENDER,CNIC NOT OBTAINED,70 - 74,0
PUNJAB,072,KHANEWAL DISTRICT,KHANEWAL DISTRICT,URBAN,ALL SEXES,TOTAL POPULATION,75 AND ABOVE,6684
PUNJAB,072,KHANEWAL DISTRICT,KHANEWAL DISTRICT,URBAN,ALL SEXES,CNIC OBTAINED,75 AND ABOVE,6285
PUNJAB,072,KHANEWAL DISTRICT,KHANEWAL DISTRICT,URBAN,ALL SEXES,CNIC NOT OBTAINED,75 AND ABOVE,399
PUNJAB,072,KHANEWAL DISTRICT,KHANEWAL DISTRICT,URBAN,MALE,TOTAL POPULATION,75 AND ABOVE,3298
PUNJAB,072,KHANEWAL DISTRICT,KHANEWAL DISTRICT,URBAN,MALE,CNIC OBTAINED,75 AND ABOVE,3183
PUNJAB,072,KHANEWAL DISTRICT,KHANEWAL DISTRICT,URBAN,MALE,CNIC NOT OBTAINED,75 AND ABOVE,115
PUNJAB,072,KHANEWAL DISTRICT,KHANEWAL DISTRICT,URBAN,FEMALE,TOTAL POPULATION,75 AND ABOVE,3386
PUNJAB,072,KHANEWAL DISTRICT,KHANEWAL DISTRICT,URBAN,FEMALE,CNIC OBTAINED,75 AND ABOVE,3102
PUNJAB,072,KHANEWAL DISTRICT,KHANEWAL DISTRICT,URBAN,FEMALE,CNIC NOT OBTAINED,75 AND ABOVE,284
PUNJAB,072,KHANEWAL DISTRICT,KHANEWAL DISTRICT,URBAN,TRANSGENDER,TOTAL POPULATION,75 AND ABOVE,0
PUNJAB,072,KHANEWAL DISTRICT,KHANEWAL DISTRICT,URBAN,TRANSGENDER,CNIC OBTAINED,75 AND ABOVE,0
PUNJAB,072,KHANEWAL DISTRICT,KHANEWAL DISTRICT,URBAN,TRANSGENDER,CNIC NOT OBTAINED,75 AND ABOVE,0
