province_name,district_code,district_name,area_name,area_type,marital_status,household_head_relationship,gender,count
KHYBER PAKTUNKHWA,007,HARIPUR DISTRICT,HARIPUR DISTRICT,TOTAL,TOTAL,HEAD,ALL SEXES,161915
KHYBER PAKTUNKHWA,007,HARIPUR DISTRICT,HARIPUR DISTRICT,TOTAL,TOTAL,HEAD,MALE,132439
KHYBER PAKTUNKHWA,007,HARIPUR DISTRICT,HARIPUR DISTRICT,TOTAL,TOTAL,HEAD,FEMALE,29461
KHYBER PAKTUNKHWA,007,HARIPUR DISTRICT,HARIPUR DISTRICT,TOTAL,TOTAL,HEAD,TRANSGENDER,15
KHYBER PAKTUNKHWA,007,HARIPUR DISTRICT,HARIPUR DISTRICT,TOTAL,TOTAL,SPOUSE,ALL SEXES,125365
KHYBER PAKTUNKHWA,007,HARIPUR DISTRICT,HARIPUR DISTRICT,TOTAL,TOTAL,SPOUSE,MALE,5327
KHYBER PAKTUNKHWA,007,HARIPUR DISTRICT,HARIPUR DISTRICT,TOTAL,TOTAL,SPOUSE,FEMALE,120038
KHYBER PAKTUNKHWA,007,HARIPUR DISTRICT,HARIPUR DISTRICT,TOTAL,TOTAL,SPOUSE,TRANSGENDER,NA
KHYBER PAKTUNKHWA,007,HARIPUR DISTRICT,HARIPUR DISTRICT,TOTAL,TOTAL,SON/DAUGHTER,ALL SEXES,193333
KHYBER PAKTUNKHWA,007,HARIPUR DISTRICT,HARIPUR DISTRICT,TOTAL,TOTAL,SON/DAUGHTER,MALE,122683
KHYBER PAKTUNKHWA,007,HARIPUR DISTRICT,HARIPUR DISTRICT,TOTAL,TOTAL,SON/DAUGHTER,FEMALE,70649
KHYBER PAKTUNKHWA,007,HARIPUR DISTRICT,HARIPUR DISTRICT,TOTAL,TOTAL,SON/DAUGHTER,TRANSGENDER,1
KHYBER PAKTUNKHWA,007,HARIPUR DISTRICT,HARIPUR DISTRICT,TOTAL,TOTAL,DAUGHTER/SON IN LAW,ALL SEXES,51463
KHYBER PAKTUNKHWA,007,HARIPUR DISTRICT,HARIPUR DISTRICT,TOTAL,TOTAL,DAUGHTER/SON IN LAW,MALE,689
KHYBER PAKTUNKHWA,007,HARIPUR DISTRICT,HARIPUR DISTRICT,TOTAL,TOTAL,DAUGHTER/SON IN LAW,FEMALE,50774
KHYBER PAKTUNKHWA,007,HARIPUR DISTRICT,HARIPUR DISTRICT,TOTAL,TOTAL,DAUGHTER/SON IN LAW,TRANSGENDER,NA
KHYBER PAKTUNKHWA,007,HARIPUR DISTRICT,HARIPUR DISTRICT,TOTAL,TOTAL,GRAND SON/GRAND DAUGHTER,ALL SEXES,9540
KHYBER PAKTUNKHWA,007,HARIPUR DISTRICT,HARIPUR DISTRICT,TOTAL,TOTAL,GRAND SON/GRAND DAUGHTER,MALE,5191
KHYBER PAKTUNKHWA,007,HARIPUR DISTRICT,HARIPUR DISTRICT,TOTAL,TOTAL,GRAND SON/GRAND DAUGHTER,FEMALE,4349
KHYBER PAKTUNKHWA,007,HARIPUR DISTRICT,HARIPUR DISTRICT,TOTAL,TOTAL,GRAND SON/GRAND DAUGHTER,TRANSGENDER,NA
KHYBER PAKTUNKHWA,007,HARIPUR DISTRICT,HARIPUR DISTRICT,TOTAL,TOTAL,FATHER/MOTHER,ALL SEXES,24442
KHYBER PAKTUNKHWA,007,HARIPUR DISTRICT,HARIPUR DISTRICT,TOTAL,TOTAL,FATHER/MOTHER,MALE,5202
KHYBER PAKTUNKHWA,007,HARIPUR DISTRICT,HARIPUR DISTRICT,TOTAL,TOTAL,FATHER/MOTHER,FEMALE,19240
KHYBER PAKTUNKHWA,007,HARIPUR DISTRICT,HARIPUR DISTRICT,TOTAL,TOTAL,FATHER/MOTHER,TRANSGENDER,NA
KHYBER PAKTUNKHWA,007,HARIPUR DISTRICT,HARIPUR DISTRICT,TOTAL,TOTAL,BROTHER/SISTER,ALL SEXES,30262
KHYBER PAKTUNKHWA,007,HARIPUR DISTRICT,HARIPUR DISTRICT,TOTAL,TOTAL,BROTHER/SISTER,MALE,19520
KHYBER PAKTUNKHWA,007,HARIPUR DISTRICT,HARIPUR DISTRICT,TOTAL,TOTAL,BROTHER/SISTER,FEMALE,10737
KHYBER PAKTUNKHWA,007,HARIPUR DISTRICT,HARIPUR DISTRICT,TOTAL,TOTAL,BROTHER/SISTER,TRANSGENDER,5
KHYBER PAKTUNKHWA,007,HARIPUR DISTRICT,HARIPUR DISTRICT,TOTAL,TOTAL,OTHER RELATIVE,ALL SEXES,32552
KHYBER PAKTUNKHWA,007,HARIPUR DISTRICT,HARIPUR DISTRICT,TOTAL,TOTAL,OTHER RELATIVE,MALE,8916
KHYBER PAKTUNKHWA,007,HARIPUR DISTRICT,HARIPUR DISTRICT,TOTAL,TOTAL,OTHER RELATIVE,FEMALE,23631
KHYBER PAKTUNKHWA,007,HARIPUR DISTRICT,HARIPUR DISTRICT,TOTAL,TOTAL,OTHER RELATIVE,TRANSGENDER,5
KHYBER PAKTUNKHWA,007,HARIPUR DISTRICT,HARIPUR DISTRICT,TOTAL,TOTAL,NON-RELATIVE,ALL SEXES,18143
KHYBER PAKTUNKHWA,007,HARIPUR DISTRICT,HARIPUR DISTRICT,TOTAL,TOTAL,NON-RELATIVE,MALE,15680
KHYBER PAKTUNKHWA,007,HARIPUR DISTRICT,HARIPUR DISTRICT,TOTAL,TOTAL,NON-RELATIVE,FEMALE,2442
KHYBER PAKTUNKHWA,007,HARIPUR DISTRICT,HARIPUR DISTRICT,TOTAL,TOTAL,NON-RELATIVE,TRANSGENDER,21
KHYBER PAKTUNKHWA,007,HARIPUR DISTRICT,HARIPUR DISTRICT,TOTAL,NEVER MARRIED,HEAD,ALL SEXES,6126
KHYBER PAKTUNKHWA,007,HARIPUR DISTRICT,HARIPUR DISTRICT,TOTAL,NEVER MARRIED,HEAD,MALE,5642
KHYBER PAKTUNKHWA,007,HARIPUR DISTRICT,HARIPUR DISTRICT,TOTAL,NEVER MARRIED,HEAD,FEMALE,469
KHYBER PAKTUNKHWA,007,HARIPUR DISTRICT,HARIPUR DISTRICT,TOTAL,NEVER MARRIED,HEAD,TRANSGENDER,15
KHYBER PAKTUNKHWA,007,HARIPUR DISTRICT,HARIPUR DISTRICT,TOTAL,NEVER MARRIED,SPOUSE,ALL SEXES,NA
KHYBER PAKTUNKHWA,007,HARIPUR DISTRICT,HARIPUR DISTRICT,TOTAL,NEVER MARRIED,SPOUSE,MALE,NA
KHYBER PAKTUNKHWA,007,HARIPUR DISTRICT,HARIPUR DISTRICT,TOTAL,NEVER MARRIED,SPOUSE,FEMALE,NA
KHYBER PAKTUNKHWA,007,HARIPUR DISTRICT,HARIPUR DISTRICT,TOTAL,NEVER MARRIED,SPOUSE,TRANSGENDER,NA
KHYBER PAKTUNKHWA,007,HARIPUR DISTRICT,HARIPUR DISTRICT,TOTAL,NEVER MARRIED,SON/DAUGHTER,ALL SEXES,152592
KHYBER PAKTUNKHWA,007,HARIPUR DISTRICT,HARIPUR DISTRICT,TOTAL,NEVER MARRIED,SON/DAUGHTER,MALE,86409
KHYBER PAKTUNKHWA,007,HARIPUR DISTRICT,HARIPUR DISTRICT,TOTAL,NEVER MARRIED,SON/DAUGHTER,FEMALE,66182
KHYBER PAKTUNKHWA,007,HARIPUR DISTRICT,HARIPUR DISTRICT,TOTAL,NEVER MARRIED,SON/DAUGHTER,TRANSGENDER,1
KHYBER PAKTUNKHWA,007,HARIPUR DISTRICT,HARIPUR DISTRICT,TOTAL,NEVER MARRIED,DAUGHTER/SON IN LAW,ALL SEXES,NA
KHYBER PAKTUNKHWA,007,HARIPUR DISTRICT,HARIPUR DISTRICT,TOTAL,NEVER MARRIED,DAUGHTER/SON IN LAW,MALE,NA
KHYBER PAKTUNKHWA,007,HARIPUR DISTRICT,HARIPUR DISTRICT,TOTAL,NEVER MARRIED,DAUGHTER/SON IN LAW,FEMALE,NA
KHYBER PAKTUNKHWA,007,HARIPUR DISTRICT,HARIPUR DISTRICT,TOTAL,NEVER MARRIED,DAUGHTER/SON IN LAW,TRANSGENDER,NA
KHYBER PAKTUNKHWA,007,HARIPUR DISTRICT,HARIPUR DISTRICT,TOTAL,NEVER MARRIED,GRAND SON/GRAND DAUGHTER,ALL SEXES,8854
KHYBER PAKTUNKHWA,007,HARIPUR DISTRICT,HARIPUR DISTRICT,TOTAL,NEVER MARRIED,GRAND SON/GRAND DAUGHTER,MALE,4732
KHYBER PAKTUNKHWA,007,HARIPUR DISTRICT,HARIPUR DISTRICT,TOTAL,NEVER MARRIED,GRAND SON/GRAND DAUGHTER,FEMALE,4122
KHYBER PAKTUNKHWA,007,HARIPUR DISTRICT,HARIPUR DISTRICT,TOTAL,NEVER MARRIED,GRAND SON/GRAND DAUGHTER,TRANSGENDER,NA
KHYBER PAKTUNKHWA,007,HARIPUR DISTRICT,HARIPUR DISTRICT,TOTAL,NEVER MARRIED,FATHER/MOTHER,ALL SEXES,NA
KHYBER PAKTUNKHWA,007,HARIPUR DISTRICT,HARIPUR DISTRICT,TOTAL,NEVER MARRIED,FATHER/MOTHER,MALE,NA
KHYBER PAKTUNKHWA,007,HARIPUR DISTRICT,HARIPUR DISTRICT,TOTAL,NEVER MARRIED,FATHER/MOTHER,FEMALE,NA
KHYBER PAKTUNKHWA,007,HARIPUR DISTRICT,HARIPUR DISTRICT,TOTAL,NEVER MARRIED,FATHER/MOTHER,TRANSGENDER,NA
KHYBER PAKTUNKHWA,007,HARIPUR DISTRICT,HARIPUR DISTRICT,TOTAL,NEVER MARRIED,BROTHER/SISTER,ALL SEXES,18250
KHYBER PAKTUNKHWA,007,HARIPUR DISTRICT,HARIPUR DISTRICT,TOTAL,NEVER MARRIED,BROTHER/SISTER,MALE,9857
KHYBER PAKTUNKHWA,007,HARIPUR DISTRICT,HARIPUR DISTRICT,TOTAL,NEVER MARRIED,BROTHER/SISTER,FEMALE,8388
KHYBER PAKTUNKHWA,007,HARIPUR DISTRICT,HARIPUR DISTRICT,TOTAL,NEVER MARRIED,BROTHER/SISTER,TRANSGENDER,5
KHYBER PAKTUNKHWA,007,HARIPUR DISTRICT,HARIPUR DISTRICT,TOTAL,NEVER MARRIED,OTHER RELATIVE,ALL SEXES,9784
KHYBER PAKTUNKHWA,007,HARIPUR DISTRICT,HARIPUR DISTRICT,TOTAL,NEVER MARRIED,OTHER RELATIVE,MALE,5311
KHYBER PAKTUNKHWA,007,HARIPUR DISTRICT,HARIPUR DISTRICT,TOTAL,NEVER MARRIED,OTHER RELATIVE,FEMALE,4468
KHYBER PAKTUNKHWA,007,HARIPUR DISTRICT,HARIPUR DISTRICT,TOTAL,NEVER MARRIED,OTHER RELATIVE,TRANSGENDER,5
KHYBER PAKTUNKHWA,007,HARIPUR DISTRICT,HARIPUR DISTRICT,TOTAL,NEVER MARRIED,NON-RELATIVE,ALL SEXES,7376
KHYBER PAKTUNKHWA,007,HARIPUR DISTRICT,HARIPUR DISTRICT,TOTAL,NEVER MARRIED,NON-RELATIVE,MALE,6288
KHYBER PAKTUNKHWA,007,HARIPUR DISTRICT,HARIPUR DISTRICT,TOTAL,NEVER MARRIED,NON-RELATIVE,FEMALE,1067
KHYBER PAKTUNKHWA,007,HARIPUR DISTRICT,HARIPUR DISTRICT,TOTAL,NEVER MARRIED,NON-RELATIVE,TRANSGENDER,21
KHYBER PAKTUNKHWA,007,HARIPUR DISTRICT,HARIPUR DISTRICT,TOTAL,MARRIED,HEAD,ALL SEXES,138497
KHYBER PAKTUNKHWA,007,HARIPUR DISTRICT,HARIPUR DISTRICT,TOTAL,MARRIED,HEAD,MALE,121520
KHYBER PAKTUNKHWA,007,HARIPUR DISTRICT,HARIPUR DISTRICT,TOTAL,MARRIED,HEAD,FEMALE,16977
KHYBER PAKTUNKHWA,007,HARIPUR DISTRICT,HARIPUR DISTRICT,TOTAL,MARRIED,HEAD,TRANSGENDER,NA
KHYBER PAKTUNKHWA,007,HARIPUR DISTRICT,HARIPUR DISTRICT,TOTAL,MARRIED,SPOUSE,ALL SEXES,125365
KHYBER PAKTUNKHWA,007,HARIPUR DISTRICT,HARIPUR DISTRICT,TOTAL,MARRIED,SPOUSE,MALE,5327
KHYBER PAKTUNKHWA,007,HARIPUR DISTRICT,HARIPUR DISTRICT,TOTAL,MARRIED,SPOUSE,FEMALE,120038
KHYBER PAKTUNKHWA,007,HARIPUR DISTRICT,HARIPUR DISTRICT,TOTAL,MARRIED,SPOUSE,TRANSGENDER,NA
KHYBER PAKTUNKHWA,007,HARIPUR DISTRICT,HARIPUR DISTRICT,TOTAL,MARRIED,SON/DAUGHTER,ALL SEXES,38331
KHYBER PAKTUNKHWA,007,HARIPUR DISTRICT,HARIPUR DISTRICT,TOTAL,MARRIED,SON/DAUGHTER,MALE,35624
KHYBER PAKTUNKHWA,007,HARIPUR DISTRICT,HARIPUR DISTRICT,TOTAL,MARRIED,SON/DAUGHTER,FEMALE,2707
KHYBER PAKTUNKHWA,007,HARIPUR DISTRICT,HARIPUR DISTRICT,TOTAL,MARRIED,SON/DAUGHTER,TRANSGENDER,NA
KHYBER PAKTUNKHWA,007,HARIPUR DISTRICT,HARIPUR DISTRICT,TOTAL,MARRIED,DAUGHTER/SON IN LAW,ALL SEXES,50944
KHYBER PAKTUNKHWA,007,HARIPUR DISTRICT,HARIPUR DISTRICT,TOTAL,MARRIED,DAUGHTER/SON IN LAW,MALE,684
KHYBER PAKTUNKHWA,007,HARIPUR DISTRICT,HARIPUR DISTRICT,TOTAL,MARRIED,DAUGHTER/SON IN LAW,FEMALE,50260
KHYBER PAKTUNKHWA,007,HARIPUR DISTRICT,HARIPUR DISTRICT,TOTAL,MARRIED,DAUGHTER/SON IN LAW,TRANSGENDER,NA
KHYBER PAKTUNKHWA,007,HARIPUR DISTRICT,HARIPUR DISTRICT,TOTAL,MARRIED,GRAND SON/GRAND DAUGHTER,ALL SEXES,666
KHYBER PAKTUNKHWA,007,HARIPUR DISTRICT,HARIPUR DISTRICT,TOTAL,MARRIED,GRAND SON/GRAND DAUGHTER,MALE,454
KHYBER PAKTUNKHWA,007,HARIPUR DISTRICT,HARIPUR DISTRICT,TOTAL,MARRIED,GRAND SON/GRAND DAUGHTER,FEMALE,212
KHYBER PAKTUNKHWA,007,HARIPUR DISTRICT,HARIPUR DISTRICT,TOTAL,MARRIED,GRAND SON/GRAND DAUGHTER,TRANSGENDER,NA
KHYBER PAKTUNKHWA,007,HARIPUR DISTRICT,HARIPUR DISTRICT,TOTAL,MARRIED,FATHER/MOTHER,ALL SEXES,9383
KHYBER PAKTUNKHWA,007,HARIPUR DISTRICT,HARIPUR DISTRICT,TOTAL,MARRIED,FATHER/MOTHER,MALE,3797
KHYBER PAKTUNKHWA,007,HARIPUR DISTRICT,HARIPUR DISTRICT,TOTAL,MARRIED,FATHER/MOTHER,FEMALE,5586
KHYBER PAKTUNKHWA,007,HARIPUR DISTRICT,HARIPUR DISTRICT,TOTAL,MARRIED,FATHER/MOTHER,TRANSGENDER,NA
KHYBER PAKTUNKHWA,007,HARIPUR DISTRICT,HARIPUR DISTRICT,TOTAL,MARRIED,BROTHER/SISTER,ALL SEXES,10201
KHYBER PAKTUNKHWA,007,HARIPUR DISTRICT,HARIPUR DISTRICT,TOTAL,MARRIED,BROTHER/SISTER,MALE,9232
KHYBER PAKTUNKHWA,007,HARIPUR DISTRICT,HARIPUR DISTRICT,TOTAL,MARRIED,BROTHER/SISTER,FEMALE,969
KHYBER PAKTUNKHWA,007,HARIPUR DISTRICT,HARIPUR DISTRICT,TOTAL,MARRIED,BROTHER/SISTER,TRANSGENDER,NA
KHYBER PAKTUNKHWA,007,HARIPUR DISTRICT,HARIPUR DISTRICT,TOTAL,MARRIED,OTHER RELATIVE,ALL SEXES,19051
KHYBER PAKTUNKHWA,007,HARIPUR DISTRICT,HARIPUR DISTRICT,TOTAL,MARRIED,OTHER RELATIVE,MALE,3182
KHYBER PAKTUNKHWA,007,HARIPUR DISTRICT,HARIPUR DISTRICT,TOTAL,MARRIED,OTHER RELATIVE,FEMALE,15869
KHYBER PAKTUNKHWA,007,HARIPUR DISTRICT,HARIPUR DISTRICT,TOTAL,MARRIED,OTHER RELATIVE,TRANSGENDER,NA
KHYBER PAKTUNKHWA,007,HARIPUR DISTRICT,HARIPUR DISTRICT,TOTAL,MARRIED,NON-RELATIVE,ALL SEXES,10497
KHYBER PAKTUNKHWA,007,HARIPUR DISTRICT,HARIPUR DISTRICT,TOTAL,MARRIED,NON-RELATIVE,MALE,9323
KHYBER PAKTUNKHWA,007,HARIPUR DISTRICT,HARIPUR DISTRICT,TOTAL,MARRIED,NON-RELATIVE,FEMALE,1174
KHYBER PAKTUNKHWA,007,HARIPUR DISTRICT,HARIPUR DISTRICT,TOTAL,MARRIED,NON-RELATIVE,TRANSGENDER,NA
KHYBER PAKTUNKHWA,007,HARIPUR DISTRICT,HARIPUR DISTRICT,TOTAL,WIDOWED,HEAD,ALL SEXES,16671
KHYBER PAKTUNKHWA,007,HARIPUR DISTRICT,HARIPUR DISTRICT,TOTAL,WIDOWED,HEAD,MALE,4970
KHYBER PAKTUNKHWA,007,HARIPUR DISTRICT,HARIPUR DISTRICT,TOTAL,WIDOWED,HEAD,FEMALE,11701
KHYBER PAKTUNKHWA,007,HARIPUR DISTRICT,HARIPUR DISTRICT,TOTAL,WIDOWED,HEAD,TRANSGENDER,NA
KHYBER PAKTUNKHWA,007,HARIPUR DISTRICT,HARIPUR DISTRICT,TOTAL,WIDOWED,SPOUSE,ALL SEXES,NA
KHYBER PAKTUNKHWA,007,HARIPUR DISTRICT,HARIPUR DISTRICT,TOTAL,WIDOWED,SPOUSE,MALE,NA
KHYBER PAKTUNKHWA,007,HARIPUR DISTRICT,HARIPUR DISTRICT,TOTAL,WIDOWED,SPOUSE,FEMALE,NA
KHYBER PAKTUNKHWA,007,HARIPUR DISTRICT,HARIPUR DISTRICT,TOTAL,WIDOWED,SPOUSE,TRANSGENDER,NA
KHYBER PAKTUNKHWA,007,HARIPUR DISTRICT,HARIPUR DISTRICT,TOTAL,WIDOWED,SON/DAUGHTER,ALL SEXES,883
KHYBER PAKTUNKHWA,007,HARIPUR DISTRICT,HARIPUR DISTRICT,TOTAL,WIDOWED,SON/DAUGHTER,MALE,353
KHYBER PAKTUNKHWA,007,HARIPUR DISTRICT,HARIPUR DISTRICT,TOTAL,WIDOWED,SON/DAUGHTER,FEMALE,530
KHYBER PAKTUNKHWA,007,HARIPUR DISTRICT,HARIPUR DISTRICT,TOTAL,WIDOWED,SON/DAUGHTER,TRANSGENDER,NA
KHYBER PAKTUNKHWA,007,HARIPUR DISTRICT,HARIPUR DISTRICT,TOTAL,WIDOWED,DAUGHTER/SON IN LAW,ALL SEXES,511
KHYBER PAKTUNKHWA,007,HARIPUR DISTRICT,HARIPUR DISTRICT,TOTAL,WIDOWED,DAUGHTER/SON IN LAW,MALE,5
KHYBER PAKTUNKHWA,007,HARIPUR DISTRICT,HARIPUR DISTRICT,TOTAL,WIDOWED,DAUGHTER/SON IN LAW,FEMALE,506
KHYBER PAKTUNKHWA,007,HARIPUR DISTRICT,HARIPUR DISTRICT,TOTAL,WIDOWED,DAUGHTER/SON IN LAW,TRANSGENDER,NA
KHYBER PAKTUNKHWA,007,HARIPUR DISTRICT,HARIPUR DISTRICT,TOTAL,WIDOWED,GRAND SON/GRAND DAUGHTER,ALL SEXES,5
KHYBER PAKTUNKHWA,007,HARIPUR DISTRICT,HARIPUR DISTRICT,TOTAL,WIDOWED,GRAND SON/GRAND DAUGHTER,MALE,4
KHYBER PAKTUNKHWA,007,HARIPUR DISTRICT,HARIPUR DISTRICT,TOTAL,WIDOWED,GRAND SON/GRAND DAUGHTER,FEMALE,1
KHYBER PAKTUNKHWA,007,HARIPUR DISTRICT,HARIPUR DISTRICT,TOTAL,WIDOWED,GRAND SON/GRAND DAUGHTER,TRANSGENDER,NA
KHYBER PAKTUNKHWA,007,HARIPUR DISTRICT,HARIPUR DISTRICT,TOTAL,WIDOWED,FATHER/MOTHER,ALL SEXES,14908
KHYBER PAKTUNKHWA,007,HARIPUR DISTRICT,HARIPUR DISTRICT,TOTAL,WIDOWED,FATHER/MOTHER,MALE,1370
KHYBER PAKTUNKHWA,007,HARIPUR DISTRICT,HARIPUR DISTRICT,TOTAL,WIDOWED,FATHER/MOTHER,FEMALE,13538
KHYBER PAKTUNKHWA,007,HARIPUR DISTRICT,HARIPUR DISTRICT,TOTAL,WIDOWED,FATHER/MOTHER,TRANSGENDER,NA
KHYBER PAKTUNKHWA,007,HARIPUR DISTRICT,HARIPUR DISTRICT,TOTAL,WIDOWED,BROTHER/SISTER,ALL SEXES,1027
KHYBER PAKTUNKHWA,007,HARIPUR DISTRICT,HARIPUR DISTRICT,TOTAL,WIDOWED,BROTHER/SISTER,MALE,293
KHYBER PAKTUNKHWA,007,HARIPUR DISTRICT,HARIPUR DISTRICT,TOTAL,WIDOWED,BROTHER/SISTER,FEMALE,734
KHYBER PAKTUNKHWA,007,HARIPUR DISTRICT,HARIPUR DISTRICT,TOTAL,WIDOWED,BROTHER/SISTER,TRANSGENDER,NA
KHYBER PAKTUNKHWA,007,HARIPUR DISTRICT,HARIPUR DISTRICT,TOTAL,WIDOWED,OTHER RELATIVE,ALL SEXES,3415
KHYBER PAKTUNKHWA,007,HARIPUR DISTRICT,HARIPUR DISTRICT,TOTAL,WIDOWED,OTHER RELATIVE,MALE,365
KHYBER PAKTUNKHWA,007,HARIPUR DISTRICT,HARIPUR DISTRICT,TOTAL,WIDOWED,OTHER RELATIVE,FEMALE,3050
KHYBER PAKTUNKHWA,007,HARIPUR DISTRICT,HARIPUR DISTRICT,TOTAL,WIDOWED,OTHER RELATIVE,TRANSGENDER,NA
KHYBER PAKTUNKHWA,007,HARIPUR DISTRICT,HARIPUR DISTRICT,TOTAL,WIDOWED,NON-RELATIVE,ALL SEXES,229
KHYBER PAKTUNKHWA,007,HARIPUR DISTRICT,HARIPUR DISTRICT,TOTAL,WIDOWED,NON-RELATIVE,MALE,56
KHYBER PAKTUNKHWA,007,HARIPUR DISTRICT,HARIPUR DISTRICT,TOTAL,WIDOWED,NON-RELATIVE,FEMALE,173
KHYBER PAKTUNKHWA,007,HARIPUR DISTRICT,HARIPUR DISTRICT,TOTAL,WIDOWED,NON-RELATIVE,TRANSGENDER,NA
KHYBER PAKTUNKHWA,007,HARIPUR DISTRICT,HARIPUR DISTRICT,TOTAL,DIVORCED,HEAD,ALL SEXES,621
KHYBER PAKTUNKHWA,007,HARIPUR DISTRICT,HARIPUR DISTRICT,TOTAL,DIVORCED,HEAD,MALE,307
KHYBER PAKTUNKHWA,007,HARIPUR DISTRICT,HARIPUR DISTRICT,TOTAL,DIVORCED,HEAD,FEMALE,314
KHYBER PAKTUNKHWA,007,HARIPUR DISTRICT,HARIPUR DISTRICT,TOTAL,DIVORCED,HEAD,TRANSGENDER,NA
KHYBER PAKTUNKHWA,007,HARIPUR DISTRICT,HARIPUR DISTRICT,TOTAL,DIVORCED,SPOUSE,ALL SEXES,NA
KHYBER PAKTUNKHWA,007,HARIPUR DISTRICT,HARIPUR DISTRICT,TOTAL,DIVORCED,SPOUSE,MALE,NA
KHYBER PAKTUNKHWA,007,HARIPUR DISTRICT,HARIPUR DISTRICT,TOTAL,DIVORCED,SPOUSE,FEMALE,NA
KHYBER PAKTUNKHWA,007,HARIPUR DISTRICT,HARIPUR DISTRICT,TOTAL,DIVORCED,SPOUSE,TRANSGENDER,NA
KHYBER PAKTUNKHWA,007,HARIPUR DISTRICT,HARIPUR DISTRICT,TOTAL,DIVORCED,SON/DAUGHTER,ALL SEXES,1527
KHYBER PAKTUNKHWA,007,HARIPUR DISTRICT,HARIPUR DISTRICT,TOTAL,DIVORCED,SON/DAUGHTER,MALE,297
KHYBER PAKTUNKHWA,007,HARIPUR DISTRICT,HARIPUR DISTRICT,TOTAL,DIVORCED,SON/DAUGHTER,FEMALE,1230
KHYBER PAKTUNKHWA,007,HARIPUR DISTRICT,HARIPUR DISTRICT,TOTAL,DIVORCED,SON/DAUGHTER,TRANSGENDER,NA
KHYBER PAKTUNKHWA,007,HARIPUR DISTRICT,HARIPUR DISTRICT,TOTAL,DIVORCED,DAUGHTER/SON IN LAW,ALL SEXES,8
KHYBER PAKTUNKHWA,007,HARIPUR DISTRICT,HARIPUR DISTRICT,TOTAL,DIVORCED,DAUGHTER/SON IN LAW,MALE,NA
KHYBER PAKTUNKHWA,007,HARIPUR DISTRICT,HARIPUR DISTRICT,TOTAL,DIVORCED,DAUGHTER/SON IN LAW,FEMALE,8
KHYBER PAKTUNKHWA,007,HARIPUR DISTRICT,HARIPUR DISTRICT,TOTAL,DIVORCED,DAUGHTER/SON IN LAW,TRANSGENDER,NA
KHYBER PAKTUNKHWA,007,HARIPUR DISTRICT,HARIPUR DISTRICT,TOTAL,DIVORCED,GRAND SON/GRAND DAUGHTER,ALL SEXES,15
KHYBER PAKTUNKHWA,007,HARIPUR DISTRICT,HARIPUR DISTRICT,TOTAL,DIVORCED,GRAND SON/GRAND DAUGHTER,MALE,1
KHYBER PAKTUNKHWA,007,HARIPUR DISTRICT,HARIPUR DISTRICT,TOTAL,DIVORCED,GRAND SON/GRAND DAUGHTER,FEMALE,14
KHYBER PAKTUNKHWA,007,HARIPUR DISTRICT,HARIPUR DISTRICT,TOTAL,DIVORCED,GRAND SON/GRAND DAUGHTER,TRANSGENDER,NA
KHYBER PAKTUNKHWA,007,HARIPUR DISTRICT,HARIPUR DISTRICT,TOTAL,DIVORCED,FATHER/MOTHER,ALL SEXES,151
KHYBER PAKTUNKHWA,007,HARIPUR DISTRICT,HARIPUR DISTRICT,TOTAL,DIVORCED,FATHER/MOTHER,MALE,35
KHYBER PAKTUNKHWA,007,HARIPUR DISTRICT,HARIPUR DISTRICT,TOTAL,DIVORCED,FATHER/MOTHER,FEMALE,116
KHYBER PAKTUNKHWA,007,HARIPUR DISTRICT,HARIPUR DISTRICT,TOTAL,DIVORCED,FATHER/MOTHER,TRANSGENDER,NA
KHYBER PAKTUNKHWA,007,HARIPUR DISTRICT,HARIPUR DISTRICT,TOTAL,DIVORCED,BROTHER/SISTER,ALL SEXES,784
KHYBER PAKTUNKHWA,007,HARIPUR DISTRICT,HARIPUR DISTRICT,TOTAL,DIVORCED,BROTHER/SISTER,MALE,138
KHYBER PAKTUNKHWA,007,HARIPUR DISTRICT,HARIPUR DISTRICT,TOTAL,DIVORCED,BROTHER/SISTER,FEMALE,646
KHYBER PAKTUNKHWA,007,HARIPUR DISTRICT,HARIPUR DISTRICT,TOTAL,DIVORCED,BROTHER/SISTER,TRANSGENDER,NA
KHYBER PAKTUNKHWA,007,HARIPUR DISTRICT,HARIPUR DISTRICT,TOTAL,DIVORCED,OTHER RELATIVE,ALL SEXES,302
KHYBER PAKTUNKHWA,007,HARIPUR DISTRICT,HARIPUR DISTRICT,TOTAL,DIVORCED,OTHER RELATIVE,MALE,58
KHYBER PAKTUNKHWA,007,HARIPUR DISTRICT,HARIPUR DISTRICT,TOTAL,DIVORCED,OTHER RELATIVE,FEMALE,244
KHYBER PAKTUNKHWA,007,HARIPUR DISTRICT,HARIPUR DISTRICT,TOTAL,DIVORCED,OTHER RELATIVE,TRANSGENDER,NA
KHYBER PAKTUNKHWA,007,HARIPUR DISTRICT,HARIPUR DISTRICT,TOTAL,DIVORCED,NON-RELATIVE,ALL SEXES,41
KHYBER PAKTUNKHWA,007,HARIPUR DISTRICT,HARIPUR DISTRICT,TOTAL,DIVORCED,NON-RELATIVE,MALE,13
KHYBER PAKTUNKHWA,007,HARIPUR DISTRICT,HARIPUR DISTRICT,TOTAL,DIVORCED,NON-RELATIVE,FEMALE,28
KHYBER PAKTUNKHWA,007,HARIPUR DISTRICT,HARIPUR DISTRICT,TOTAL,DIVORCED,NON-RELATIVE,TRANSGENDER,NA
KHYBER PAKTUNKHWA,007,HARIPUR DISTRICT,HARIPUR DISTRICT,RURAL,TOTAL,HEAD,ALL SEXES,140793
KHYBER PAKTUNKHWA,007,HARIPUR DISTRICT,HARIPUR DISTRICT,RURAL,TOTAL,HEAD,MALE,115057
KHYBER PAKTUNKHWA,007,HARIPUR DISTRICT,HARIPUR DISTRICT,RURAL,TOTAL,HEAD,FEMALE,25731
KHYBER PAKTUNKHWA,007,HARIPUR DISTRICT,HARIPUR DISTRICT,RURAL,TOTAL,HEAD,TRANSGENDER,5
KHYBER PAKTUNKHWA,007,HARIPUR DISTRICT,HARIPUR DISTRICT,RURAL,TOTAL,SPOUSE,ALL SEXES,109319
KHYBER PAKTUNKHWA,007,HARIPUR DISTRICT,HARIPUR DISTRICT,RURAL,TOTAL,SPOUSE,MALE,4431
KHYBER PAKTUNKHWA,007,HARIPUR DISTRICT,HARIPUR DISTRICT,RURAL,TOTAL,SPOUSE,FEMALE,104888
KHYBER PAKTUNKHWA,007,HARIPUR DISTRICT,HARIPUR DISTRICT,RURAL,TOTAL,SPOUSE,TRANSGENDER,NA
KHYBER PAKTUNKHWA,007,HARIPUR DISTRICT,HARIPUR DISTRICT,RURAL,TOTAL,SON/DAUGHTER,ALL SEXES,166865
KHYBER PAKTUNKHWA,007,HARIPUR DISTRICT,HARIPUR DISTRICT,RURAL,TOTAL,SON/DAUGHTER,MALE,106249
KHYBER PAKTUNKHWA,007,HARIPUR DISTRICT,HARIPUR DISTRICT,RURAL,TOTAL,SON/DAUGHTER,FEMALE,60615
KHYBER PAKTUNKHWA,007,HARIPUR DISTRICT,HARIPUR DISTRICT,RURAL,TOTAL,SON/DAUGHTER,TRANSGENDER,1
KHYBER PAKTUNKHWA,007,HARIPUR DISTRICT,HARIPUR DISTRICT,RURAL,TOTAL,DAUGHTER/SON IN LAW,ALL SEXES,45497
KHYBER PAKTUNKHWA,007,HARIPUR DISTRICT,HARIPUR DISTRICT,RURAL,TOTAL,DAUGHTER/SON IN LAW,MALE,550
KHYBER PAKTUNKHWA,007,HARIPUR DISTRICT,HARIPUR DISTRICT,RURAL,TOTAL,DAUGHTER/SON IN LAW,FEMALE,44947
KHYBER PAKTUNKHWA,007,HARIPUR DISTRICT,HARIPUR DISTRICT,RURAL,TOTAL,DAUGHTER/SON IN LAW,TRANSGENDER,NA
KHYBER PAKTUNKHWA,007,HARIPUR DISTRICT,HARIPUR DISTRICT,RURAL,TOTAL,GRAND SON/GRAND DAUGHTER,ALL SEXES,8427
KHYBER PAKTUNKHWA,007,HARIPUR DISTRICT,HARIPUR DISTRICT,RURAL,TOTAL,GRAND SON/GRAND DAUGHTER,MALE,4585
KHYBER PAKTUNKHWA,007,HARIPUR DISTRICT,HARIPUR DISTRICT,RURAL,TOTAL,GRAND SON/GRAND DAUGHTER,FEMALE,3842
KHYBER PAKTUNKHWA,007,HARIPUR DISTRICT,HARIPUR DISTRICT,RURAL,TOTAL,GRAND SON/GRAND DAUGHTER,TRANSGENDER,NA
KHYBER PAKTUNKHWA,007,HARIPUR DISTRICT,HARIPUR DISTRICT,RURAL,TOTAL,FATHER/MOTHER,ALL SEXES,20737
KHYBER PAKTUNKHWA,007,HARIPUR DISTRICT,HARIPUR DISTRICT,RURAL,TOTAL,FATHER/MOTHER,MALE,4345
KHYBER PAKTUNKHWA,007,HARIPUR DISTRICT,HARIPUR DISTRICT,RURAL,TOTAL,FATHER/MOTHER,FEMALE,16392
KHYBER PAKTUNKHWA,007,HARIPUR DISTRICT,HARIPUR DISTRICT,RURAL,TOTAL,FATHER/MOTHER,TRANSGENDER,NA
KHYBER PAKTUNKHWA,007,HARIPUR DISTRICT,HARIPUR DISTRICT,RURAL,TOTAL,BROTHER/SISTER,ALL SEXES,24905
KHYBER PAKTUNKHWA,007,HARIPUR DISTRICT,HARIPUR DISTRICT,RURAL,TOTAL,BROTHER/SISTER,MALE,16089
KHYBER PAKTUNKHWA,007,HARIPUR DISTRICT,HARIPUR DISTRICT,RURAL,TOTAL,BROTHER/SISTER,FEMALE,8811
KHYBER PAKTUNKHWA,007,HARIPUR DISTRICT,HARIPUR DISTRICT,RURAL,TOTAL,BROTHER/SISTER,TRANSGENDER,5
KHYBER PAKTUNKHWA,007,HARIPUR DISTRICT,HARIPUR DISTRICT,RURAL,TOTAL,OTHER RELATIVE,ALL SEXES,27251
KHYBER PAKTUNKHWA,007,HARIPUR DISTRICT,HARIPUR DISTRICT,RURAL,TOTAL,OTHER RELATIVE,MALE,7245
KHYBER PAKTUNKHWA,007,HARIPUR DISTRICT,HARIPUR DISTRICT,RURAL,TOTAL,OTHER RELATIVE,FEMALE,20003
KHYBER PAKTUNKHWA,007,HARIPUR DISTRICT,HARIPUR DISTRICT,RURAL,TOTAL,OTHER RELATIVE,TRANSGENDER,3
KHYBER PAKTUNKHWA,007,HARIPUR DISTRICT,HARIPUR DISTRICT,RURAL,TOTAL,NON-RELATIVE,ALL SEXES,13417
KHYBER PAKTUNKHWA,007,HARIPUR DISTRICT,HARIPUR DISTRICT,RURAL,TOTAL,NON-RELATIVE,MALE,11488
KHYBER PAKTUNKHWA,007,HARIPUR DISTRICT,HARIPUR DISTRICT,RURAL,TOTAL,NON-RELATIVE,FEMALE,1926
KHYBER PAKTUNKHWA,007,HARIPUR DISTRICT,HARIPUR DISTRICT,RURAL,TOTAL,NON-RELATIVE,TRANSGENDER,3
KHYBER PAKTUNKHWA,007,HARIPUR DISTRICT,HARIPUR DISTRICT,RURAL,NEVER MARRIED,HEAD,ALL SEXES,4841
KHYBER PAKTUNKHWA,007,HARIPUR DISTRICT,HARIPUR DISTRICT,RURAL,NEVER MARRIED,HEAD,MALE,4465
KHYBER PAKTUNKHWA,007,HARIPUR DISTRICT,HARIPUR DISTRICT,RURAL,NEVER MARRIED,HEAD,FEMALE,371
KHYBER PAKTUNKHWA,007,HARIPUR DISTRICT,HARIPUR DISTRICT,RURAL,NEVER MARRIED,HEAD,TRANSGENDER,5
KHYBER PAKTUNKHWA,007,HARIPUR DISTRICT,HARIPUR DISTRICT,RURAL,NEVER MARRIED,SPOUSE,ALL SEXES,NA
KHYBER PAKTUNKHWA,007,HARIPUR DISTRICT,HARIPUR DISTRICT,RURAL,NEVER MARRIED,SPOUSE,MALE,NA
KHYBER PAKTUNKHWA,007,HARIPUR DISTRICT,HARIPUR DISTRICT,RURAL,NEVER MARRIED,SPOUSE,FEMALE,NA
KHYBER PAKTUNKHWA,007,HARIPUR DISTRICT,HARIPUR DISTRICT,RURAL,NEVER MARRIED,SPOUSE,TRANSGENDER,NA
KHYBER PAKTUNKHWA,007,HARIPUR DISTRICT,HARIPUR DISTRICT,RURAL,NEVER MARRIED,SON/DAUGHTER,ALL SEXES,131701
KHYBER PAKTUNKHWA,007,HARIPUR DISTRICT,HARIPUR DISTRICT,RURAL,NEVER MARRIED,SON/DAUGHTER,MALE,74835
KHYBER PAKTUNKHWA,007,HARIPUR DISTRICT,HARIPUR DISTRICT,RURAL,NEVER MARRIED,SON/DAUGHTER,FEMALE,56865
KHYBER PAKTUNKHWA,007,HARIPUR DISTRICT,HARIPUR DISTRICT,RURAL,NEVER MARRIED,SON/DAUGHTER,TRANSGENDER,1
KHYBER PAKTUNKHWA,007,HARIPUR DISTRICT,HARIPUR DISTRICT,RURAL,NEVER MARRIED,DAUGHTER/SON IN LAW,ALL SEXES,NA
KHYBER PAKTUNKHWA,007,HARIPUR DISTRICT,HARIPUR DISTRICT,RURAL,NEVER MARRIED,DAUGHTER/SON IN LAW,MALE,NA
KHYBER PAKTUNKHWA,007,HARIPUR DISTRICT,HARIPUR DISTRICT,RURAL,NEVER MARRIED,DAUGHTER/SON IN LAW,FEMALE,NA
KHYBER PAKTUNKHWA,007,HARIPUR DISTRICT,HARIPUR DISTRICT,RURAL,NEVER MARRIED,DAUGHTER/SON IN LAW,TRANSGENDER,NA
KHYBER PAKTUNKHWA,007,HARIPUR DISTRICT,HARIPUR DISTRICT,RURAL,NEVER MARRIED,GRAND SON/GRAND DAUGHTER,ALL SEXES,7814
KHYBER PAKTUNKHWA,007,HARIPUR DISTRICT,HARIPUR DISTRICT,RURAL,NEVER MARRIED,GRAND SON/GRAND DAUGHTER,MALE,4163
KHYBER PAKTUNKHWA,007,HARIPUR DISTRICT,HARIPUR DISTRICT,RURAL,NEVER MARRIED,GRAND SON/GRAND DAUGHTER,FEMALE,3651
KHYBER PAKTUNKHWA,007,HARIPUR DISTRICT,HARIPUR DISTRICT,RURAL,NEVER MARRIED,GRAND SON/GRAND DAUGHTER,TRANSGENDER,NA
KHYBER PAKTUNKHWA,007,HARIPUR DISTRICT,HARIPUR DISTRICT,RURAL,NEVER MARRIED,FATHER/MOTHER,ALL SEXES,NA
KHYBER PAKTUNKHWA,007,HARIPUR DISTRICT,HARIPUR DISTRICT,RURAL,NEVER MARRIED,FATHER/MOTHER,MALE,NA
KHYBER PAKTUNKHWA,007,HARIPUR DISTRICT,HARIPUR DISTRICT,RURAL,NEVER MARRIED,FATHER/MOTHER,FEMALE,NA
KHYBER PAKTUNKHWA,007,HARIPUR DISTRICT,HARIPUR DISTRICT,RURAL,NEVER MARRIED,FATHER/MOTHER,TRANSGENDER,NA
KHYBER PAKTUNKHWA,007,HARIPUR DISTRICT,HARIPUR DISTRICT,RURAL,NEVER MARRIED,BROTHER/SISTER,ALL SEXES,14944
KHYBER PAKTUNKHWA,007,HARIPUR DISTRICT,HARIPUR DISTRICT,RURAL,NEVER MARRIED,BROTHER/SISTER,MALE,8063
KHYBER PAKTUNKHWA,007,HARIPUR DISTRICT,HARIPUR DISTRICT,RURAL,NEVER MARRIED,BROTHER/SISTER,FEMALE,6876
KHYBER PAKTUNKHWA,007,HARIPUR DISTRICT,HARIPUR DISTRICT,RURAL,NEVER MARRIED,BROTHER/SISTER,TRANSGENDER,5
KHYBER PAKTUNKHWA,007,HARIPUR DISTRICT,HARIPUR DISTRICT,RURAL,NEVER MARRIED,OTHER RELATIVE,ALL SEXES,8003
KHYBER PAKTUNKHWA,007,HARIPUR DISTRICT,HARIPUR DISTRICT,RURAL,NEVER MARRIED,OTHER RELATIVE,MALE,4299
KHYBER PAKTUNKHWA,007,HARIPUR DISTRICT,HARIPUR DISTRICT,RURAL,NEVER MARRIED,OTHER RELATIVE,FEMALE,3701
KHYBER PAKTUNKHWA,007,HARIPUR DISTRICT,HARIPUR DISTRICT,RURAL,NEVER MARRIED,OTHER RELATIVE,TRANSGENDER,3
KHYBER PAKTUNKHWA,007,HARIPUR DISTRICT,HARIPUR DISTRICT,RURAL,NEVER MARRIED,NON-RELATIVE,ALL SEXES,5550
KHYBER PAKTUNKHWA,007,HARIPUR DISTRICT,HARIPUR DISTRICT,RURAL,NEVER MARRIED,NON-RELATIVE,MALE,4790
KHYBER PAKTUNKHWA,007,HARIPUR DISTRICT,HARIPUR DISTRICT,RURAL,NEVER MARRIED,NON-RELATIVE,FEMALE,757
KHYBER PAKTUNKHWA,007,HARIPUR DISTRICT,HARIPUR DISTRICT,RURAL,NEVER MARRIED,NON-RELATIVE,TRANSGENDER,3
KHYBER PAKTUNKHWA,007,HARIPUR DISTRICT,HARIPUR DISTRICT,RURAL,MARRIED,HEAD,ALL SEXES,120833
KHYBER PAKTUNKHWA,007,HARIPUR DISTRICT,HARIPUR DISTRICT,RURAL,MARRIED,HEAD,MALE,105931
KHYBER PAKTUNKHWA,007,HARIPUR DISTRICT,HARIPUR DISTRICT,RURAL,MARRIED,HEAD,FEMALE,14902
KHYBER PAKTUNKHWA,007,HARIPUR DISTRICT,HARIPUR DISTRICT,RURAL,MARRIED,HEAD,TRANSGENDER,NA
KHYBER PAKTUNKHWA,007,HARIPUR DISTRICT,HARIPUR DISTRICT,RURAL,MARRIED,SPOUSE,ALL SEXES,109319
KHYBER PAKTUNKHWA,007,HARIPUR DISTRICT,HARIPUR DISTRICT,RURAL,MARRIED,SPOUSE,MALE,4431
KHYBER PAKTUNKHWA,007,HARIPUR DISTRICT,HARIPUR DISTRICT,RURAL,MARRIED,SPOUSE,FEMALE,104888
KHYBER PAKTUNKHWA,007,HARIPUR DISTRICT,HARIPUR DISTRICT,RURAL,MARRIED,SPOUSE,TRANSGENDER,NA
KHYBER PAKTUNKHWA,007,HARIPUR DISTRICT,HARIPUR DISTRICT,RURAL,MARRIED,SON/DAUGHTER,ALL SEXES,33071
KHYBER PAKTUNKHWA,007,HARIPUR DISTRICT,HARIPUR DISTRICT,RURAL,MARRIED,SON/DAUGHTER,MALE,30848
KHYBER PAKTUNKHWA,007,HARIPUR DISTRICT,HARIPUR DISTRICT,RURAL,MARRIED,SON/DAUGHTER,FEMALE,2223
KHYBER PAKTUNKHWA,007,HARIPUR DISTRICT,HARIPUR DISTRICT,RURAL,MARRIED,SON/DAUGHTER,TRANSGENDER,NA
KHYBER PAKTUNKHWA,007,HARIPUR DISTRICT,HARIPUR DISTRICT,RURAL,MARRIED,DAUGHTER/SON IN LAW,ALL SEXES,45009
KHYBER PAKTUNKHWA,007,HARIPUR DISTRICT,HARIPUR DISTRICT,RURAL,MARRIED,DAUGHTER/SON IN LAW,MALE,545
KHYBER PAKTUNKHWA,007,HARIPUR DISTRICT,HARIPUR DISTRICT,RURAL,MARRIED,DAUGHTER/SON IN LAW,FEMALE,44464
KHYBER PAKTUNKHWA,007,HARIPUR DISTRICT,HARIPUR DISTRICT,RURAL,MARRIED,DAUGHTER/SON IN LAW,TRANSGENDER,NA
KHYBER PAKTUNKHWA,007,HARIPUR DISTRICT,HARIPUR DISTRICT,RURAL,MARRIED,GRAND SON/GRAND DAUGHTER,ALL SEXES,594
KHYBER PAKTUNKHWA,007,HARIPUR DISTRICT,HARIPUR DISTRICT,RURAL,MARRIED,GRAND SON/GRAND DAUGHTER,MALE,417
KHYBER PAKTUNKHWA,007,HARIPUR DISTRICT,HARIPUR DISTRICT,RURAL,MARRIED,GRAND SON/GRAND DAUGHTER,FEMALE,177
KHYBER PAKTUNKHWA,007,HARIPUR DISTRICT,HARIPUR DISTRICT,RURAL,MARRIED,GRAND SON/GRAND DAUGHTER,TRANSGENDER,NA
KHYBER PAKTUNKHWA,007,HARIPUR DISTRICT,HARIPUR DISTRICT,RURAL,MARRIED,FATHER/MOTHER,ALL SEXES,7729
KHYBER PAKTUNKHWA,007,HARIPUR DISTRICT,HARIPUR DISTRICT,RURAL,MARRIED,FATHER/MOTHER,MALE,3114
KHYBER PAKTUNKHWA,007,HARIPUR DISTRICT,HARIPUR DISTRICT,RURAL,MARRIED,FATHER/MOTHER,FEMALE,4615
KHYBER PAKTUNKHWA,007,HARIPUR DISTRICT,HARIPUR DISTRICT,RURAL,MARRIED,FATHER/MOTHER,TRANSGENDER,NA
KHYBER PAKTUNKHWA,007,HARIPUR DISTRICT,HARIPUR DISTRICT,RURAL,MARRIED,BROTHER/SISTER,ALL SEXES,8422
KHYBER PAKTUNKHWA,007,HARIPUR DISTRICT,HARIPUR DISTRICT,RURAL,MARRIED,BROTHER/SISTER,MALE,7667
KHYBER PAKTUNKHWA,007,HARIPUR DISTRICT,HARIPUR DISTRICT,RURAL,MARRIED,BROTHER/SISTER,FEMALE,755
KHYBER PAKTUNKHWA,007,HARIPUR DISTRICT,HARIPUR DISTRICT,RURAL,MARRIED,BROTHER/SISTER,TRANSGENDER,NA
KHYBER PAKTUNKHWA,007,HARIPUR DISTRICT,HARIPUR DISTRICT,RURAL,MARRIED,OTHER RELATIVE,ALL SEXES,16032
KHYBER PAKTUNKHWA,007,HARIPUR DISTRICT,HARIPUR DISTRICT,RURAL,MARRIED,OTHER RELATIVE,MALE,2582
KHYBER PAKTUNKHWA,007,HARIPUR DISTRICT,HARIPUR DISTRICT,RURAL,MARRIED,OTHER RELATIVE,FEMALE,13450
KHYBER PAKTUNKHWA,007,HARIPUR DISTRICT,HARIPUR DISTRICT,RURAL,MARRIED,OTHER RELATIVE,TRANSGENDER,NA
KHYBER PAKTUNKHWA,007,HARIPUR DISTRICT,HARIPUR DISTRICT,RURAL,MARRIED,NON-RELATIVE,ALL SEXES,7644
KHYBER PAKTUNKHWA,007,HARIPUR DISTRICT,HARIPUR DISTRICT,RURAL,MARRIED,NON-RELATIVE,MALE,6643
KHYBER PAKTUNKHWA,007,HARIPUR DISTRICT,HARIPUR DISTRICT,RURAL,MARRIED,NON-RELATIVE,FEMALE,1001
KHYBER PAKTUNKHWA,007,HARIPUR DISTRICT,HARIPUR DISTRICT,RURAL,MARRIED,NON-RELATIVE,TRANSGENDER,NA
KHYBER PAKTUNKHWA,007,HARIPUR DISTRICT,HARIPUR DISTRICT,RURAL,WIDOWED,HEAD,ALL SEXES,14571
KHYBER PAKTUNKHWA,007,HARIPUR DISTRICT,HARIPUR DISTRICT,RURAL,WIDOWED,HEAD,MALE,4388
KHYBER PAKTUNKHWA,007,HARIPUR DISTRICT,HARIPUR DISTRICT,RURAL,WIDOWED,HEAD,FEMALE,10183
KHYBER PAKTUNKHWA,007,HARIPUR DISTRICT,HARIPUR DISTRICT,RURAL,WIDOWED,HEAD,TRANSGENDER,NA
KHYBER PAKTUNKHWA,007,HARIPUR DISTRICT,HARIPUR DISTRICT,RURAL,WIDOWED,SPOUSE,ALL SEXES,NA
KHYBER PAKTUNKHWA,007,HARIPUR DISTRICT,HARIPUR DISTRICT,RURAL,WIDOWED,SPOUSE,MALE,NA
KHYBER PAKTUNKHWA,007,HARIPUR DISTRICT,HARIPUR DISTRICT,RURAL,WIDOWED,SPOUSE,FEMALE,NA
KHYBER PAKTUNKHWA,007,HARIPUR DISTRICT,HARIPUR DISTRICT,RURAL,WIDOWED,SPOUSE,TRANSGENDER,NA
KHYBER PAKTUNKHWA,007,HARIPUR DISTRICT,HARIPUR DISTRICT,RURAL,WIDOWED,SON/DAUGHTER,ALL SEXES,780
KHYBER PAKTUNKHWA,007,HARIPUR DISTRICT,HARIPUR DISTRICT,RURAL,WIDOWED,SON/DAUGHTER,MALE,318
KHYBER PAKTUNKHWA,007,HARIPUR DISTRICT,HARIPUR DISTRICT,RURAL,WIDOWED,SON/DAUGHTER,FEMALE,462
KHYBER PAKTUNKHWA,007,HARIPUR DISTRICT,HARIPUR DISTRICT,RURAL,WIDOWED,SON/DAUGHTER,TRANSGENDER,NA
KHYBER PAKTUNKHWA,007,HARIPUR DISTRICT,HARIPUR DISTRICT,RURAL,WIDOWED,DAUGHTER/SON IN LAW,ALL SEXES,480
KHYBER PAKTUNKHWA,007,HARIPUR DISTRICT,HARIPUR DISTRICT,RURAL,WIDOWED,DAUGHTER/SON IN LAW,MALE,5
KHYBER PAKTUNKHWA,007,HARIPUR DISTRICT,HARIPUR DISTRICT,RURAL,WIDOWED,DAUGHTER/SON IN LAW,FEMALE,475
KHYBER PAKTUNKHWA,007,HARIPUR DISTRICT,HARIPUR DISTRICT,RURAL,WIDOWED,DAUGHTER/SON IN LAW,TRANSGENDER,NA
KHYBER PAKTUNKHWA,007,HARIPUR DISTRICT,HARIPUR DISTRICT,RURAL,WIDOWED,GRAND SON/GRAND DAUGHTER,ALL SEXES,5
KHYBER PAKTUNKHWA,007,HARIPUR DISTRICT,HARIPUR DISTRICT,RURAL,WIDOWED,GRAND SON/GRAND DAUGHTER,MALE,4
KHYBER PAKTUNKHWA,007,HARIPUR DISTRICT,HARIPUR DISTRICT,RURAL,WIDOWED,GRAND SON/GRAND DAUGHTER,FEMALE,1
KHYBER PAKTUNKHWA,007,HARIPUR DISTRICT,HARIPUR DISTRICT,RURAL,WIDOWED,GRAND SON/GRAND DAUGHTER,TRANSGENDER,NA
KHYBER PAKTUNKHWA,007,HARIPUR DISTRICT,HARIPUR DISTRICT,RURAL,WIDOWED,FATHER/MOTHER,ALL SEXES,12878
KHYBER PAKTUNKHWA,007,HARIPUR DISTRICT,HARIPUR DISTRICT,RURAL,WIDOWED,FATHER/MOTHER,MALE,1202
KHYBER PAKTUNKHWA,007,HARIPUR DISTRICT,HARIPUR DISTRICT,RURAL,WIDOWED,FATHER/MOTHER,FEMALE,11676
KHYBER PAKTUNKHWA,007,HARIPUR DISTRICT,HARIPUR DISTRICT,RURAL,WIDOWED,FATHER/MOTHER,TRANSGENDER,NA
KHYBER PAKTUNKHWA,007,HARIPUR DISTRICT,HARIPUR DISTRICT,RURAL,WIDOWED,BROTHER/SISTER,ALL SEXES,860
KHYBER PAKTUNKHWA,007,HARIPUR DISTRICT,HARIPUR DISTRICT,RURAL,WIDOWED,BROTHER/SISTER,MALE,243
KHYBER PAKTUNKHWA,007,HARIPUR DISTRICT,HARIPUR DISTRICT,RURAL,WIDOWED,BROTHER/SISTER,FEMALE,617
KHYBER PAKTUNKHWA,007,HARIPUR DISTRICT,HARIPUR DISTRICT,RURAL,WIDOWED,BROTHER/SISTER,TRANSGENDER,NA
KHYBER PAKTUNKHWA,007,HARIPUR DISTRICT,HARIPUR DISTRICT,RURAL,WIDOWED,OTHER RELATIVE,ALL SEXES,2947
KHYBER PAKTUNKHWA,007,HARIPUR DISTRICT,HARIPUR DISTRICT,RURAL,WIDOWED,OTHER RELATIVE,MALE,313
KHYBER PAKTUNKHWA,007,HARIPUR DISTRICT,HARIPUR DISTRICT,RURAL,WIDOWED,OTHER RELATIVE,FEMALE,2634
KHYBER PAKTUNKHWA,007,HARIPUR DISTRICT,HARIPUR DISTRICT,RURAL,WIDOWED,OTHER RELATIVE,TRANSGENDER,NA
KHYBER PAKTUNKHWA,007,HARIPUR DISTRICT,HARIPUR DISTRICT,RURAL,WIDOWED,NON-RELATIVE,ALL SEXES,189
KHYBER PAKTUNKHWA,007,HARIPUR DISTRICT,HARIPUR DISTRICT,RURAL,WIDOWED,NON-RELATIVE,MALE,43
KHYBER PAKTUNKHWA,007,HARIPUR DISTRICT,HARIPUR DISTRICT,RURAL,WIDOWED,NON-RELATIVE,FEMALE,146
KHYBER PAKTUNKHWA,007,HARIPUR DISTRICT,HARIPUR DISTRICT,RURAL,WIDOWED,NON-RELATIVE,TRANSGENDER,NA
KHYBER PAKTUNKHWA,007,HARIPUR DISTRICT,HARIPUR DISTRICT,RURAL,DIVORCED,HEAD,ALL SEXES,548
KHYBER PAKTUNKHWA,007,HARIPUR DISTRICT,HARIPUR DISTRICT,RURAL,DIVORCED,HEAD,MALE,273
KHYBER PAKTUNKHWA,007,HARIPUR DISTRICT,HARIPUR DISTRICT,RURAL,DIVORCED,HEAD,FEMALE,275
KHYBER PAKTUNKHWA,007,HARIPUR DISTRICT,HARIPUR DISTRICT,RURAL,DIVORCED,HEAD,TRANSGENDER,NA
KHYBER PAKTUNKHWA,007,HARIPUR DISTRICT,HARIPUR DISTRICT,RURAL,DIVORCED,SPOUSE,ALL SEXES,NA
KHYBER PAKTUNKHWA,007,HARIPUR DISTRICT,HARIPUR DISTRICT,RURAL,DIVORCED,SPOUSE,MALE,NA
KHYBER PAKTUNKHWA,007,HARIPUR DISTRICT,HARIPUR DISTRICT,RURAL,DIVORCED,SPOUSE,FEMALE,NA
KHYBER PAKTUNKHWA,007,HARIPUR DISTRICT,HARIPUR DISTRICT,RURAL,DIVORCED,SPOUSE,TRANSGENDER,NA
KHYBER PAKTUNKHWA,007,HARIPUR DISTRICT,HARIPUR DISTRICT,RURAL,DIVORCED,SON/DAUGHTER,ALL SEXES,1313
KHYBER PAKTUNKHWA,007,HARIPUR DISTRICT,HARIPUR DISTRICT,RURAL,DIVORCED,SON/DAUGHTER,MALE,248
KHYBER PAKTUNKHWA,007,HARIPUR DISTRICT,HARIPUR DISTRICT,RURAL,DIVORCED,SON/DAUGHTER,FEMALE,1065
KHYBER PAKTUNKHWA,007,HARIPUR DISTRICT,HARIPUR DISTRICT,RURAL,DIVORCED,SON/DAUGHTER,TRANSGENDER,NA
KHYBER PAKTUNKHWA,007,HARIPUR DISTRICT,HARIPUR DISTRICT,RURAL,DIVORCED,DAUGHTER/SON IN LAW,ALL SEXES,8
KHYBER PAKTUNKHWA,007,HARIPUR DISTRICT,HARIPUR DISTRICT,RURAL,DIVORCED,DAUGHTER/SON IN LAW,MALE,NA
KHYBER PAKTUNKHWA,007,HARIPUR DISTRICT,HARIPUR DISTRICT,RURAL,DIVORCED,DAUGHTER/SON IN LAW,FEMALE,8
KHYBER PAKTUNKHWA,007,HARIPUR DISTRICT,HARIPUR DISTRICT,RURAL,DIVORCED,DAUGHTER/SON IN LAW,TRANSGENDER,NA
KHYBER PAKTUNKHWA,007,HARIPUR DISTRICT,HARIPUR DISTRICT,RURAL,DIVORCED,GRAND SON/GRAND DAUGHTER,ALL SEXES,14
KHYBER PAKTUNKHWA,007,HARIPUR DISTRICT,HARIPUR DISTRICT,RURAL,DIVORCED,GRAND SON/GRAND DAUGHTER,MALE,1
KHYBER PAKTUNKHWA,007,HARIPUR DISTRICT,HARIPUR DISTRICT,RURAL,DIVORCED,GRAND SON/GRAND DAUGHTER,FEMALE,13
KHYBER PAKTUNKHWA,007,HARIPUR DISTRICT,HARIPUR DISTRICT,RURAL,DIVORCED,GRAND SON/GRAND DAUGHTER,TRANSGENDER,NA
KHYBER PAKTUNKHWA,007,HARIPUR DISTRICT,HARIPUR DISTRICT,RURAL,DIVORCED,FATHER/MOTHER,ALL SEXES,130
KHYBER PAKTUNKHWA,007,HARIPUR DISTRICT,HARIPUR DISTRICT,RURAL,DIVORCED,FATHER/MOTHER,MALE,29
KHYBER PAKTUNKHWA,007,HARIPUR DISTRICT,HARIPUR DISTRICT,RURAL,DIVORCED,FATHER/MOTHER,FEMALE,101
KHYBER PAKTUNKHWA,007,HARIPUR DISTRICT,HARIPUR DISTRICT,RURAL,DIVORCED,FATHER/MOTHER,TRANSGENDER,NA
KHYBER PAKTUNKHWA,007,HARIPUR DISTRICT,HARIPUR DISTRICT,RURAL,DIVORCED,BROTHER/SISTER,ALL SEXES,679
KHYBER PAKTUNKHWA,007,HARIPUR DISTRICT,HARIPUR DISTRICT,RURAL,DIVORCED,BROTHER/SISTER,MALE,116
KHYBER PAKTUNKHWA,007,HARIPUR DISTRICT,HARIPUR DISTRICT,RURAL,DIVORCED,BROTHER/SISTER,FEMALE,563
KHYBER PAKTUNKHWA,007,HARIPUR DISTRICT,HARIPUR DISTRICT,RURAL,DIVORCED,BROTHER/SISTER,TRANSGENDER,NA
KHYBER PAKTUNKHWA,007,HARIPUR DISTRICT,HARIPUR DISTRICT,RURAL,DIVORCED,OTHER RELATIVE,ALL SEXES,269
KHYBER PAKTUNKHWA,007,HARIPUR DISTRICT,HARIPUR DISTRICT,RURAL,DIVORCED,OTHER RELATIVE,MALE,51
KHYBER PAKTUNKHWA,007,HARIPUR DISTRICT,HARIPUR DISTRICT,RURAL,DIVORCED,OTHER RELATIVE,FEMALE,218
KHYBER PAKTUNKHWA,007,HARIPUR DISTRICT,HARIPUR DISTRICT,RURAL,DIVORCED,OTHER RELATIVE,TRANSGENDER,NA
KHYBER PAKTUNKHWA,007,HARIPUR DISTRICT,HARIPUR DISTRICT,RURAL,DIVORCED,NON-RELATIVE,ALL SEXES,34
KHYBER PAKTUNKHWA,007,HARIPUR DISTRICT,HARIPUR DISTRICT,RURAL,DIVORCED,NON-RELATIVE,MALE,12
KHYBER PAKTUNKHWA,007,HARIPUR DISTRICT,HARIPUR DISTRICT,RURAL,DIVORCED,NON-RELATIVE,FEMALE,22
KHYBER PAKTUNKHWA,007,HARIPUR DISTRICT,HARIPUR DISTRICT,RURAL,DIVORCED,NON-RELATIVE,TRANSGENDER,NA
KHYBER PAKTUNKHWA,007,HARIPUR DISTRICT,HARIPUR DISTRICT,RURAL,TOTAL,HEAD,ALL SEXES,140793
KHYBER PAKTUNKHWA,007,HARIPUR DISTRICT,HARIPUR DISTRICT,RURAL,TOTAL,HEAD,MALE,115057
KHYBER PAKTUNKHWA,007,HARIPUR DISTRICT,HARIPUR DISTRICT,RURAL,TOTAL,HEAD,FEMALE,25731
KHYBER PAKTUNKHWA,007,HARIPUR DISTRICT,HARIPUR DISTRICT,RURAL,TOTAL,HEAD,TRANSGENDER,5
KHYBER PAKTUNKHWA,007,HARIPUR DISTRICT,HARIPUR DISTRICT,RURAL,TOTAL,SPOUSE,ALL SEXES,109319
KHYBER PAKTUNKHWA,007,HARIPUR DISTRICT,HARIPUR DISTRICT,RURAL,TOTAL,SPOUSE,MALE,4431
KHYBER PAKTUNKHWA,007,HARIPUR DISTRICT,HARIPUR DISTRICT,RURAL,TOTAL,SPOUSE,FEMALE,104888
KHYBER PAKTUNKHWA,007,HARIPUR DISTRICT,HARIPUR DISTRICT,RURAL,TOTAL,SPOUSE,TRANSGENDER,NA
KHYBER PAKTUNKHWA,007,HARIPUR DISTRICT,HARIPUR DISTRICT,RURAL,TOTAL,SON/DAUGHTER,ALL SEXES,166865
KHYBER PAKTUNKHWA,007,HARIPUR DISTRICT,HARIPUR DISTRICT,RURAL,TOTAL,SON/DAUGHTER,MALE,106249
KHYBER PAKTUNKHWA,007,HARIPUR DISTRICT,HARIPUR DISTRICT,RURAL,TOTAL,SON/DAUGHTER,FEMALE,60615
KHYBER PAKTUNKHWA,007,HARIPUR DISTRICT,HARIPUR DISTRICT,RURAL,TOTAL,SON/DAUGHTER,TRANSGENDER,1
KHYBER PAKTUNKHWA,007,HARIPUR DISTRICT,HARIPUR DISTRICT,RURAL,TOTAL,DAUGHTER/SON IN LAW,ALL SEXES,45497
KHYBER PAKTUNKHWA,007,HARIPUR DISTRICT,HARIPUR DISTRICT,RURAL,TOTAL,DAUGHTER/SON IN LAW,MALE,550
KHYBER PAKTUNKHWA,007,HARIPUR DISTRICT,HARIPUR DISTRICT,RURAL,TOTAL,DAUGHTER/SON IN LAW,FEMALE,44947
KHYBER PAKTUNKHWA,007,HARIPUR DISTRICT,HARIPUR DISTRICT,RURAL,TOTAL,DAUGHTER/SON IN LAW,TRANSGENDER,NA
KHYBER PAKTUNKHWA,007,HARIPUR DISTRICT,HARIPUR DISTRICT,RURAL,TOTAL,GRAND SON/GRAND DAUGHTER,ALL SEXES,8427
KHYBER PAKTUNKHWA,007,HARIPUR DISTRICT,HARIPUR DISTRICT,RURAL,TOTAL,GRAND SON/GRAND DAUGHTER,MALE,4585
KHYBER PAKTUNKHWA,007,HARIPUR DISTRICT,HARIPUR DISTRICT,RURAL,TOTAL,GRAND SON/GRAND DAUGHTER,FEMALE,3842
KHYBER PAKTUNKHWA,007,HARIPUR DISTRICT,HARIPUR DISTRICT,RURAL,TOTAL,GRAND SON/GRAND DAUGHTER,TRANSGENDER,NA
KHYBER PAKTUNKHWA,007,HARIPUR DISTRICT,HARIPUR DISTRICT,RURAL,TOTAL,FATHER/MOTHER,ALL SEXES,20737
KHYBER PAKTUNKHWA,007,HARIPUR DISTRICT,HARIPUR DISTRICT,RURAL,TOTAL,FATHER/MOTHER,MALE,4345
KHYBER PAKTUNKHWA,007,HARIPUR DISTRICT,HARIPUR DISTRICT,RURAL,TOTAL,FATHER/MOTHER,FEMALE,16392
KHYBER PAKTUNKHWA,007,HARIPUR DISTRICT,HARIPUR DISTRICT,RURAL,TOTAL,FATHER/MOTHER,TRANSGENDER,NA
KHYBER PAKTUNKHWA,007,HARIPUR DISTRICT,HARIPUR DISTRICT,RURAL,TOTAL,BROTHER/SISTER,ALL SEXES,24905
KHYBER PAKTUNKHWA,007,HARIPUR DISTRICT,HARIPUR DISTRICT,RURAL,TOTAL,BROTHER/SISTER,MALE,16089
KHYBER PAKTUNKHWA,007,HARIPUR DISTRICT,HARIPUR DISTRICT,RURAL,TOTAL,BROTHER/SISTER,FEMALE,8811
KHYBER PAKTUNKHWA,007,HARIPUR DISTRICT,HARIPUR DISTRICT,RURAL,TOTAL,BROTHER/SISTER,TRANSGENDER,5
KHYBER PAKTUNKHWA,007,HARIPUR DISTRICT,HARIPUR DISTRICT,RURAL,TOTAL,OTHER RELATIVE,ALL SEXES,27251
KHYBER PAKTUNKHWA,007,HARIPUR DISTRICT,HARIPUR DISTRICT,RURAL,TOTAL,OTHER RELATIVE,MALE,7245
KHYBER PAKTUNKHWA,007,HARIPUR DISTRICT,HARIPUR DISTRICT,RURAL,TOTAL,OTHER RELATIVE,FEMALE,20003
KHYBER PAKTUNKHWA,007,HARIPUR DISTRICT,HARIPUR DISTRICT,RURAL,TOTAL,OTHER RELATIVE,TRANSGENDER,3
KHYBER PAKTUNKHWA,007,HARIPUR DISTRICT,HARIPUR DISTRICT,RURAL,TOTAL,NON-RELATIVE,ALL SEXES,13417
KHYBER PAKTUNKHWA,007,HARIPUR DISTRICT,HARIPUR DISTRICT,RURAL,TOTAL,NON-RELATIVE,MALE,11488
KHYBER PAKTUNKHWA,007,HARIPUR DISTRICT,HARIPUR DISTRICT,RURAL,TOTAL,NON-RELATIVE,FEMALE,1926
KHYBER PAKTUNKHWA,007,HARIPUR DISTRICT,HARIPUR DISTRICT,RURAL,TOTAL,NON-RELATIVE,TRANSGENDER,3
KHYBER PAKTUNKHWA,007,HARIPUR DISTRICT,HARIPUR DISTRICT,RURAL,NEVER MARRIED,HEAD,ALL SEXES,4841
KHYBER PAKTUNKHWA,007,HARIPUR DISTRICT,HARIPUR DISTRICT,RURAL,NEVER MARRIED,HEAD,MALE,4465
KHYBER PAKTUNKHWA,007,HARIPUR DISTRICT,HARIPUR DISTRICT,RURAL,NEVER MARRIED,HEAD,FEMALE,371
KHYBER PAKTUNKHWA,007,HARIPUR DISTRICT,HARIPUR DISTRICT,RURAL,NEVER MARRIED,HEAD,TRANSGENDER,5
KHYBER PAKTUNKHWA,007,HARIPUR DISTRICT,HARIPUR DISTRICT,RURAL,NEVER MARRIED,SPOUSE,ALL SEXES,NA
KHYBER PAKTUNKHWA,007,HARIPUR DISTRICT,HARIPUR DISTRICT,RURAL,NEVER MARRIED,SPOUSE,MALE,NA
KHYBER PAKTUNKHWA,007,HARIPUR DISTRICT,HARIPUR DISTRICT,RURAL,NEVER MARRIED,SPOUSE,FEMALE,NA
KHYBER PAKTUNKHWA,007,HARIPUR DISTRICT,HARIPUR DISTRICT,RURAL,NEVER MARRIED,SPOUSE,TRANSGENDER,NA
KHYBER PAKTUNKHWA,007,HARIPUR DISTRICT,HARIPUR DISTRICT,RURAL,NEVER MARRIED,SON/DAUGHTER,ALL SEXES,131701
KHYBER PAKTUNKHWA,007,HARIPUR DISTRICT,HARIPUR DISTRICT,RURAL,NEVER MARRIED,SON/DAUGHTER,MALE,74835
KHYBER PAKTUNKHWA,007,HARIPUR DISTRICT,HARIPUR DISTRICT,RURAL,NEVER MARRIED,SON/DAUGHTER,FEMALE,56865
KHYBER PAKTUNKHWA,007,HARIPUR DISTRICT,HARIPUR DISTRICT,RURAL,NEVER MARRIED,SON/DAUGHTER,TRANSGENDER,1
KHYBER PAKTUNKHWA,007,HARIPUR DISTRICT,HARIPUR DISTRICT,RURAL,NEVER MARRIED,DAUGHTER/SON IN LAW,ALL SEXES,NA
KHYBER PAKTUNKHWA,007,HARIPUR DISTRICT,HARIPUR DISTRICT,RURAL,NEVER MARRIED,DAUGHTER/SON IN LAW,MALE,NA
KHYBER PAKTUNKHWA,007,HARIPUR DISTRICT,HARIPUR DISTRICT,RURAL,NEVER MARRIED,DAUGHTER/SON IN LAW,FEMALE,NA
KHYBER PAKTUNKHWA,007,HARIPUR DISTRICT,HARIPUR DISTRICT,RURAL,NEVER MARRIED,DAUGHTER/SON IN LAW,TRANSGENDER,NA
KHYBER PAKTUNKHWA,007,HARIPUR DISTRICT,HARIPUR DISTRICT,RURAL,NEVER MARRIED,GRAND SON/GRAND DAUGHTER,ALL SEXES,7814
KHYBER PAKTUNKHWA,007,HARIPUR DISTRICT,HARIPUR DISTRICT,RURAL,NEVER MARRIED,GRAND SON/GRAND DAUGHTER,MALE,4163
KHYBER PAKTUNKHWA,007,HARIPUR DISTRICT,HARIPUR DISTRICT,RURAL,NEVER MARRIED,GRAND SON/GRAND DAUGHTER,FEMALE,3651
KHYBER PAKTUNKHWA,007,HARIPUR DISTRICT,HARIPUR DISTRICT,RURAL,NEVER MARRIED,GRAND SON/GRAND DAUGHTER,TRANSGENDER,NA
KHYBER PAKTUNKHWA,007,HARIPUR DISTRICT,HARIPUR DISTRICT,RURAL,NEVER MARRIED,FATHER/MOTHER,ALL SEXES,NA
KHYBER PAKTUNKHWA,007,HARIPUR DISTRICT,HARIPUR DISTRICT,RURAL,NEVER MARRIED,FATHER/MOTHER,MALE,NA
KHYBER PAKTUNKHWA,007,HARIPUR DISTRICT,HARIPUR DISTRICT,RURAL,NEVER MARRIED,FATHER/MOTHER,FEMALE,NA
KHYBER PAKTUNKHWA,007,HARIPUR DISTRICT,HARIPUR DISTRICT,RURAL,NEVER MARRIED,FATHER/MOTHER,TRANSGENDER,NA
KHYBER PAKTUNKHWA,007,HARIPUR DISTRICT,HARIPUR DISTRICT,RURAL,NEVER MARRIED,BROTHER/SISTER,ALL SEXES,14944
KHYBER PAKTUNKHWA,007,HARIPUR DISTRICT,HARIPUR DISTRICT,RURAL,NEVER MARRIED,BROTHER/SISTER,MALE,8063
KHYBER PAKTUNKHWA,007,HARIPUR DISTRICT,HARIPUR DISTRICT,RURAL,NEVER MARRIED,BROTHER/SISTER,FEMALE,6876
KHYBER PAKTUNKHWA,007,HARIPUR DISTRICT,HARIPUR DISTRICT,RURAL,NEVER MARRIED,BROTHER/SISTER,TRANSGENDER,5
KHYBER PAKTUNKHWA,007,HARIPUR DISTRICT,HARIPUR DISTRICT,RURAL,NEVER MARRIED,OTHER RELATIVE,ALL SEXES,8003
KHYBER PAKTUNKHWA,007,HARIPUR DISTRICT,HARIPUR DISTRICT,RURAL,NEVER MARRIED,OTHER RELATIVE,MALE,4299
KHYBER PAKTUNKHWA,007,HARIPUR DISTRICT,HARIPUR DISTRICT,RURAL,NEVER MARRIED,OTHER RELATIVE,FEMALE,3701
KHYBER PAKTUNKHWA,007,HARIPUR DISTRICT,HARIPUR DISTRICT,RURAL,NEVER MARRIED,OTHER RELATIVE,TRANSGENDER,3
KHYBER PAKTUNKHWA,007,HARIPUR DISTRICT,HARIPUR DISTRICT,RURAL,NEVER MARRIED,NON-RELATIVE,ALL SEXES,5550
KHYBER PAKTUNKHWA,007,HARIPUR DISTRICT,HARIPUR DISTRICT,RURAL,NEVER MARRIED,NON-RELATIVE,MALE,4790
KHYBER PAKTUNKHWA,007,HARIPUR DISTRICT,HARIPUR DISTRICT,RURAL,NEVER MARRIED,NON-RELATIVE,FEMALE,757
KHYBER PAKTUNKHWA,007,HARIPUR DISTRICT,HARIPUR DISTRICT,RURAL,NEVER MARRIED,NON-RELATIVE,TRANSGENDER,3
KHYBER PAKTUNKHWA,007,HARIPUR DISTRICT,HARIPUR DISTRICT,RURAL,MARRIED,HEAD,ALL SEXES,120833
KHYBER PAKTUNKHWA,007,HARIPUR DISTRICT,HARIPUR DISTRICT,RURAL,MARRIED,HEAD,MALE,105931
KHYBER PAKTUNKHWA,007,HARIPUR DISTRICT,HARIPUR DISTRICT,RURAL,MARRIED,HEAD,FEMALE,14902
KHYBER PAKTUNKHWA,007,HARIPUR DISTRICT,HARIPUR DISTRICT,RURAL,MARRIED,HEAD,TRANSGENDER,NA
KHYBER PAKTUNKHWA,007,HARIPUR DISTRICT,HARIPUR DISTRICT,RURAL,MARRIED,SPOUSE,ALL SEXES,109319
KHYBER PAKTUNKHWA,007,HARIPUR DISTRICT,HARIPUR DISTRICT,RURAL,MARRIED,SPOUSE,MALE,4431
KHYBER PAKTUNKHWA,007,HARIPUR DISTRICT,HARIPUR DISTRICT,RURAL,MARRIED,SPOUSE,FEMALE,104888
KHYBER PAKTUNKHWA,007,HARIPUR DISTRICT,HARIPUR DISTRICT,RURAL,MARRIED,SPOUSE,TRANSGENDER,NA
KHYBER PAKTUNKHWA,007,HARIPUR DISTRICT,HARIPUR DISTRICT,RURAL,MARRIED,SON/DAUGHTER,ALL SEXES,33071
KHYBER PAKTUNKHWA,007,HARIPUR DISTRICT,HARIPUR DISTRICT,RURAL,MARRIED,SON/DAUGHTER,MALE,30848
KHYBER PAKTUNKHWA,007,HARIPUR DISTRICT,HARIPUR DISTRICT,RURAL,MARRIED,SON/DAUGHTER,FEMALE,2223
KHYBER PAKTUNKHWA,007,HARIPUR DISTRICT,HARIPUR DISTRICT,RURAL,MARRIED,SON/DAUGHTER,TRANSGENDER,NA
KHYBER PAKTUNKHWA,007,HARIPUR DISTRICT,HARIPUR DISTRICT,RURAL,MARRIED,DAUGHTER/SON IN LAW,ALL SEXES,45009
KHYBER PAKTUNKHWA,007,HARIPUR DISTRICT,HARIPUR DISTRICT,RURAL,MARRIED,DAUGHTER/SON IN LAW,MALE,545
KHYBER PAKTUNKHWA,007,HARIPUR DISTRICT,HARIPUR DISTRICT,RURAL,MARRIED,DAUGHTER/SON IN LAW,FEMALE,44464
KHYBER PAKTUNKHWA,007,HARIPUR DISTRICT,HARIPUR DISTRICT,RURAL,MARRIED,DAUGHTER/SON IN LAW,TRANSGENDER,NA
KHYBER PAKTUNKHWA,007,HARIPUR DISTRICT,HARIPUR DISTRICT,RURAL,MARRIED,GRAND SON/GRAND DAUGHTER,ALL SEXES,594
KHYBER PAKTUNKHWA,007,HARIPUR DISTRICT,HARIPUR DISTRICT,RURAL,MARRIED,GRAND SON/GRAND DAUGHTER,MALE,417
KHYBER PAKTUNKHWA,007,HARIPUR DISTRICT,HARIPUR DISTRICT,RURAL,MARRIED,GRAND SON/GRAND DAUGHTER,FEMALE,177
KHYBER PAKTUNKHWA,007,HARIPUR DISTRICT,HARIPUR DISTRICT,RURAL,MARRIED,GRAND SON/GRAND DAUGHTER,TRANSGENDER,NA
KHYBER PAKTUNKHWA,007,HARIPUR DISTRICT,HARIPUR DISTRICT,RURAL,MARRIED,FATHER/MOTHER,ALL SEXES,7729
KHYBER PAKTUNKHWA,007,HARIPUR DISTRICT,HARIPUR DISTRICT,RURAL,MARRIED,FATHER/MOTHER,MALE,3114
KHYBER PAKTUNKHWA,007,HARIPUR DISTRICT,HARIPUR DISTRICT,RURAL,MARRIED,FATHER/MOTHER,FEMALE,4615
KHYBER PAKTUNKHWA,007,HARIPUR DISTRICT,HARIPUR DISTRICT,RURAL,MARRIED,FATHER/MOTHER,TRANSGENDER,NA
KHYBER PAKTUNKHWA,007,HARIPUR DISTRICT,HARIPUR DISTRICT,RURAL,MARRIED,BROTHER/SISTER,ALL SEXES,8422
KHYBER PAKTUNKHWA,007,HARIPUR DISTRICT,HARIPUR DISTRICT,RURAL,MARRIED,BROTHER/SISTER,MALE,7667
KHYBER PAKTUNKHWA,007,HARIPUR DISTRICT,HARIPUR DISTRICT,RURAL,MARRIED,BROTHER/SISTER,FEMALE,755
KHYBER PAKTUNKHWA,007,HARIPUR DISTRICT,HARIPUR DISTRICT,RURAL,MARRIED,BROTHER/SISTER,TRANSGENDER,NA
KHYBER PAKTUNKHWA,007,HARIPUR DISTRICT,HARIPUR DISTRICT,RURAL,MARRIED,OTHER RELATIVE,ALL SEXES,16032
KHYBER PAKTUNKHWA,007,HARIPUR DISTRICT,HARIPUR DISTRICT,RURAL,MARRIED,OTHER RELATIVE,MALE,2582
KHYBER PAKTUNKHWA,007,HARIPUR DISTRICT,HARIPUR DISTRICT,RURAL,MARRIED,OTHER RELATIVE,FEMALE,13450
KHYBER PAKTUNKHWA,007,HARIPUR DISTRICT,HARIPUR DISTRICT,RURAL,MARRIED,OTHER RELATIVE,TRANSGENDER,NA
KHYBER PAKTUNKHWA,007,HARIPUR DISTRICT,HARIPUR DISTRICT,RURAL,MARRIED,NON-RELATIVE,ALL SEXES,7644
KHYBER PAKTUNKHWA,007,HARIPUR DISTRICT,HARIPUR DISTRICT,RURAL,MARRIED,NON-RELATIVE,MALE,6643
KHYBER PAKTUNKHWA,007,HARIPUR DISTRICT,HARIPUR DISTRICT,RURAL,MARRIED,NON-RELATIVE,FEMALE,1001
KHYBER PAKTUNKHWA,007,HARIPUR DISTRICT,HARIPUR DISTRICT,RURAL,MARRIED,NON-RELATIVE,TRANSGENDER,NA
KHYBER PAKTUNKHWA,007,HARIPUR DISTRICT,HARIPUR DISTRICT,RURAL,WIDOWED,HEAD,ALL SEXES,14571
KHYBER PAKTUNKHWA,007,HARIPUR DISTRICT,HARIPUR DISTRICT,RURAL,WIDOWED,HEAD,MALE,4388
KHYBER PAKTUNKHWA,007,HARIPUR DISTRICT,HARIPUR DISTRICT,RURAL,WIDOWED,HEAD,FEMALE,10183
KHYBER PAKTUNKHWA,007,HARIPUR DISTRICT,HARIPUR DISTRICT,RURAL,WIDOWED,HEAD,TRANSGENDER,NA
KHYBER PAKTUNKHWA,007,HARIPUR DISTRICT,HARIPUR DISTRICT,RURAL,WIDOWED,SPOUSE,ALL SEXES,NA
KHYBER PAKTUNKHWA,007,HARIPUR DISTRICT,HARIPUR DISTRICT,RURAL,WIDOWED,SPOUSE,MALE,NA
KHYBER PAKTUNKHWA,007,HARIPUR DISTRICT,HARIPUR DISTRICT,RURAL,WIDOWED,SPOUSE,FEMALE,NA
KHYBER PAKTUNKHWA,007,HARIPUR DISTRICT,HARIPUR DISTRICT,RURAL,WIDOWED,SPOUSE,TRANSGENDER,NA
KHYBER PAKTUNKHWA,007,HARIPUR DISTRICT,HARIPUR DISTRICT,RURAL,WIDOWED,SON/DAUGHTER,ALL SEXES,780
KHYBER PAKTUNKHWA,007,HARIPUR DISTRICT,HARIPUR DISTRICT,RURAL,WIDOWED,SON/DAUGHTER,MALE,318
KHYBER PAKTUNKHWA,007,HARIPUR DISTRICT,HARIPUR DISTRICT,RURAL,WIDOWED,SON/DAUGHTER,FEMALE,462
KHYBER PAKTUNKHWA,007,HARIPUR DISTRICT,HARIPUR DISTRICT,RURAL,WIDOWED,SON/DAUGHTER,TRANSGENDER,NA
KHYBER PAKTUNKHWA,007,HARIPUR DISTRICT,HARIPUR DISTRICT,RURAL,WIDOWED,DAUGHTER/SON IN LAW,ALL SEXES,480
KHYBER PAKTUNKHWA,007,HARIPUR DISTRICT,HARIPUR DISTRICT,RURAL,WIDOWED,DAUGHTER/SON IN LAW,MALE,5
KHYBER PAKTUNKHWA,007,HARIPUR DISTRICT,HARIPUR DISTRICT,RURAL,WIDOWED,DAUGHTER/SON IN LAW,FEMALE,475
KHYBER PAKTUNKHWA,007,HARIPUR DISTRICT,HARIPUR DISTRICT,RURAL,WIDOWED,DAUGHTER/SON IN LAW,TRANSGENDER,NA
KHYBER PAKTUNKHWA,007,HARIPUR DISTRICT,HARIPUR DISTRICT,RURAL,WIDOWED,GRAND SON/GRAND DAUGHTER,ALL SEXES,5
KHYBER PAKTUNKHWA,007,HARIPUR DISTRICT,HARIPUR DISTRICT,RURAL,WIDOWED,GRAND SON/GRAND DAUGHTER,MALE,4
KHYBER PAKTUNKHWA,007,HARIPUR DISTRICT,HARIPUR DISTRICT,RURAL,WIDOWED,GRAND SON/GRAND DAUGHTER,FEMALE,1
KHYBER PAKTUNKHWA,007,HARIPUR DISTRICT,HARIPUR DISTRICT,RURAL,WIDOWED,GRAND SON/GRAND DAUGHTER,TRANSGENDER,NA
KHYBER PAKTUNKHWA,007,HARIPUR DISTRICT,HARIPUR DISTRICT,RURAL,WIDOWED,FATHER/MOTHER,ALL SEXES,12878
KHYBER PAKTUNKHWA,007,HARIPUR DISTRICT,HARIPUR DISTRICT,RURAL,WIDOWED,FATHER/MOTHER,MALE,1202
KHYBER PAKTUNKHWA,007,HARIPUR DISTRICT,HARIPUR DISTRICT,RURAL,WIDOWED,FATHER/MOTHER,FEMALE,11676
KHYBER PAKTUNKHWA,007,HARIPUR DISTRICT,HARIPUR DISTRICT,RURAL,WIDOWED,FATHER/MOTHER,TRANSGENDER,NA
KHYBER PAKTUNKHWA,007,HARIPUR DISTRICT,HARIPUR DISTRICT,RURAL,WIDOWED,BROTHER/SISTER,ALL SEXES,860
KHYBER PAKTUNKHWA,007,HARIPUR DISTRICT,HARIPUR DISTRICT,RURAL,WIDOWED,BROTHER/SISTER,MALE,243
KHYBER PAKTUNKHWA,007,HARIPUR DISTRICT,HARIPUR DISTRICT,RURAL,WIDOWED,BROTHER/SISTER,FEMALE,617
KHYBER PAKTUNKHWA,007,HARIPUR DISTRICT,HARIPUR DISTRICT,RURAL,WIDOWED,BROTHER/SISTER,TRANSGENDER,NA
KHYBER PAKTUNKHWA,007,HARIPUR DISTRICT,HARIPUR DISTRICT,RURAL,WIDOWED,OTHER RELATIVE,ALL SEXES,2947
KHYBER PAKTUNKHWA,007,HARIPUR DISTRICT,HARIPUR DISTRICT,RURAL,WIDOWED,OTHER RELATIVE,MALE,313
KHYBER PAKTUNKHWA,007,HARIPUR DISTRICT,HARIPUR DISTRICT,RURAL,WIDOWED,OTHER RELATIVE,FEMALE,2634
KHYBER PAKTUNKHWA,007,HARIPUR DISTRICT,HARIPUR DISTRICT,RURAL,WIDOWED,OTHER RELATIVE,TRANSGENDER,NA
KHYBER PAKTUNKHWA,007,HARIPUR DISTRICT,HARIPUR DISTRICT,RURAL,WIDOWED,NON-RELATIVE,ALL SEXES,189
KHYBER PAKTUNKHWA,007,HARIPUR DISTRICT,HARIPUR DISTRICT,RURAL,WIDOWED,NON-RELATIVE,MALE,43
KHYBER PAKTUNKHWA,007,HARIPUR DISTRICT,HARIPUR DISTRICT,RURAL,WIDOWED,NON-RELATIVE,FEMALE,146
KHYBER PAKTUNKHWA,007,HARIPUR DISTRICT,HARIPUR DISTRICT,RURAL,WIDOWED,NON-RELATIVE,TRANSGENDER,NA
KHYBER PAKTUNKHWA,007,HARIPUR DISTRICT,HARIPUR DISTRICT,RURAL,DIVORCED,HEAD,ALL SEXES,548
KHYBER PAKTUNKHWA,007,HARIPUR DISTRICT,HARIPUR DISTRICT,RURAL,DIVORCED,HEAD,MALE,273
KHYBER PAKTUNKHWA,007,HARIPUR DISTRICT,HARIPUR DISTRICT,RURAL,DIVORCED,HEAD,FEMALE,275
KHYBER PAKTUNKHWA,007,HARIPUR DISTRICT,HARIPUR DISTRICT,RURAL,DIVORCED,HEAD,TRANSGENDER,NA
KHYBER PAKTUNKHWA,007,HARIPUR DISTRICT,HARIPUR DISTRICT,RURAL,DIVORCED,SPOUSE,ALL SEXES,NA
KHYBER PAKTUNKHWA,007,HARIPUR DISTRICT,HARIPUR DISTRICT,RURAL,DIVORCED,SPOUSE,MALE,NA
KHYBER PAKTUNKHWA,007,HARIPUR DISTRICT,HARIPUR DISTRICT,RURAL,DIVORCED,SPOUSE,FEMALE,NA
KHYBER PAKTUNKHWA,007,HARIPUR DISTRICT,HARIPUR DISTRICT,RURAL,DIVORCED,SPOUSE,TRANSGENDER,NA
KHYBER PAKTUNKHWA,007,HARIPUR DISTRICT,HARIPUR DISTRICT,RURAL,DIVORCED,SON/DAUGHTER,ALL SEXES,1313
KHYBER PAKTUNKHWA,007,HARIPUR DISTRICT,HARIPUR DISTRICT,RURAL,DIVORCED,SON/DAUGHTER,MALE,248
KHYBER PAKTUNKHWA,007,HARIPUR DISTRICT,HARIPUR DISTRICT,RURAL,DIVORCED,SON/DAUGHTER,FEMALE,1065
KHYBER PAKTUNKHWA,007,HARIPUR DISTRICT,HARIPUR DISTRICT,RURAL,DIVORCED,SON/DAUGHTER,TRANSGENDER,NA
KHYBER PAKTUNKHWA,007,HARIPUR DISTRICT,HARIPUR DISTRICT,RURAL,DIVORCED,DAUGHTER/SON IN LAW,ALL SEXES,8
KHYBER PAKTUNKHWA,007,HARIPUR DISTRICT,HARIPUR DISTRICT,RURAL,DIVORCED,DAUGHTER/SON IN LAW,MALE,NA
KHYBER PAKTUNKHWA,007,HARIPUR DISTRICT,HARIPUR DISTRICT,RURAL,DIVORCED,DAUGHTER/SON IN LAW,FEMALE,8
KHYBER PAKTUNKHWA,007,HARIPUR DISTRICT,HARIPUR DISTRICT,RURAL,DIVORCED,DAUGHTER/SON IN LAW,TRANSGENDER,NA
KHYBER PAKTUNKHWA,007,HARIPUR DISTRICT,HARIPUR DISTRICT,RURAL,DIVORCED,GRAND SON/GRAND DAUGHTER,ALL SEXES,14
KHYBER PAKTUNKHWA,007,HARIPUR DISTRICT,HARIPUR DISTRICT,RURAL,DIVORCED,GRAND SON/GRAND DAUGHTER,MALE,1
KHYBER PAKTUNKHWA,007,HARIPUR DISTRICT,HARIPUR DISTRICT,RURAL,DIVORCED,GRAND SON/GRAND DAUGHTER,FEMALE,13
KHYBER PAKTUNKHWA,007,HARIPUR DISTRICT,HARIPUR DISTRICT,RURAL,DIVORCED,GRAND SON/GRAND DAUGHTER,TRANSGENDER,NA
KHYBER PAKTUNKHWA,007,HARIPUR DISTRICT,HARIPUR DISTRICT,RURAL,DIVORCED,FATHER/MOTHER,ALL SEXES,130
KHYBER PAKTUNKHWA,007,HARIPUR DISTRICT,HARIPUR DISTRICT,RURAL,DIVORCED,FATHER/MOTHER,MALE,29
KHYBER PAKTUNKHWA,007,HARIPUR DISTRICT,HARIPUR DISTRICT,RURAL,DIVORCED,FATHER/MOTHER,FEMALE,101
KHYBER PAKTUNKHWA,007,HARIPUR DISTRICT,HARIPUR DISTRICT,RURAL,DIVORCED,FATHER/MOTHER,TRANSGENDER,NA
KHYBER PAKTUNKHWA,007,HARIPUR DISTRICT,HARIPUR DISTRICT,RURAL,DIVORCED,BROTHER/SISTER,ALL SEXES,679
KHYBER PAKTUNKHWA,007,HARIPUR DISTRICT,HARIPUR DISTRICT,RURAL,DIVORCED,BROTHER/SISTER,MALE,116
KHYBER PAKTUNKHWA,007,HARIPUR DISTRICT,HARIPUR DISTRICT,RURAL,DIVORCED,BROTHER/SISTER,FEMALE,563
KHYBER PAKTUNKHWA,007,HARIPUR DISTRICT,HARIPUR DISTRICT,RURAL,DIVORCED,BROTHER/SISTER,TRANSGENDER,NA
KHYBER PAKTUNKHWA,007,HARIPUR DISTRICT,HARIPUR DISTRICT,RURAL,DIVORCED,OTHER RELATIVE,ALL SEXES,269
KHYBER PAKTUNKHWA,007,HARIPUR DISTRICT,HARIPUR DISTRICT,RURAL,DIVORCED,OTHER RELATIVE,MALE,51
KHYBER PAKTUNKHWA,007,HARIPUR DISTRICT,HARIPUR DISTRICT,RURAL,DIVORCED,OTHER RELATIVE,FEMALE,218
KHYBER PAKTUNKHWA,007,HARIPUR DISTRICT,HARIPUR DISTRICT,RURAL,DIVORCED,OTHER RELATIVE,TRANSGENDER,NA
KHYBER PAKTUNKHWA,007,HARIPUR DISTRICT,HARIPUR DISTRICT,RURAL,DIVORCED,NON-RELATIVE,ALL SEXES,34
KHYBER PAKTUNKHWA,007,HARIPUR DISTRICT,HARIPUR DISTRICT,RURAL,DIVORCED,NON-RELATIVE,MALE,12
KHYBER PAKTUNKHWA,007,HARIPUR DISTRICT,HARIPUR DISTRICT,RURAL,DIVORCED,NON-RELATIVE,FEMALE,22
KHYBER PAKTUNKHWA,007,HARIPUR DISTRICT,HARIPUR DISTRICT,RURAL,DIVORCED,NON-RELATIVE,TRANSGENDER,NA
KHYBER PAKTUNKHWA,007,HARIPUR DISTRICT,HARIPUR DISTRICT,URBAN,TOTAL,HEAD,ALL SEXES,NA
KHYBER PAKTUNKHWA,007,HARIPUR DISTRICT,HARIPUR DISTRICT,URBAN,TOTAL,HEAD,MALE,NA
KHYBER PAKTUNKHWA,007,HARIPUR DISTRICT,HARIPUR DISTRICT,URBAN,TOTAL,HEAD,FEMALE,NA
KHYBER PAKTUNKHWA,007,HARIPUR DISTRICT,HARIPUR DISTRICT,URBAN,TOTAL,HEAD,TRANSGENDER,NA
KHYBER PAKTUNKHWA,007,HARIPUR DISTRICT,HARIPUR DISTRICT,URBAN,TOTAL,SPOUSE,ALL SEXES,NA
KHYBER PAKTUNKHWA,007,HARIPUR DISTRICT,HARIPUR DISTRICT,URBAN,TOTAL,SPOUSE,MALE,NA
KHYBER PAKTUNKHWA,007,HARIPUR DISTRICT,HARIPUR DISTRICT,URBAN,TOTAL,SPOUSE,FEMALE,NA
KHYBER PAKTUNKHWA,007,HARIPUR DISTRICT,HARIPUR DISTRICT,URBAN,TOTAL,SPOUSE,TRANSGENDER,NA
KHYBER PAKTUNKHWA,007,HARIPUR DISTRICT,HARIPUR DISTRICT,URBAN,TOTAL,SON/DAUGHTER,ALL SEXES,NA
KHYBER PAKTUNKHWA,007,HARIPUR DISTRICT,HARIPUR DISTRICT,URBAN,TOTAL,SON/DAUGHTER,MALE,NA
KHYBER PAKTUNKHWA,007,HARIPUR DISTRICT,HARIPUR DISTRICT,URBAN,TOTAL,SON/DAUGHTER,FEMALE,NA
KHYBER PAKTUNKHWA,007,HARIPUR DISTRICT,HARIPUR DISTRICT,URBAN,TOTAL,SON/DAUGHTER,TRANSGENDER,NA
KHYBER PAKTUNKHWA,007,HARIPUR DISTRICT,HARIPUR DISTRICT,URBAN,TOTAL,DAUGHTER/SON IN LAW,ALL SEXES,NA
KHYBER PAKTUNKHWA,007,HARIPUR DISTRICT,HARIPUR DISTRICT,URBAN,TOTAL,DAUGHTER/SON IN LAW,MALE,NA
KHYBER PAKTUNKHWA,007,HARIPUR DISTRICT,HARIPUR DISTRICT,URBAN,TOTAL,DAUGHTER/SON IN LAW,FEMALE,NA
KHYBER PAKTUNKHWA,007,HARIPUR DISTRICT,HARIPUR DISTRICT,URBAN,TOTAL,DAUGHTER/SON IN LAW,TRANSGENDER,NA
KHYBER PAKTUNKHWA,007,HARIPUR DISTRICT,HARIPUR DISTRICT,URBAN,TOTAL,GRAND SON/GRAND DAUGHTER,ALL SEXES,NA
KHYBER PAKTUNKHWA,007,HARIPUR DISTRICT,HARIPUR DISTRICT,URBAN,TOTAL,GRAND SON/GRAND DAUGHTER,MALE,NA
KHYBER PAKTUNKHWA,007,HARIPUR DISTRICT,HARIPUR DISTRICT,URBAN,TOTAL,GRAND SON/GRAND DAUGHTER,FEMALE,NA
KHYBER PAKTUNKHWA,007,HARIPUR DISTRICT,HARIPUR DISTRICT,URBAN,TOTAL,GRAND SON/GRAND DAUGHTER,TRANSGENDER,NA
KHYBER PAKTUNKHWA,007,HARIPUR DISTRICT,HARIPUR DISTRICT,URBAN,TOTAL,FATHER/MOTHER,ALL SEXES,NA
KHYBER PAKTUNKHWA,007,HARIPUR DISTRICT,HARIPUR DISTRICT,URBAN,TOTAL,FATHER/MOTHER,MALE,NA
KHYBER PAKTUNKHWA,007,HARIPUR DISTRICT,HARIPUR DISTRICT,URBAN,TOTAL,FATHER/MOTHER,FEMALE,NA
KHYBER PAKTUNKHWA,007,HARIPUR DISTRICT,HARIPUR DISTRICT,URBAN,TOTAL,FATHER/MOTHER,TRANSGENDER,NA
KHYBER PAKTUNKHWA,007,HARIPUR DISTRICT,HARIPUR DISTRICT,URBAN,TOTAL,BROTHER/SISTER,ALL SEXES,NA
KHYBER PAKTUNKHWA,007,HARIPUR DISTRICT,HARIPUR DISTRICT,URBAN,TOTAL,BROTHER/SISTER,MALE,NA
KHYBER PAKTUNKHWA,007,HARIPUR DISTRICT,HARIPUR DISTRICT,URBAN,TOTAL,BROTHER/SISTER,FEMALE,NA
KHYBER PAKTUNKHWA,007,HARIPUR DISTRICT,HARIPUR DISTRICT,URBAN,TOTAL,BROTHER/SISTER,TRANSGENDER,NA
KHYBER PAKTUNKHWA,007,HARIPUR DISTRICT,HARIPUR DISTRICT,URBAN,TOTAL,OTHER RELATIVE,ALL SEXES,NA
KHYBER PAKTUNKHWA,007,HARIPUR DISTRICT,HARIPUR DISTRICT,URBAN,TOTAL,OTHER RELATIVE,MALE,NA
KHYBER PAKTUNKHWA,007,HARIPUR DISTRICT,HARIPUR DISTRICT,URBAN,TOTAL,OTHER RELATIVE,FEMALE,NA
KHYBER PAKTUNKHWA,007,HARIPUR DISTRICT,HARIPUR DISTRICT,URBAN,TOTAL,OTHER RELATIVE,TRANSGENDER,NA
KHYBER PAKTUNKHWA,007,HARIPUR DISTRICT,HARIPUR DISTRICT,URBAN,TOTAL,NON-RELATIVE,ALL SEXES,NA
KHYBER PAKTUNKHWA,007,HARIPUR DISTRICT,HARIPUR DISTRICT,URBAN,TOTAL,NON-RELATIVE,MALE,NA
KHYBER PAKTUNKHWA,007,HARIPUR DISTRICT,HARIPUR DISTRICT,URBAN,TOTAL,NON-RELATIVE,FEMALE,NA
KHYBER PAKTUNKHWA,007,HARIPUR DISTRICT,HARIPUR DISTRICT,URBAN,TOTAL,NON-RELATIVE,TRANSGENDER,NA
KHYBER PAKTUNKHWA,007,HARIPUR DISTRICT,HARIPUR DISTRICT,URBAN,NEVER MARRIED,HEAD,ALL SEXES,NA
KHYBER PAKTUNKHWA,007,HARIPUR DISTRICT,HARIPUR DISTRICT,URBAN,NEVER MARRIED,HEAD,MALE,NA
KHYBER PAKTUNKHWA,007,HARIPUR DISTRICT,HARIPUR DISTRICT,URBAN,NEVER MARRIED,HEAD,FEMALE,NA
KHYBER PAKTUNKHWA,007,HARIPUR DISTRICT,HARIPUR DISTRICT,URBAN,NEVER MARRIED,HEAD,TRANSGENDER,NA
KHYBER PAKTUNKHWA,007,HARIPUR DISTRICT,HARIPUR DISTRICT,URBAN,NEVER MARRIED,SPOUSE,ALL SEXES,NA
KHYBER PAKTUNKHWA,007,HARIPUR DISTRICT,HARIPUR DISTRICT,URBAN,NEVER MARRIED,SPOUSE,MALE,NA
KHYBER PAKTUNKHWA,007,HARIPUR DISTRICT,HARIPUR DISTRICT,URBAN,NEVER MARRIED,SPOUSE,FEMALE,NA
KHYBER PAKTUNKHWA,007,HARIPUR DISTRICT,HARIPUR DISTRICT,URBAN,NEVER MARRIED,SPOUSE,TRANSGENDER,NA
KHYBER PAKTUNKHWA,007,HARIPUR DISTRICT,HARIPUR DISTRICT,URBAN,NEVER MARRIED,SON/DAUGHTER,ALL SEXES,NA
KHYBER PAKTUNKHWA,007,HARIPUR DISTRICT,HARIPUR DISTRICT,URBAN,NEVER MARRIED,SON/DAUGHTER,MALE,NA
KHYBER PAKTUNKHWA,007,HARIPUR DISTRICT,HARIPUR DISTRICT,URBAN,NEVER MARRIED,SON/DAUGHTER,FEMALE,NA
KHYBER PAKTUNKHWA,007,HARIPUR DISTRICT,HARIPUR DISTRICT,URBAN,NEVER MARRIED,SON/DAUGHTER,TRANSGENDER,NA
KHYBER PAKTUNKHWA,007,HARIPUR DISTRICT,HARIPUR DISTRICT,URBAN,NEVER MARRIED,DAUGHTER/SON IN LAW,ALL SEXES,NA
KHYBER PAKTUNKHWA,007,HARIPUR DISTRICT,HARIPUR DISTRICT,URBAN,NEVER MARRIED,DAUGHTER/SON IN LAW,MALE,NA
KHYBER PAKTUNKHWA,007,HARIPUR DISTRICT,HARIPUR DISTRICT,URBAN,NEVER MARRIED,DAUGHTER/SON IN LAW,FEMALE,NA
KHYBER PAKTUNKHWA,007,HARIPUR DISTRICT,HARIPUR DISTRICT,URBAN,NEVER MARRIED,DAUGHTER/SON IN LAW,TRANSGENDER,NA
KHYBER PAKTUNKHWA,007,HARIPUR DISTRICT,HARIPUR DISTRICT,URBAN,NEVER MARRIED,GRAND SON/GRAND DAUGHTER,ALL SEXES,NA
KHYBER PAKTUNKHWA,007,HARIPUR DISTRICT,HARIPUR DISTRICT,URBAN,NEVER MARRIED,GRAND SON/GRAND DAUGHTER,MALE,NA
KHYBER PAKTUNKHWA,007,HARIPUR DISTRICT,HARIPUR DISTRICT,URBAN,NEVER MARRIED,GRAND SON/GRAND DAUGHTER,FEMALE,NA
KHYBER PAKTUNKHWA,007,HARIPUR DISTRICT,HARIPUR DISTRICT,URBAN,NEVER MARRIED,GRAND SON/GRAND DAUGHTER,TRANSGENDER,NA
KHYBER PAKTUNKHWA,007,HARIPUR DISTRICT,HARIPUR DISTRICT,URBAN,NEVER MARRIED,FATHER/MOTHER,ALL SEXES,NA
KHYBER PAKTUNKHWA,007,HARIPUR DISTRICT,HARIPUR DISTRICT,URBAN,NEVER MARRIED,FATHER/MOTHER,MALE,NA
KHYBER PAKTUNKHWA,007,HARIPUR DISTRICT,HARIPUR DISTRICT,URBAN,NEVER MARRIED,FATHER/MOTHER,FEMALE,NA
KHYBER PAKTUNKHWA,007,HARIPUR DISTRICT,HARIPUR DISTRICT,URBAN,NEVER MARRIED,FATHER/MOTHER,TRANSGENDER,NA
KHYBER PAKTUNKHWA,007,HARIPUR DISTRICT,HARIPUR DISTRICT,URBAN,NEVER MARRIED,BROTHER/SISTER,ALL SEXES,NA
KHYBER PAKTUNKHWA,007,HARIPUR DISTRICT,HARIPUR DISTRICT,URBAN,NEVER MARRIED,BROTHER/SISTER,MALE,NA
KHYBER PAKTUNKHWA,007,HARIPUR DISTRICT,HARIPUR DISTRICT,URBAN,NEVER MARRIED,BROTHER/SISTER,FEMALE,NA
KHYBER PAKTUNKHWA,007,HARIPUR DISTRICT,HARIPUR DISTRICT,URBAN,NEVER MARRIED,BROTHER/SISTER,TRANSGENDER,NA
KHYBER PAKTUNKHWA,007,HARIPUR DISTRICT,HARIPUR DISTRICT,URBAN,NEVER MARRIED,OTHER RELATIVE,ALL SEXES,NA
KHYBER PAKTUNKHWA,007,HARIPUR DISTRICT,HARIPUR DISTRICT,URBAN,NEVER MARRIED,OTHER RELATIVE,MALE,NA
KHYBER PAKTUNKHWA,007,HARIPUR DISTRICT,HARIPUR DISTRICT,URBAN,NEVER MARRIED,OTHER RELATIVE,FEMALE,NA
KHYBER PAKTUNKHWA,007,HARIPUR DISTRICT,HARIPUR DISTRICT,URBAN,NEVER MARRIED,OTHER RELATIVE,TRANSGENDER,NA
KHYBER PAKTUNKHWA,007,HARIPUR DISTRICT,HARIPUR DISTRICT,URBAN,NEVER MARRIED,NON-RELATIVE,ALL SEXES,NA
KHYBER PAKTUNKHWA,007,HARIPUR DISTRICT,HARIPUR DISTRICT,URBAN,NEVER MARRIED,NON-RELATIVE,MALE,NA
KHYBER PAKTUNKHWA,007,HARIPUR DISTRICT,HARIPUR DISTRICT,URBAN,NEVER MARRIED,NON-RELATIVE,FEMALE,NA
KHYBER PAKTUNKHWA,007,HARIPUR DISTRICT,HARIPUR DISTRICT,URBAN,NEVER MARRIED,NON-RELATIVE,TRANSGENDER,NA
KHYBER PAKTUNKHWA,007,HARIPUR DISTRICT,HARIPUR DISTRICT,URBAN,MARRIED,HEAD,ALL SEXES,NA
KHYBER PAKTUNKHWA,007,HARIPUR DISTRICT,HARIPUR DISTRICT,URBAN,MARRIED,HEAD,MALE,NA
KHYBER PAKTUNKHWA,007,HARIPUR DISTRICT,HARIPUR DISTRICT,URBAN,MARRIED,HEAD,FEMALE,NA
KHYBER PAKTUNKHWA,007,HARIPUR DISTRICT,HARIPUR DISTRICT,URBAN,MARRIED,HEAD,TRANSGENDER,NA
KHYBER PAKTUNKHWA,007,HARIPUR DISTRICT,HARIPUR DISTRICT,URBAN,MARRIED,SPOUSE,ALL SEXES,NA
KHYBER PAKTUNKHWA,007,HARIPUR DISTRICT,HARIPUR DISTRICT,URBAN,MARRIED,SPOUSE,MALE,NA
KHYBER PAKTUNKHWA,007,HARIPUR DISTRICT,HARIPUR DISTRICT,URBAN,MARRIED,SPOUSE,FEMALE,NA
KHYBER PAKTUNKHWA,007,HARIPUR DISTRICT,HARIPUR DISTRICT,URBAN,MARRIED,SPOUSE,TRANSGENDER,NA
KHYBER PAKTUNKHWA,007,HARIPUR DISTRICT,HARIPUR DISTRICT,URBAN,MARRIED,SON/DAUGHTER,ALL SEXES,NA
KHYBER PAKTUNKHWA,007,HARIPUR DISTRICT,HARIPUR DISTRICT,URBAN,MARRIED,SON/DAUGHTER,MALE,NA
KHYBER PAKTUNKHWA,007,HARIPUR DISTRICT,HARIPUR DISTRICT,URBAN,MARRIED,SON/DAUGHTER,FEMALE,NA
KHYBER PAKTUNKHWA,007,HARIPUR DISTRICT,HARIPUR DISTRICT,URBAN,MARRIED,SON/DAUGHTER,TRANSGENDER,NA
KHYBER PAKTUNKHWA,007,HARIPUR DISTRICT,HARIPUR DISTRICT,URBAN,MARRIED,DAUGHTER/SON IN LAW,ALL SEXES,NA
KHYBER PAKTUNKHWA,007,HARIPUR DISTRICT,HARIPUR DISTRICT,URBAN,MARRIED,DAUGHTER/SON IN LAW,MALE,NA
KHYBER PAKTUNKHWA,007,HARIPUR DISTRICT,HARIPUR DISTRICT,URBAN,MARRIED,DAUGHTER/SON IN LAW,FEMALE,NA
KHYBER PAKTUNKHWA,007,HARIPUR DISTRICT,HARIPUR DISTRICT,URBAN,MARRIED,DAUGHTER/SON IN LAW,TRANSGENDER,NA
KHYBER PAKTUNKHWA,007,HARIPUR DISTRICT,HARIPUR DISTRICT,URBAN,MARRIED,GRAND SON/GRAND DAUGHTER,ALL SEXES,NA
KHYBER PAKTUNKHWA,007,HARIPUR DISTRICT,HARIPUR DISTRICT,URBAN,MARRIED,GRAND SON/GRAND DAUGHTER,MALE,NA
KHYBER PAKTUNKHWA,007,HARIPUR DISTRICT,HARIPUR DISTRICT,URBAN,MARRIED,GRAND SON/GRAND DAUGHTER,FEMALE,NA
KHYBER PAKTUNKHWA,007,HARIPUR DISTRICT,HARIPUR DISTRICT,URBAN,MARRIED,GRAND SON/GRAND DAUGHTER,TRANSGENDER,NA
KHYBER PAKTUNKHWA,007,HARIPUR DISTRICT,HARIPUR DISTRICT,URBAN,MARRIED,FATHER/MOTHER,ALL SEXES,NA
KHYBER PAKTUNKHWA,007,HARIPUR DISTRICT,HARIPUR DISTRICT,URBAN,MARRIED,FATHER/MOTHER,MALE,NA
KHYBER PAKTUNKHWA,007,HARIPUR DISTRICT,HARIPUR DISTRICT,URBAN,MARRIED,FATHER/MOTHER,FEMALE,NA
KHYBER PAKTUNKHWA,007,HARIPUR DISTRICT,HARIPUR DISTRICT,URBAN,MARRIED,FATHER/MOTHER,TRANSGENDER,NA
KHYBER PAKTUNKHWA,007,HARIPUR DISTRICT,HARIPUR DISTRICT,URBAN,MARRIED,BROTHER/SISTER,ALL SEXES,NA
KHYBER PAKTUNKHWA,007,HARIPUR DISTRICT,HARIPUR DISTRICT,URBAN,MARRIED,BROTHER/SISTER,MALE,NA
KHYBER PAKTUNKHWA,007,HARIPUR DISTRICT,HARIPUR DISTRICT,URBAN,MARRIED,BROTHER/SISTER,FEMALE,NA
KHYBER PAKTUNKHWA,007,HARIPUR DISTRICT,HARIPUR DISTRICT,URBAN,MARRIED,BROTHER/SISTER,TRANSGENDER,NA
KHYBER PAKTUNKHWA,007,HARIPUR DISTRICT,HARIPUR DISTRICT,URBAN,MARRIED,OTHER RELATIVE,ALL SEXES,NA
KHYBER PAKTUNKHWA,007,HARIPUR DISTRICT,HARIPUR DISTRICT,URBAN,MARRIED,OTHER RELATIVE,MALE,NA
KHYBER PAKTUNKHWA,007,HARIPUR DISTRICT,HARIPUR DISTRICT,URBAN,MARRIED,OTHER RELATIVE,FEMALE,NA
KHYBER PAKTUNKHWA,007,HARIPUR DISTRICT,HARIPUR DISTRICT,URBAN,MARRIED,OTHER RELATIVE,TRANSGENDER,NA
KHYBER PAKTUNKHWA,007,HARIPUR DISTRICT,HARIPUR DISTRICT,URBAN,MARRIED,NON-RELATIVE,ALL SEXES,NA
KHYBER PAKTUNKHWA,007,HARIPUR DISTRICT,HARIPUR DISTRICT,URBAN,MARRIED,NON-RELATIVE,MALE,NA
KHYBER PAKTUNKHWA,007,HARIPUR DISTRICT,HARIPUR DISTRICT,URBAN,MARRIED,NON-RELATIVE,FEMALE,NA
KHYBER PAKTUNKHWA,007,HARIPUR DISTRICT,HARIPUR DISTRICT,URBAN,MARRIED,NON-RELATIVE,TRANSGENDER,NA
KHYBER PAKTUNKHWA,007,HARIPUR DISTRICT,HARIPUR DISTRICT,URBAN,WIDOWED,HEAD,ALL SEXES,NA
KHYBER PAKTUNKHWA,007,HARIPUR DISTRICT,HARIPUR DISTRICT,URBAN,WIDOWED,HEAD,MALE,NA
KHYBER PAKTUNKHWA,007,HARIPUR DISTRICT,HARIPUR DISTRICT,URBAN,WIDOWED,HEAD,FEMALE,NA
KHYBER PAKTUNKHWA,007,HARIPUR DISTRICT,HARIPUR DISTRICT,URBAN,WIDOWED,HEAD,TRANSGENDER,NA
KHYBER PAKTUNKHWA,007,HARIPUR DISTRICT,HARIPUR DISTRICT,URBAN,WIDOWED,SPOUSE,ALL SEXES,NA
KHYBER PAKTUNKHWA,007,HARIPUR DISTRICT,HARIPUR DISTRICT,URBAN,WIDOWED,SPOUSE,MALE,NA
KHYBER PAKTUNKHWA,007,HARIPUR DISTRICT,HARIPUR DISTRICT,URBAN,WIDOWED,SPOUSE,FEMALE,NA
KHYBER PAKTUNKHWA,007,HARIPUR DISTRICT,HARIPUR DISTRICT,URBAN,WIDOWED,SPOUSE,TRANSGENDER,NA
KHYBER PAKTUNKHWA,007,HARIPUR DISTRICT,HARIPUR DISTRICT,URBAN,WIDOWED,SON/DAUGHTER,ALL SEXES,NA
KHYBER PAKTUNKHWA,007,HARIPUR DISTRICT,HARIPUR DISTRICT,URBAN,WIDOWED,SON/DAUGHTER,MALE,NA
KHYBER PAKTUNKHWA,007,HARIPUR DISTRICT,HARIPUR DISTRICT,URBAN,WIDOWED,SON/DAUGHTER,FEMALE,NA
KHYBER PAKTUNKHWA,007,HARIPUR DISTRICT,HARIPUR DISTRICT,URBAN,WIDOWED,SON/DAUGHTER,TRANSGENDER,NA
KHYBER PAKTUNKHWA,007,HARIPUR DISTRICT,HARIPUR DISTRICT,URBAN,WIDOWED,DAUGHTER/SON IN LAW,ALL SEXES,NA
KHYBER PAKTUNKHWA,007,HARIPUR DISTRICT,HARIPUR DISTRICT,URBAN,WIDOWED,DAUGHTER/SON IN LAW,MALE,NA
KHYBER PAKTUNKHWA,007,HARIPUR DISTRICT,HARIPUR DISTRICT,URBAN,WIDOWED,DAUGHTER/SON IN LAW,FEMALE,NA
KHYBER PAKTUNKHWA,007,HARIPUR DISTRICT,HARIPUR DISTRICT,URBAN,WIDOWED,DAUGHTER/SON IN LAW,TRANSGENDER,NA
KHYBER PAKTUNKHWA,007,HARIPUR DISTRICT,HARIPUR DISTRICT,URBAN,WIDOWED,GRAND SON/GRAND DAUGHTER,ALL SEXES,NA
KHYBER PAKTUNKHWA,007,HARIPUR DISTRICT,HARIPUR DISTRICT,URBAN,WIDOWED,GRAND SON/GRAND DAUGHTER,MALE,NA
KHYBER PAKTUNKHWA,007,HARIPUR DISTRICT,HARIPUR DISTRICT,URBAN,WIDOWED,GRAND SON/GRAND DAUGHTER,FEMALE,NA
KHYBER PAKTUNKHWA,007,HARIPUR DISTRICT,HARIPUR DISTRICT,URBAN,WIDOWED,GRAND SON/GRAND DAUGHTER,TRANSGENDER,NA
KHYBER PAKTUNKHWA,007,HARIPUR DISTRICT,HARIPUR DISTRICT,URBAN,WIDOWED,FATHER/MOTHER,ALL SEXES,NA
KHYBER PAKTUNKHWA,007,HARIPUR DISTRICT,HARIPUR DISTRICT,URBAN,WIDOWED,FATHER/MOTHER,MALE,NA
KHYBER PAKTUNKHWA,007,HARIPUR DISTRICT,HARIPUR DISTRICT,URBAN,WIDOWED,FATHER/MOTHER,FEMALE,NA
KHYBER PAKTUNKHWA,007,HARIPUR DISTRICT,HARIPUR DISTRICT,URBAN,WIDOWED,FATHER/MOTHER,TRANSGENDER,NA
KHYBER PAKTUNKHWA,007,HARIPUR DISTRICT,HARIPUR DISTRICT,URBAN,WIDOWED,BROTHER/SISTER,ALL SEXES,NA
KHYBER PAKTUNKHWA,007,HARIPUR DISTRICT,HARIPUR DISTRICT,URBAN,WIDOWED,BROTHER/SISTER,MALE,NA
KHYBER PAKTUNKHWA,007,HARIPUR DISTRICT,HARIPUR DISTRICT,URBAN,WIDOWED,BROTHER/SISTER,FEMALE,NA
KHYBER PAKTUNKHWA,007,HARIPUR DISTRICT,HARIPUR DISTRICT,URBAN,WIDOWED,BROTHER/SISTER,TRANSGENDER,NA
KHYBER PAKTUNKHWA,007,HARIPUR DISTRICT,HARIPUR DISTRICT,URBAN,WIDOWED,OTHER RELATIVE,ALL SEXES,NA
KHYBER PAKTUNKHWA,007,HARIPUR DISTRICT,HARIPUR DISTRICT,URBAN,WIDOWED,OTHER RELATIVE,MALE,NA
KHYBER PAKTUNKHWA,007,HARIPUR DISTRICT,HARIPUR DISTRICT,URBAN,WIDOWED,OTHER RELATIVE,FEMALE,NA
KHYBER PAKTUNKHWA,007,HARIPUR DISTRICT,HARIPUR DISTRICT,URBAN,WIDOWED,OTHER RELATIVE,TRANSGENDER,NA
KHYBER PAKTUNKHWA,007,HARIPUR DISTRICT,HARIPUR DISTRICT,URBAN,WIDOWED,NON-RELATIVE,ALL SEXES,NA
KHYBER PAKTUNKHWA,007,HARIPUR DISTRICT,HARIPUR DISTRICT,URBAN,WIDOWED,NON-RELATIVE,MALE,NA
KHYBER PAKTUNKHWA,007,HARIPUR DISTRICT,HARIPUR DISTRICT,URBAN,WIDOWED,NON-RELATIVE,FEMALE,NA
KHYBER PAKTUNKHWA,007,HARIPUR DISTRICT,HARIPUR DISTRICT,URBAN,WIDOWED,NON-RELATIVE,TRANSGENDER,NA
KHYBER PAKTUNKHWA,007,HARIPUR DISTRICT,HARIPUR DISTRICT,URBAN,DIVORCED,HEAD,ALL SEXES,NA
KHYBER PAKTUNKHWA,007,HARIPUR DISTRICT,HARIPUR DISTRICT,URBAN,DIVORCED,HEAD,MALE,NA
KHYBER PAKTUNKHWA,007,HARIPUR DISTRICT,HARIPUR DISTRICT,URBAN,DIVORCED,HEAD,FEMALE,NA
KHYBER PAKTUNKHWA,007,HARIPUR DISTRICT,HARIPUR DISTRICT,URBAN,DIVORCED,HEAD,TRANSGENDER,NA
KHYBER PAKTUNKHWA,007,HARIPUR DISTRICT,HARIPUR DISTRICT,URBAN,DIVORCED,SPOUSE,ALL SEXES,NA
KHYBER PAKTUNKHWA,007,HARIPUR DISTRICT,HARIPUR DISTRICT,URBAN,DIVORCED,SPOUSE,MALE,NA
KHYBER PAKTUNKHWA,007,HARIPUR DISTRICT,HARIPUR DISTRICT,URBAN,DIVORCED,SPOUSE,FEMALE,NA
KHYBER PAKTUNKHWA,007,HARIPUR DISTRICT,HARIPUR DISTRICT,URBAN,DIVORCED,SPOUSE,TRANSGENDER,NA
KHYBER PAKTUNKHWA,007,HARIPUR DISTRICT,HARIPUR DISTRICT,URBAN,DIVORCED,SON/DAUGHTER,ALL SEXES,NA
KHYBER PAKTUNKHWA,007,HARIPUR DISTRICT,HARIPUR DISTRICT,URBAN,DIVORCED,SON/DAUGHTER,MALE,NA
KHYBER PAKTUNKHWA,007,HARIPUR DISTRICT,HARIPUR DISTRICT,URBAN,DIVORCED,SON/DAUGHTER,FEMALE,NA
KHYBER PAKTUNKHWA,007,HARIPUR DISTRICT,HARIPUR DISTRICT,URBAN,DIVORCED,SON/DAUGHTER,TRANSGENDER,NA
KHYBER PAKTUNKHWA,007,HARIPUR DISTRICT,HARIPUR DISTRICT,URBAN,DIVORCED,DAUGHTER/SON IN LAW,ALL SEXES,NA
KHYBER PAKTUNKHWA,007,HARIPUR DISTRICT,HARIPUR DISTRICT,URBAN,DIVORCED,DAUGHTER/SON IN LAW,MALE,NA
KHYBER PAKTUNKHWA,007,HARIPUR DISTRICT,HARIPUR DISTRICT,URBAN,DIVORCED,DAUGHTER/SON IN LAW,FEMALE,NA
KHYBER PAKTUNKHWA,007,HARIPUR DISTRICT,HARIPUR DISTRICT,URBAN,DIVORCED,DAUGHTER/SON IN LAW,TRANSGENDER,NA
KHYBER PAKTUNKHWA,007,HARIPUR DISTRICT,HARIPUR DISTRICT,URBAN,DIVORCED,GRAND SON/GRAND DAUGHTER,ALL SEXES,NA
KHYBER PAKTUNKHWA,007,HARIPUR DISTRICT,HARIPUR DISTRICT,URBAN,DIVORCED,GRAND SON/GRAND DAUGHTER,MALE,NA
KHYBER PAKTUNKHWA,007,HARIPUR DISTRICT,HARIPUR DISTRICT,URBAN,DIVORCED,GRAND SON/GRAND DAUGHTER,FEMALE,NA
KHYBER PAKTUNKHWA,007,HARIPUR DISTRICT,HARIPUR DISTRICT,URBAN,DIVORCED,GRAND SON/GRAND DAUGHTER,TRANSGENDER,NA
KHYBER PAKTUNKHWA,007,HARIPUR DISTRICT,HARIPUR DISTRICT,URBAN,DIVORCED,FATHER/MOTHER,ALL SEXES,NA
KHYBER PAKTUNKHWA,007,HARIPUR DISTRICT,HARIPUR DISTRICT,URBAN,DIVORCED,FATHER/MOTHER,MALE,NA
KHYBER PAKTUNKHWA,007,HARIPUR DISTRICT,HARIPUR DISTRICT,URBAN,DIVORCED,FATHER/MOTHER,FEMALE,NA
KHYBER PAKTUNKHWA,007,HARIPUR DISTRICT,HARIPUR DISTRICT,URBAN,DIVORCED,FATHER/MOTHER,TRANSGENDER,NA
KHYBER PAKTUNKHWA,007,HARIPUR DISTRICT,HARIPUR DISTRICT,URBAN,DIVORCED,BROTHER/SISTER,ALL SEXES,NA
KHYBER PAKTUNKHWA,007,HARIPUR DISTRICT,HARIPUR DISTRICT,URBAN,DIVORCED,BROTHER/SISTER,MALE,NA
KHYBER PAKTUNKHWA,007,HARIPUR DISTRICT,HARIPUR DISTRICT,URBAN,DIVORCED,BROTHER/SISTER,FEMALE,NA
KHYBER PAKTUNKHWA,007,HARIPUR DISTRICT,HARIPUR DISTRICT,URBAN,DIVORCED,BROTHER/SISTER,TRANSGENDER,NA
KHYBER PAKTUNKHWA,007,HARIPUR DISTRICT,HARIPUR DISTRICT,URBAN,DIVORCED,OTHER RELATIVE,ALL SEXES,NA
KHYBER PAKTUNKHWA,007,HARIPUR DISTRICT,HARIPUR DISTRICT,URBAN,DIVORCED,OTHER RELATIVE,MALE,NA
KHYBER PAKTUNKHWA,007,HARIPUR DISTRICT,HARIPUR DISTRICT,URBAN,DIVORCED,OTHER RELATIVE,FEMALE,NA
KHYBER PAKTUNKHWA,007,HARIPUR DISTRICT,HARIPUR DISTRICT,URBAN,DIVORCED,OTHER RELATIVE,TRANSGENDER,NA
KHYBER PAKTUNKHWA,007,HARIPUR DISTRICT,HARIPUR DISTRICT,URBAN,DIVORCED,NON-RELATIVE,ALL SEXES,NA
KHYBER PAKTUNKHWA,007,HARIPUR DISTRICT,HARIPUR DISTRICT,URBAN,DIVORCED,NON-RELATIVE,MALE,NA
KHYBER PAKTUNKHWA,007,HARIPUR DISTRICT,HARIPUR DISTRICT,URBAN,DIVORCED,NON-RELATIVE,FEMALE,NA
KHYBER PAKTUNKHWA,007,HARIPUR DISTRICT,HARIPUR DISTRICT,URBAN,DIVORCED,NON-RELATIVE,TRANSGENDER,NA
