province_name,district_code,district_name,area_name,area_type,gender,religious_affiliation,count
KHYBER PAKTUNKHWA,013,KOHAT DISTRICT,KOHAT DISTRICT,TOTAL,ALL SEXES,TOTAL,992427
KHYBER PAKTUNKHWA,013,KOHAT DISTRICT,KOHAT DISTRICT,TOTAL,ALL SEXES,MUSLIM,987928
KHYBER PAKTUNKHWA,013,KOHAT DISTRICT,KOHAT DISTRICT,TOTAL,ALL SEXES,CHRISTIAN,3174
KHYBER PAKTUNKHWA,013,KOHAT DISTRICT,KOHAT DISTRICT,TOTAL,ALL SEXES,HINDU,909
KHYBER PAKTUNKHWA,013,KOHAT DISTRICT,KOHAT DISTRICT,TOTAL,ALL SEXES,AHMADI,256
KHYBER PAKTUNKHWA,013,KOHAT DISTRICT,KOHAT DISTRICT,TOTAL,ALL SEXES,SCHEDULED CASTES,92
KHYBER PAKTUNKHWA,013,KOHAT DISTRICT,KOHAT DISTRICT,TOTAL,ALL SEXES,OTHERS,68
KHYBER PAKTUNKHWA,013,KOHAT DISTRICT,KOHAT DISTRICT,TOTAL,MALE,TOTAL,495782
KHYBER PAKTUNKHWA,013,KOHAT DISTRICT,KOHAT DISTRICT,TOTAL,MALE,MUSLIM,493473
KHYBER PAKTUNKHWA,013,KOHAT DISTRICT,KOHAT DISTRICT,TOTAL,MALE,CHRISTIAN,1652
KHYBER PAKTUNKHWA,013,KOHAT DISTRICT,KOHAT DISTRICT,TOTAL,MALE,HINDU,441
KHYBER PAKTUNKHWA,013,KOHAT DISTRICT,KOHAT DISTRICT,TOTAL,MALE,AHMADI,123
KHYBER PAKTUNKHWA,013,KOHAT DISTRICT,KOHAT DISTRICT,TOTAL,MALE,SCHEDULED CASTES,57
KHYBER PAKTUNKHWA,013,KOHAT DISTRICT,KOHAT DISTRICT,TOTAL,MALE,OTHERS,36
KHYBER PAKTUNKHWA,013,KOHAT DISTRICT,KOHAT DISTRICT,TOTAL,FEMALE,TOTAL,496539
KHYBER PAKTUNKHWA,013,KOHAT DISTRICT,KOHAT DISTRICT,TOTAL,FEMALE,MUSLIM,494350
KHYBER PAKTUNKHWA,013,KOHAT DISTRICT,KOHAT DISTRICT,TOTAL,FEMALE,CHRISTIAN,1521
KHYBER PAKTUNKHWA,013,KOHAT DISTRICT,KOHAT DISTRICT,TOTAL,FEMALE,HINDU,468
KHYBER PAKTUNKHWA,013,KOHAT DISTRICT,KOHAT DISTRICT,TOTAL,FEMALE,AHMADI,133
KHYBER PAKTUNKHWA,013,KOHAT DISTRICT,KOHAT DISTRICT,TOTAL,FEMALE,SCHEDULED CASTES,35
KHYBER PAKTUNKHWA,013,KOHAT DISTRICT,KOHAT DISTRICT,TOTAL,FEMALE,OTHERS,32
KHYBER PAKTUNKHWA,013,KOHAT DISTRICT,KOHAT DISTRICT,TOTAL,TRANSGENDER,TOTAL,106
KHYBER PAKTUNKHWA,013,KOHAT DISTRICT,KOHAT DISTRICT,TOTAL,TRANSGENDER,MUSLIM,105
KHYBER PAKTUNKHWA,013,KOHAT DISTRICT,KOHAT DISTRICT,TOTAL,TRANSGENDER,CHRISTIAN,1
KHYBER PAKTUNKHWA,013,KOHAT DISTRICT,KOHAT DISTRICT,TOTAL,TRANSGENDER,HINDU,0
KHYBER PAKTUNKHWA,013,KOHAT DISTRICT,KOHAT DISTRICT,TOTAL,TRANSGENDER,AHMADI,0
KHYBER PAKTUNKHWA,013,KOHAT DISTRICT,KOHAT DISTRICT,TOTAL,TRANSGENDER,SCHEDULED CASTES,0
KHYBER PAKTUNKHWA,013,KOHAT DISTRICT,KOHAT DISTRICT,TOTAL,TRANSGENDER,OTHERS,0
KHYBER PAKTUNKHWA,013,KOHAT DISTRICT,KOHAT DISTRICT,RURAL,ALL SEXES,TOTAL,722501
KHYBER PAKTUNKHWA,013,KOHAT DISTRICT,KOHAT DISTRICT,RURAL,ALL SEXES,MUSLIM,722054
KHYBER PAKTUNKHWA,013,KOHAT DISTRICT,KOHAT DISTRICT,RURAL,ALL SEXES,CHRISTIAN,217
KHYBER PAKTUNKHWA,013,KOHAT DISTRICT,KOHAT DISTRICT,RURAL,ALL SEXES,HINDU,9
KHYBER PAKTUNKHWA,013,KOHAT DISTRICT,KOHAT DISTRICT,RURAL,ALL SEXES,AHMADI,204
KHYBER PAKTUNKHWA,013,KOHAT DISTRICT,KOHAT DISTRICT,RURAL,ALL SEXES,SCHEDULED CASTES,13
KHYBER PAKTUNKHWA,013,KOHAT DISTRICT,KOHAT DISTRICT,RURAL,ALL SEXES,OTHERS,4
KHYBER PAKTUNKHWA,013,KOHAT DISTRICT,KOHAT DISTRICT,RURAL,MALE,TOTAL,353672
KHYBER PAKTUNKHWA,013,KOHAT DISTRICT,KOHAT DISTRICT,RURAL,MALE,MUSLIM,353443
KHYBER PAKTUNKHWA,013,KOHAT DISTRICT,KOHAT DISTRICT,RURAL,MALE,CHRISTIAN,116
KHYBER PAKTUNKHWA,013,KOHAT DISTRICT,KOHAT DISTRICT,RURAL,MALE,HINDU,5
KHYBER PAKTUNKHWA,013,KOHAT DISTRICT,KOHAT DISTRICT,RURAL,MALE,AHMADI,97
KHYBER PAKTUNKHWA,013,KOHAT DISTRICT,KOHAT DISTRICT,RURAL,MALE,SCHEDULED CASTES,7
KHYBER PAKTUNKHWA,013,KOHAT DISTRICT,KOHAT DISTRICT,RURAL,MALE,OTHERS,4
KHYBER PAKTUNKHWA,013,KOHAT DISTRICT,KOHAT DISTRICT,RURAL,FEMALE,TOTAL,368767
KHYBER PAKTUNKHWA,013,KOHAT DISTRICT,KOHAT DISTRICT,RURAL,FEMALE,MUSLIM,368549
KHYBER PAKTUNKHWA,013,KOHAT DISTRICT,KOHAT DISTRICT,RURAL,FEMALE,CHRISTIAN,101
KHYBER PAKTUNKHWA,013,KOHAT DISTRICT,KOHAT DISTRICT,RURAL,FEMALE,HINDU,4
KHYBER PAKTUNKHWA,013,KOHAT DISTRICT,KOHAT DISTRICT,RURAL,FEMALE,AHMADI,107
KHYBER PAKTUNKHWA,013,KOHAT DISTRICT,KOHAT DISTRICT,RURAL,FEMALE,SCHEDULED CASTES,6
KHYBER PAKTUNKHWA,013,KOHAT DISTRICT,KOHAT DISTRICT,RURAL,FEMALE,OTHERS,0
KHYBER PAKTUNKHWA,013,KOHAT DISTRICT,KOHAT DISTRICT,RURAL,TRANSGENDER,TOTAL,62
KHYBER PAKTUNKHWA,013,KOHAT DISTRICT,KOHAT DISTRICT,RURAL,TRANSGENDER,MUSLIM,62
KHYBER PAKTUNKHWA,013,KOHAT DISTRICT,KOHAT DISTRICT,RURAL,TRANSGENDER,CHRISTIAN,0
KHYBER PAKTUNKHWA,013,KOHAT DISTRICT,KOHAT DISTRICT,RURAL,TRANSGENDER,HINDU,0
KHYBER PAKTUNKHWA,013,KOHAT DISTRICT,KOHAT DISTRICT,RURAL,TRANSGENDER,AHMADI,0
KHYBER PAKTUNKHWA,013,KOHAT DISTRICT,KOHAT DISTRICT,RURAL,TRANSGENDER,SCHEDULED CASTES,0
KHYBER PAKTUNKHWA,013,KOHAT DISTRICT,KOHAT DISTRICT,RURAL,TRANSGENDER,OTHERS,0
KHYBER PAKTUNKHWA,013,KOHAT DISTRICT,KOHAT DISTRICT,URBAN,ALL SEXES,TOTAL,269926
KHYBER PAKTUNKHWA,013,KOHAT DISTRICT,KOHAT DISTRICT,URBAN,ALL SEXES,MUSLIM,265874
KHYBER PAKTUNKHWA,013,KOHAT DISTRICT,KOHAT DISTRICT,URBAN,ALL SEXES,CHRISTIAN,2957
KHYBER PAKTUNKHWA,013,KOHAT DISTRICT,KOHAT DISTRICT,URBAN,ALL SEXES,HINDU,900
KHYBER PAKTUNKHWA,013,KOHAT DISTRICT,KOHAT DISTRICT,URBAN,ALL SEXES,AHMADI,52
KHYBER PAKTUNKHWA,013,KOHAT DISTRICT,KOHAT DISTRICT,URBAN,ALL SEXES,SCHEDULED CASTES,79
KHYBER PAKTUNKHWA,013,KOHAT DISTRICT,KOHAT DISTRICT,URBAN,ALL SEXES,OTHERS,64
KHYBER PAKTUNKHWA,013,KOHAT DISTRICT,KOHAT DISTRICT,URBAN,MALE,TOTAL,142110
KHYBER PAKTUNKHWA,013,KOHAT DISTRICT,KOHAT DISTRICT,URBAN,MALE,MUSLIM,140030
KHYBER PAKTUNKHWA,013,KOHAT DISTRICT,KOHAT DISTRICT,URBAN,MALE,CHRISTIAN,1536
KHYBER PAKTUNKHWA,013,KOHAT DISTRICT,KOHAT DISTRICT,URBAN,MALE,HINDU,436
KHYBER PAKTUNKHWA,013,KOHAT DISTRICT,KOHAT DISTRICT,URBAN,MALE,AHMADI,26
KHYBER PAKTUNKHWA,013,KOHAT DISTRICT,KOHAT DISTRICT,URBAN,MALE,SCHEDULED CASTES,50
KHYBER PAKTUNKHWA,013,KOHAT DISTRICT,KOHAT DISTRICT,URBAN,MALE,OTHERS,32
KHYBER PAKTUNKHWA,013,KOHAT DISTRICT,KOHAT DISTRICT,URBAN,FEMALE,TOTAL,127772
KHYBER PAKTUNKHWA,013,KOHAT DISTRICT,KOHAT DISTRICT,URBAN,FEMALE,MUSLIM,125801
KHYBER PAKTUNKHWA,013,KOHAT DISTRICT,KOHAT DISTRICT,URBAN,FEMALE,CHRISTIAN,1420
KHYBER PAKTUNKHWA,013,KOHAT DISTRICT,KOHAT DISTRICT,URBAN,FEMALE,HINDU,464
KHYBER PAKTUNKHWA,013,KOHAT DISTRICT,KOHAT DISTRICT,URBAN,FEMALE,AHMADI,26
KHYBER PAKTUNKHWA,013,KOHAT DISTRICT,KOHAT DISTRICT,URBAN,FEMALE,SCHEDULED CASTES,29
KHYBER PAKTUNKHWA,013,KOHAT DISTRICT,KOHAT DISTRICT,URBAN,FEMALE,OTHERS,32
KHYBER PAKTUNKHWA,013,KOHAT DISTRICT,KOHAT DISTRICT,URBAN,TRANSGENDER,TOTAL,44
KHYBER PAKTUNKHWA,013,KOHAT DISTRICT,KOHAT DISTRICT,URBAN,TRANSGENDER,MUSLIM,43
KHYBER PAKTUNKHWA,013,KOHAT DISTRICT,KOHAT DISTRICT,URBAN,TRANSGENDER,CHRISTIAN,1
KHYBER PAKTUNKHWA,013,KOHAT DISTRICT,KOHAT DISTRICT,URBAN,TRANSGENDER,HINDU,0
KHYBER PAKTUNKHWA,013,KOHAT DISTRICT,KOHAT DISTRICT,URBAN,TRANSGENDER,AHMADI,0
KHYBER PAKTUNKHWA,013,KOHAT DISTRICT,KOHAT DISTRICT,URBAN,TRANSGENDER,SCHEDULED CASTES,0
KHYBER PAKTUNKHWA,013,KOHAT DISTRICT,KOHAT DISTRICT,URBAN,TRANSGENDER,OTHERS,0
KHYBER PAKTUNKHWA,013,KOHAT DISTRICT,KOHAT TEHSIL,TOTAL,ALL SEXES,TOTAL,848997
KHYBER PAKTUNKHWA,013,KOHAT DISTRICT,KOHAT TEHSIL,TOTAL,ALL SEXES,MUSLIM,844548
KHYBER PAKTUNKHWA,013,KOHAT DISTRICT,KOHAT TEHSIL,TOTAL,ALL SEXES,CHRISTIAN,3144
KHYBER PAKTUNKHWA,013,KOHAT DISTRICT,KOHAT TEHSIL,TOTAL,ALL SEXES,HINDU,909
KHYBER PAKTUNKHWA,013,KOHAT DISTRICT,KOHAT TEHSIL,TOTAL,ALL SEXES,AHMADI,238
KHYBER PAKTUNKHWA,013,KOHAT DISTRICT,KOHAT TEHSIL,TOTAL,ALL SEXES,SCHEDULED CASTES,90
KHYBER PAKTUNKHWA,013,KOHAT DISTRICT,KOHAT TEHSIL,TOTAL,ALL SEXES,OTHERS,68
KHYBER PAKTUNKHWA,013,KOHAT DISTRICT,KOHAT TEHSIL,TOTAL,MALE,TOTAL,424432
KHYBER PAKTUNKHWA,013,KOHAT DISTRICT,KOHAT TEHSIL,TOTAL,MALE,MUSLIM,422147
KHYBER PAKTUNKHWA,013,KOHAT DISTRICT,KOHAT TEHSIL,TOTAL,MALE,CHRISTIAN,1639
KHYBER PAKTUNKHWA,013,KOHAT DISTRICT,KOHAT TEHSIL,TOTAL,MALE,HINDU,441
KHYBER PAKTUNKHWA,013,KOHAT DISTRICT,KOHAT TEHSIL,TOTAL,MALE,AHMADI,113
KHYBER PAKTUNKHWA,013,KOHAT DISTRICT,KOHAT TEHSIL,TOTAL,MALE,SCHEDULED CASTES,56
KHYBER PAKTUNKHWA,013,KOHAT DISTRICT,KOHAT TEHSIL,TOTAL,MALE,OTHERS,36
KHYBER PAKTUNKHWA,013,KOHAT DISTRICT,KOHAT TEHSIL,TOTAL,FEMALE,TOTAL,424465
KHYBER PAKTUNKHWA,013,KOHAT DISTRICT,KOHAT TEHSIL,TOTAL,FEMALE,MUSLIM,422302
KHYBER PAKTUNKHWA,013,KOHAT DISTRICT,KOHAT TEHSIL,TOTAL,FEMALE,CHRISTIAN,1504
KHYBER PAKTUNKHWA,013,KOHAT DISTRICT,KOHAT TEHSIL,TOTAL,FEMALE,HINDU,468
KHYBER PAKTUNKHWA,013,KOHAT DISTRICT,KOHAT TEHSIL,TOTAL,FEMALE,AHMADI,125
KHYBER PAKTUNKHWA,013,KOHAT DISTRICT,KOHAT TEHSIL,TOTAL,FEMALE,SCHEDULED CASTES,34
KHYBER PAKTUNKHWA,013,KOHAT DISTRICT,KOHAT TEHSIL,TOTAL,FEMALE,OTHERS,32
KHYBER PAKTUNKHWA,013,KOHAT DISTRICT,KOHAT TEHSIL,TOTAL,TRANSGENDER,TOTAL,100
KHYBER PAKTUNKHWA,013,KOHAT DISTRICT,KOHAT TEHSIL,TOTAL,TRANSGENDER,MUSLIM,99
KHYBER PAKTUNKHWA,013,KOHAT DISTRICT,KOHAT TEHSIL,TOTAL,TRANSGENDER,CHRISTIAN,1
KHYBER PAKTUNKHWA,013,KOHAT DISTRICT,KOHAT TEHSIL,TOTAL,TRANSGENDER,HINDU,0
KHYBER PAKTUNKHWA,013,KOHAT DISTRICT,KOHAT TEHSIL,TOTAL,TRANSGENDER,AHMADI,0
KHYBER PAKTUNKHWA,013,KOHAT DISTRICT,KOHAT TEHSIL,TOTAL,TRANSGENDER,SCHEDULED CASTES,0
KHYBER PAKTUNKHWA,013,KOHAT DISTRICT,KOHAT TEHSIL,TOTAL,TRANSGENDER,OTHERS,0
KHYBER PAKTUNKHWA,013,KOHAT DISTRICT,KOHAT TEHSIL,RURAL,ALL SEXES,TOTAL,620442
KHYBER PAKTUNKHWA,013,KOHAT DISTRICT,KOHAT TEHSIL,RURAL,ALL SEXES,MUSLIM,620028
KHYBER PAKTUNKHWA,013,KOHAT DISTRICT,KOHAT TEHSIL,RURAL,ALL SEXES,CHRISTIAN,202
KHYBER PAKTUNKHWA,013,KOHAT DISTRICT,KOHAT TEHSIL,RURAL,ALL SEXES,HINDU,9
KHYBER PAKTUNKHWA,013,KOHAT DISTRICT,KOHAT TEHSIL,RURAL,ALL SEXES,AHMADI,187
KHYBER PAKTUNKHWA,013,KOHAT DISTRICT,KOHAT TEHSIL,RURAL,ALL SEXES,SCHEDULED CASTES,12
KHYBER PAKTUNKHWA,013,KOHAT DISTRICT,KOHAT TEHSIL,RURAL,ALL SEXES,OTHERS,4
KHYBER PAKTUNKHWA,013,KOHAT DISTRICT,KOHAT TEHSIL,RURAL,MALE,TOTAL,303288
KHYBER PAKTUNKHWA,013,KOHAT DISTRICT,KOHAT TEHSIL,RURAL,MALE,MUSLIM,303073
KHYBER PAKTUNKHWA,013,KOHAT DISTRICT,KOHAT TEHSIL,RURAL,MALE,CHRISTIAN,111
KHYBER PAKTUNKHWA,013,KOHAT DISTRICT,KOHAT TEHSIL,RURAL,MALE,HINDU,5
KHYBER PAKTUNKHWA,013,KOHAT DISTRICT,KOHAT TEHSIL,RURAL,MALE,AHMADI,88
KHYBER PAKTUNKHWA,013,KOHAT DISTRICT,KOHAT TEHSIL,RURAL,MALE,SCHEDULED CASTES,7
KHYBER PAKTUNKHWA,013,KOHAT DISTRICT,KOHAT TEHSIL,RURAL,MALE,OTHERS,4
KHYBER PAKTUNKHWA,013,KOHAT DISTRICT,KOHAT TEHSIL,RURAL,FEMALE,TOTAL,317098
KHYBER PAKTUNKHWA,013,KOHAT DISTRICT,KOHAT TEHSIL,RURAL,FEMALE,MUSLIM,316899
KHYBER PAKTUNKHWA,013,KOHAT DISTRICT,KOHAT TEHSIL,RURAL,FEMALE,CHRISTIAN,91
KHYBER PAKTUNKHWA,013,KOHAT DISTRICT,KOHAT TEHSIL,RURAL,FEMALE,HINDU,4
KHYBER PAKTUNKHWA,013,KOHAT DISTRICT,KOHAT TEHSIL,RURAL,FEMALE,AHMADI,99
KHYBER PAKTUNKHWA,013,KOHAT DISTRICT,KOHAT TEHSIL,RURAL,FEMALE,SCHEDULED CASTES,5
KHYBER PAKTUNKHWA,013,KOHAT DISTRICT,KOHAT TEHSIL,RURAL,FEMALE,OTHERS,0
KHYBER PAKTUNKHWA,013,KOHAT DISTRICT,KOHAT TEHSIL,RURAL,TRANSGENDER,TOTAL,56
KHYBER PAKTUNKHWA,013,KOHAT DISTRICT,KOHAT TEHSIL,RURAL,TRANSGENDER,MUSLIM,56
KHYBER PAKTUNKHWA,013,KOHAT DISTRICT,KOHAT TEHSIL,RURAL,TRANSGENDER,CHRISTIAN,0
KHYBER PAKTUNKHWA,013,KOHAT DISTRICT,KOHAT TEHSIL,RURAL,TRANSGENDER,HINDU,0
KHYBER PAKTUNKHWA,013,KOHAT DISTRICT,KOHAT TEHSIL,RURAL,TRANSGENDER,AHMADI,0
KHYBER PAKTUNKHWA,013,KOHAT DISTRICT,KOHAT TEHSIL,RURAL,TRANSGENDER,SCHEDULED CASTES,0
KHYBER PAKTUNKHWA,013,KOHAT DISTRICT,KOHAT TEHSIL,RURAL,TRANSGENDER,OTHERS,0
KHYBER PAKTUNKHWA,013,KOHAT DISTRICT,KOHAT TEHSIL,URBAN,ALL SEXES,TOTAL,228555
KHYBER PAKTUNKHWA,013,KOHAT DISTRICT,KOHAT TEHSIL,URBAN,ALL SEXES,MUSLIM,224520
KHYBER PAKTUNKHWA,013,KOHAT DISTRICT,KOHAT TEHSIL,URBAN,ALL SEXES,CHRISTIAN,2942
KHYBER PAKTUNKHWA,013,KOHAT DISTRICT,KOHAT TEHSIL,URBAN,ALL SEXES,HINDU,900
KHYBER PAKTUNKHWA,013,KOHAT DISTRICT,KOHAT TEHSIL,URBAN,ALL SEXES,AHMADI,51
KHYBER PAKTUNKHWA,013,KOHAT DISTRICT,KOHAT TEHSIL,URBAN,ALL SEXES,SCHEDULED CASTES,78
KHYBER PAKTUNKHWA,013,KOHAT DISTRICT,KOHAT TEHSIL,URBAN,ALL SEXES,OTHERS,64
KHYBER PAKTUNKHWA,013,KOHAT DISTRICT,KOHAT TEHSIL,URBAN,MALE,TOTAL,121144
KHYBER PAKTUNKHWA,013,KOHAT DISTRICT,KOHAT TEHSIL,URBAN,MALE,MUSLIM,119074
KHYBER PAKTUNKHWA,013,KOHAT DISTRICT,KOHAT TEHSIL,URBAN,MALE,CHRISTIAN,1528
KHYBER PAKTUNKHWA,013,KOHAT DISTRICT,KOHAT TEHSIL,URBAN,MALE,HINDU,436
KHYBER PAKTUNKHWA,013,KOHAT DISTRICT,KOHAT TEHSIL,URBAN,MALE,AHMADI,25
KHYBER PAKTUNKHWA,013,KOHAT DISTRICT,KOHAT TEHSIL,URBAN,MALE,SCHEDULED CASTES,49
KHYBER PAKTUNKHWA,013,KOHAT DISTRICT,KOHAT TEHSIL,URBAN,MALE,OTHERS,32
KHYBER PAKTUNKHWA,013,KOHAT DISTRICT,KOHAT TEHSIL,URBAN,FEMALE,TOTAL,107367
KHYBER PAKTUNKHWA,013,KOHAT DISTRICT,KOHAT TEHSIL,URBAN,FEMALE,MUSLIM,105403
KHYBER PAKTUNKHWA,013,KOHAT DISTRICT,KOHAT TEHSIL,URBAN,FEMALE,CHRISTIAN,1413
KHYBER PAKTUNKHWA,013,KOHAT DISTRICT,KOHAT TEHSIL,URBAN,FEMALE,HINDU,464
KHYBER PAKTUNKHWA,013,KOHAT DISTRICT,KOHAT TEHSIL,URBAN,FEMALE,AHMADI,26
KHYBER PAKTUNKHWA,013,KOHAT DISTRICT,KOHAT TEHSIL,URBAN,FEMALE,SCHEDULED CASTES,29
KHYBER PAKTUNKHWA,013,KOHAT DISTRICT,KOHAT TEHSIL,URBAN,FEMALE,OTHERS,32
KHYBER PAKTUNKHWA,013,KOHAT DISTRICT,KOHAT TEHSIL,URBAN,TRANSGENDER,TOTAL,44
KHYBER PAKTUNKHWA,013,KOHAT DISTRICT,KOHAT TEHSIL,URBAN,TRANSGENDER,MUSLIM,43
KHYBER PAKTUNKHWA,013,KOHAT DISTRICT,KOHAT TEHSIL,URBAN,TRANSGENDER,CHRISTIAN,1
KHYBER PAKTUNKHWA,013,KOHAT DISTRICT,KOHAT TEHSIL,URBAN,TRANSGENDER,HINDU,0
KHYBER PAKTUNKHWA,013,KOHAT DISTRICT,KOHAT TEHSIL,URBAN,TRANSGENDER,AHMADI,0
KHYBER PAKTUNKHWA,013,KOHAT DISTRICT,KOHAT TEHSIL,URBAN,TRANSGENDER,SCHEDULED CASTES,0
KHYBER PAKTUNKHWA,013,KOHAT DISTRICT,KOHAT TEHSIL,URBAN,TRANSGENDER,OTHERS,0
KHYBER PAKTUNKHWA,013,KOHAT DISTRICT,LACHI TEHSIL,TOTAL,ALL SEXES,TOTAL,143430
KHYBER PAKTUNKHWA,013,KOHAT DISTRICT,LACHI TEHSIL,TOTAL,ALL SEXES,MUSLIM,143380
KHYBER PAKTUNKHWA,013,KOHAT DISTRICT,LACHI TEHSIL,TOTAL,ALL SEXES,CHRISTIAN,30
KHYBER PAKTUNKHWA,013,KOHAT DISTRICT,LACHI TEHSIL,TOTAL,ALL SEXES,HINDU,0
KHYBER PAKTUNKHWA,013,KOHAT DISTRICT,LACHI TEHSIL,TOTAL,ALL SEXES,AHMADI,18
KHYBER PAKTUNKHWA,013,KOHAT DISTRICT,LACHI TEHSIL,TOTAL,ALL SEXES,SCHEDULED CASTES,2
KHYBER PAKTUNKHWA,013,KOHAT DISTRICT,LACHI TEHSIL,TOTAL,ALL SEXES,OTHERS,0
KHYBER PAKTUNKHWA,013,KOHAT DISTRICT,LACHI TEHSIL,TOTAL,MALE,TOTAL,71350
KHYBER PAKTUNKHWA,013,KOHAT DISTRICT,LACHI TEHSIL,TOTAL,MALE,MUSLIM,71326
KHYBER PAKTUNKHWA,013,KOHAT DISTRICT,LACHI TEHSIL,TOTAL,MALE,CHRISTIAN,13
KHYBER PAKTUNKHWA,013,KOHAT DISTRICT,LACHI TEHSIL,TOTAL,MALE,HINDU,0
KHYBER PAKTUNKHWA,013,KOHAT DISTRICT,LACHI TEHSIL,TOTAL,MALE,AHMADI,10
KHYBER PAKTUNKHWA,013,KOHAT DISTRICT,LACHI TEHSIL,TOTAL,MALE,SCHEDULED CASTES,1
KHYBER PAKTUNKHWA,013,KOHAT DISTRICT,LACHI TEHSIL,TOTAL,MALE,OTHERS,0
KHYBER PAKTUNKHWA,013,KOHAT DISTRICT,LACHI TEHSIL,TOTAL,FEMALE,TOTAL,72074
KHYBER PAKTUNKHWA,013,KOHAT DISTRICT,LACHI TEHSIL,TOTAL,FEMALE,MUSLIM,72048
KHYBER PAKTUNKHWA,013,KOHAT DISTRICT,LACHI TEHSIL,TOTAL,FEMALE,CHRISTIAN,17
KHYBER PAKTUNKHWA,013,KOHAT DISTRICT,LACHI TEHSIL,TOTAL,FEMALE,HINDU,0
KHYBER PAKTUNKHWA,013,KOHAT DISTRICT,LACHI TEHSIL,TOTAL,FEMALE,AHMADI,8
KHYBER PAKTUNKHWA,013,KOHAT DISTRICT,LACHI TEHSIL,TOTAL,FEMALE,SCHEDULED CASTES,1
KHYBER PAKTUNKHWA,013,KOHAT DISTRICT,LACHI TEHSIL,TOTAL,FEMALE,OTHERS,0
KHYBER PAKTUNKHWA,013,KOHAT DISTRICT,LACHI TEHSIL,TOTAL,TRANSGENDER,TOTAL,6
KHYBER PAKTUNKHWA,013,KOHAT DISTRICT,LACHI TEHSIL,TOTAL,TRANSGENDER,MUSLIM,6
KHYBER PAKTUNKHWA,013,KOHAT DISTRICT,LACHI TEHSIL,TOTAL,TRANSGENDER,CHRISTIAN,0
KHYBER PAKTUNKHWA,013,KOHAT DISTRICT,LACHI TEHSIL,TOTAL,TRANSGENDER,HINDU,0
KHYBER PAKTUNKHWA,013,KOHAT DISTRICT,LACHI TEHSIL,TOTAL,TRANSGENDER,AHMADI,0
KHYBER PAKTUNKHWA,013,KOHAT DISTRICT,LACHI TEHSIL,TOTAL,TRANSGENDER,SCHEDULED CASTES,0
KHYBER PAKTUNKHWA,013,KOHAT DISTRICT,LACHI TEHSIL,TOTAL,TRANSGENDER,OTHERS,0
KHYBER PAKTUNKHWA,013,KOHAT DISTRICT,LACHI TEHSIL,RURAL,ALL SEXES,TOTAL,102059
KHYBER PAKTUNKHWA,013,KOHAT DISTRICT,LACHI TEHSIL,RURAL,ALL SEXES,MUSLIM,102026
KHYBER PAKTUNKHWA,013,KOHAT DISTRICT,LACHI TEHSIL,RURAL,ALL SEXES,CHRISTIAN,15
KHYBER PAKTUNKHWA,013,KOHAT DISTRICT,LACHI TEHSIL,RURAL,ALL SEXES,HINDU,0
KHYBER PAKTUNKHWA,013,KOHAT DISTRICT,LACHI TEHSIL,RURAL,ALL SEXES,AHMADI,17
KHYBER PAKTUNKHWA,013,KOHAT DISTRICT,LACHI TEHSIL,RURAL,ALL SEXES,SCHEDULED CASTES,1
KHYBER PAKTUNKHWA,013,KOHAT DISTRICT,LACHI TEHSIL,RURAL,ALL SEXES,OTHERS,0
KHYBER PAKTUNKHWA,013,KOHAT DISTRICT,LACHI TEHSIL,RURAL,MALE,TOTAL,50384
KHYBER PAKTUNKHWA,013,KOHAT DISTRICT,LACHI TEHSIL,RURAL,MALE,MUSLIM,50370
KHYBER PAKTUNKHWA,013,KOHAT DISTRICT,LACHI TEHSIL,RURAL,MALE,CHRISTIAN,5
KHYBER PAKTUNKHWA,013,KOHAT DISTRICT,LACHI TEHSIL,RURAL,MALE,HINDU,0
KHYBER PAKTUNKHWA,013,KOHAT DISTRICT,LACHI TEHSIL,RURAL,MALE,AHMADI,9
KHYBER PAKTUNKHWA,013,KOHAT DISTRICT,LACHI TEHSIL,RURAL,MALE,SCHEDULED CASTES,0
KHYBER PAKTUNKHWA,013,KOHAT DISTRICT,LACHI TEHSIL,RURAL,MALE,OTHERS,0
KHYBER PAKTUNKHWA,013,KOHAT DISTRICT,LACHI TEHSIL,RURAL,FEMALE,TOTAL,51669
KHYBER PAKTUNKHWA,013,KOHAT DISTRICT,LACHI TEHSIL,RURAL,FEMALE,MUSLIM,51650
KHYBER PAKTUNKHWA,013,KOHAT DISTRICT,LACHI TEHSIL,RURAL,FEMALE,CHRISTIAN,10
KHYBER PAKTUNKHWA,013,KOHAT DISTRICT,LACHI TEHSIL,RURAL,FEMALE,HINDU,0
KHYBER PAKTUNKHWA,013,KOHAT DISTRICT,LACHI TEHSIL,RURAL,FEMALE,AHMADI,8
KHYBER PAKTUNKHWA,013,KOHAT DISTRICT,LACHI TEHSIL,RURAL,FEMALE,SCHEDULED CASTES,1
KHYBER PAKTUNKHWA,013,KOHAT DISTRICT,LACHI TEHSIL,RURAL,FEMALE,OTHERS,0
KHYBER PAKTUNKHWA,013,KOHAT DISTRICT,LACHI TEHSIL,RURAL,TRANSGENDER,TOTAL,6
KHYBER PAKTUNKHWA,013,KOHAT DISTRICT,LACHI TEHSIL,RURAL,TRANSGENDER,MUSLIM,6
KHYBER PAKTUNKHWA,013,KOHAT DISTRICT,LACHI TEHSIL,RURAL,TRANSGENDER,CHRISTIAN,0
KHYBER PAKTUNKHWA,013,KOHAT DISTRICT,LACHI TEHSIL,RURAL,TRANSGENDER,HINDU,0
KHYBER PAKTUNKHWA,013,KOHAT DISTRICT,LACHI TEHSIL,RURAL,TRANSGENDER,AHMADI,0
KHYBER PAKTUNKHWA,013,KOHAT DISTRICT,LACHI TEHSIL,RURAL,TRANSGENDER,SCHEDULED CASTES,0
KHYBER PAKTUNKHWA,013,KOHAT DISTRICT,LACHI TEHSIL,RURAL,TRANSGENDER,OTHERS,0
KHYBER PAKTUNKHWA,013,KOHAT DISTRICT,LACHI TEHSIL,URBAN,ALL SEXES,TOTAL,41371
KHYBER PAKTUNKHWA,013,KOHAT DISTRICT,LACHI TEHSIL,URBAN,ALL SEXES,MUSLIM,41354
KHYBER PAKTUNKHWA,013,KOHAT DISTRICT,LACHI TEHSIL,URBAN,ALL SEXES,CHRISTIAN,15
KHYBER PAKTUNKHWA,013,KOHAT DISTRICT,LACHI TEHSIL,URBAN,ALL SEXES,HINDU,0
KHYBER PAKTUNKHWA,013,KOHAT DISTRICT,LACHI TEHSIL,URBAN,ALL SEXES,AHMADI,1
KHYBER PAKTUNKHWA,013,KOHAT DISTRICT,LACHI TEHSIL,URBAN,ALL SEXES,SCHEDULED CASTES,1
KHYBER PAKTUNKHWA,013,KOHAT DISTRICT,LACHI TEHSIL,URBAN,ALL SEXES,OTHERS,0
KHYBER PAKTUNKHWA,013,KOHAT DISTRICT,LACHI TEHSIL,URBAN,MALE,TOTAL,20966
KHYBER PAKTUNKHWA,013,KOHAT DISTRICT,LACHI TEHSIL,URBAN,MALE,MUSLIM,20956
KHYBER PAKTUNKHWA,013,KOHAT DISTRICT,LACHI TEHSIL,URBAN,MALE,CHRISTIAN,8
KHYBER PAKTUNKHWA,013,KOHAT DISTRICT,LACHI TEHSIL,URBAN,MALE,HINDU,0
KHYBER PAKTUNKHWA,013,KOHAT DISTRICT,LACHI TEHSIL,URBAN,MALE,AHMADI,1
KHYBER PAKTUNKHWA,013,KOHAT DISTRICT,LACHI TEHSIL,URBAN,MALE,SCHEDULED CASTES,1
KHYBER PAKTUNKHWA,013,KOHAT DISTRICT,LACHI TEHSIL,URBAN,MALE,OTHERS,0
KHYBER PAKTUNKHWA,013,KOHAT DISTRICT,LACHI TEHSIL,URBAN,FEMALE,TOTAL,20405
KHYBER PAKTUNKHWA,013,KOHAT DISTRICT,LACHI TEHSIL,URBAN,FEMALE,MUSLIM,20398
KHYBER PAKTUNKHWA,013,KOHAT DISTRICT,LACHI TEHSIL,URBAN,FEMALE,CHRISTIAN,7
KHYBER PAKTUNKHWA,013,KOHAT DISTRICT,LACHI TEHSIL,URBAN,FEMALE,HINDU,0
KHYBER PAKTUNKHWA,013,KOHAT DISTRICT,LACHI TEHSIL,URBAN,FEMALE,AHMADI,0
KHYBER PAKTUNKHWA,013,KOHAT DISTRICT,LACHI TEHSIL,URBAN,FEMALE,SCHEDULED CASTES,0
KHYBER PAKTUNKHWA,013,KOHAT DISTRICT,LACHI TEHSIL,URBAN,FEMALE,OTHERS,0
KHYBER PAKTUNKHWA,013,KOHAT DISTRICT,LACHI TEHSIL,URBAN,TRANSGENDER,TOTAL,0
KHYBER PAKTUNKHWA,013,KOHAT DISTRICT,LACHI TEHSIL,URBAN,TRANSGENDER,MUSLIM,0
KHYBER PAKTUNKHWA,013,KOHAT DISTRICT,LACHI TEHSIL,URBAN,TRANSGENDER,CHRISTIAN,0
KHYBER PAKTUNKHWA,013,KOHAT DISTRICT,LACHI TEHSIL,URBAN,TRANSGENDER,HINDU,0
KHYBER PAKTUNKHWA,013,KOHAT DISTRICT,LACHI TEHSIL,URBAN,TRANSGENDER,AHMADI,0
KHYBER PAKTUNKHWA,013,KOHAT DISTRICT,LACHI TEHSIL,URBAN,TRANSGENDER,SCHEDULED CASTES,0
KHYBER PAKTUNKHWA,013,KOHAT DISTRICT,LACHI TEHSIL,URBAN,TRANSGENDER,OTHERS,0
