province_name,district_code,district_name,area_name,area_type,gender,mother_tongue,count
KHYBER PAKTUNKHWA,017,NOWSHERA DISTRICT,NOWSHERA DISTRICT,TOTAL,ALL SEXES,TOTAL,1520995
KHYBER PAKTUNKHWA,017,NOWSHERA DISTRICT,NOWSHERA DISTRICT,TOTAL,ALL SEXES,URDU,17449
KHYBER PAKTUNKHWA,017,NOWSHERA DISTRICT,NOWSHERA DISTRICT,TOTAL,ALL SEXES,PUNJABI,31011
KHYBER PAKTUNKHWA,017,NOWSHERA DISTRICT,NOWSHERA DISTRICT,TOTAL,ALL SEXES,SINDHI,2830
KHYBER PAKTUNKHWA,017,NOWSHERA DISTRICT,NOWSHERA DISTRICT,TOTAL,ALL SEXES,PUSHTO,1411830
KHYBER PAKTUNKHWA,017,NOWSHERA DISTRICT,NOWSHERA DISTRICT,TOTAL,ALL SEXES,BALOCHI,694
KHYBER PAKTUNKHWA,017,NOWSHERA DISTRICT,NOWSHERA DISTRICT,TOTAL,ALL SEXES,KASHMIRI,1347
KHYBER PAKTUNKHWA,017,NOWSHERA DISTRICT,NOWSHERA DISTRICT,TOTAL,ALL SEXES,SARAIKI,2307
KHYBER PAKTUNKHWA,017,NOWSHERA DISTRICT,NOWSHERA DISTRICT,TOTAL,ALL SEXES,HINDKO,46580
KHYBER PAKTUNKHWA,017,NOWSHERA DISTRICT,NOWSHERA DISTRICT,TOTAL,ALL SEXES,BRAHVI,1864
KHYBER PAKTUNKHWA,017,NOWSHERA DISTRICT,NOWSHERA DISTRICT,TOTAL,ALL SEXES,OTHER,5083
KHYBER PAKTUNKHWA,017,NOWSHERA DISTRICT,NOWSHERA DISTRICT,TOTAL,MALE,TOTAL,783035
KHYBER PAKTUNKHWA,017,NOWSHERA DISTRICT,NOWSHERA DISTRICT,TOTAL,MALE,URDU,9262
KHYBER PAKTUNKHWA,017,NOWSHERA DISTRICT,NOWSHERA DISTRICT,TOTAL,MALE,PUNJABI,21523
KHYBER PAKTUNKHWA,017,NOWSHERA DISTRICT,NOWSHERA DISTRICT,TOTAL,MALE,SINDHI,2293
KHYBER PAKTUNKHWA,017,NOWSHERA DISTRICT,NOWSHERA DISTRICT,TOTAL,MALE,PUSHTO,719180
KHYBER PAKTUNKHWA,017,NOWSHERA DISTRICT,NOWSHERA DISTRICT,TOTAL,MALE,BALOCHI,472
KHYBER PAKTUNKHWA,017,NOWSHERA DISTRICT,NOWSHERA DISTRICT,TOTAL,MALE,KASHMIRI,871
KHYBER PAKTUNKHWA,017,NOWSHERA DISTRICT,NOWSHERA DISTRICT,TOTAL,MALE,SARAIKI,1574
KHYBER PAKTUNKHWA,017,NOWSHERA DISTRICT,NOWSHERA DISTRICT,TOTAL,MALE,HINDKO,23990
KHYBER PAKTUNKHWA,017,NOWSHERA DISTRICT,NOWSHERA DISTRICT,TOTAL,MALE,BRAHVI,1030
KHYBER PAKTUNKHWA,017,NOWSHERA DISTRICT,NOWSHERA DISTRICT,TOTAL,MALE,OTHER,2840
KHYBER PAKTUNKHWA,017,NOWSHERA DISTRICT,NOWSHERA DISTRICT,TOTAL,FEMALE,TOTAL,737834
KHYBER PAKTUNKHWA,017,NOWSHERA DISTRICT,NOWSHERA DISTRICT,TOTAL,FEMALE,URDU,8180
KHYBER PAKTUNKHWA,017,NOWSHERA DISTRICT,NOWSHERA DISTRICT,TOTAL,FEMALE,PUNJABI,9487
KHYBER PAKTUNKHWA,017,NOWSHERA DISTRICT,NOWSHERA DISTRICT,TOTAL,FEMALE,SINDHI,537
KHYBER PAKTUNKHWA,017,NOWSHERA DISTRICT,NOWSHERA DISTRICT,TOTAL,FEMALE,PUSHTO,692541
KHYBER PAKTUNKHWA,017,NOWSHERA DISTRICT,NOWSHERA DISTRICT,TOTAL,FEMALE,BALOCHI,222
KHYBER PAKTUNKHWA,017,NOWSHERA DISTRICT,NOWSHERA DISTRICT,TOTAL,FEMALE,KASHMIRI,476
KHYBER PAKTUNKHWA,017,NOWSHERA DISTRICT,NOWSHERA DISTRICT,TOTAL,FEMALE,SARAIKI,733
KHYBER PAKTUNKHWA,017,NOWSHERA DISTRICT,NOWSHERA DISTRICT,TOTAL,FEMALE,HINDKO,22581
KHYBER PAKTUNKHWA,017,NOWSHERA DISTRICT,NOWSHERA DISTRICT,TOTAL,FEMALE,BRAHVI,834
KHYBER PAKTUNKHWA,017,NOWSHERA DISTRICT,NOWSHERA DISTRICT,TOTAL,FEMALE,OTHER,2243
KHYBER PAKTUNKHWA,017,NOWSHERA DISTRICT,NOWSHERA DISTRICT,TOTAL,TRANSGENDER,TOTAL,126
KHYBER PAKTUNKHWA,017,NOWSHERA DISTRICT,NOWSHERA DISTRICT,TOTAL,TRANSGENDER,URDU,7
KHYBER PAKTUNKHWA,017,NOWSHERA DISTRICT,NOWSHERA DISTRICT,TOTAL,TRANSGENDER,PUNJABI,1
KHYBER PAKTUNKHWA,017,NOWSHERA DISTRICT,NOWSHERA DISTRICT,TOTAL,TRANSGENDER,SINDHI,0
KHYBER PAKTUNKHWA,017,NOWSHERA DISTRICT,NOWSHERA DISTRICT,TOTAL,TRANSGENDER,PUSHTO,109
KHYBER PAKTUNKHWA,017,NOWSHERA DISTRICT,NOWSHERA DISTRICT,TOTAL,TRANSGENDER,BALOCHI,0
KHYBER PAKTUNKHWA,017,NOWSHERA DISTRICT,NOWSHERA DISTRICT,TOTAL,TRANSGENDER,KASHMIRI,0
KHYBER PAKTUNKHWA,017,NOWSHERA DISTRICT,NOWSHERA DISTRICT,TOTAL,TRANSGENDER,SARAIKI,0
KHYBER PAKTUNKHWA,017,NOWSHERA DISTRICT,NOWSHERA DISTRICT,TOTAL,TRANSGENDER,HINDKO,9
KHYBER PAKTUNKHWA,017,NOWSHERA DISTRICT,NOWSHERA DISTRICT,TOTAL,TRANSGENDER,BRAHVI,0
KHYBER PAKTUNKHWA,017,NOWSHERA DISTRICT,NOWSHERA DISTRICT,TOTAL,TRANSGENDER,OTHER,0
KHYBER PAKTUNKHWA,017,NOWSHERA DISTRICT,NOWSHERA DISTRICT,RURAL,ALL SEXES,TOTAL,1181460
KHYBER PAKTUNKHWA,017,NOWSHERA DISTRICT,NOWSHERA DISTRICT,RURAL,ALL SEXES,URDU,7876
KHYBER PAKTUNKHWA,017,NOWSHERA DISTRICT,NOWSHERA DISTRICT,RURAL,ALL SEXES,PUNJABI,5883
KHYBER PAKTUNKHWA,017,NOWSHERA DISTRICT,NOWSHERA DISTRICT,RURAL,ALL SEXES,SINDHI,436
KHYBER PAKTUNKHWA,017,NOWSHERA DISTRICT,NOWSHERA DISTRICT,RURAL,ALL SEXES,PUSHTO,1129067
KHYBER PAKTUNKHWA,017,NOWSHERA DISTRICT,NOWSHERA DISTRICT,RURAL,ALL SEXES,BALOCHI,223
KHYBER PAKTUNKHWA,017,NOWSHERA DISTRICT,NOWSHERA DISTRICT,RURAL,ALL SEXES,KASHMIRI,399
KHYBER PAKTUNKHWA,017,NOWSHERA DISTRICT,NOWSHERA DISTRICT,RURAL,ALL SEXES,SARAIKI,662
KHYBER PAKTUNKHWA,017,NOWSHERA DISTRICT,NOWSHERA DISTRICT,RURAL,ALL SEXES,HINDKO,32964
KHYBER PAKTUNKHWA,017,NOWSHERA DISTRICT,NOWSHERA DISTRICT,RURAL,ALL SEXES,BRAHVI,1111
KHYBER PAKTUNKHWA,017,NOWSHERA DISTRICT,NOWSHERA DISTRICT,RURAL,ALL SEXES,OTHER,2839
KHYBER PAKTUNKHWA,017,NOWSHERA DISTRICT,NOWSHERA DISTRICT,RURAL,MALE,TOTAL,598964
KHYBER PAKTUNKHWA,017,NOWSHERA DISTRICT,NOWSHERA DISTRICT,RURAL,MALE,URDU,4030
KHYBER PAKTUNKHWA,017,NOWSHERA DISTRICT,NOWSHERA DISTRICT,RURAL,MALE,PUNJABI,3252
KHYBER PAKTUNKHWA,017,NOWSHERA DISTRICT,NOWSHERA DISTRICT,RURAL,MALE,SINDHI,224
KHYBER PAKTUNKHWA,017,NOWSHERA DISTRICT,NOWSHERA DISTRICT,RURAL,MALE,PUSHTO,571770
KHYBER PAKTUNKHWA,017,NOWSHERA DISTRICT,NOWSHERA DISTRICT,RURAL,MALE,BALOCHI,118
KHYBER PAKTUNKHWA,017,NOWSHERA DISTRICT,NOWSHERA DISTRICT,RURAL,MALE,KASHMIRI,203
KHYBER PAKTUNKHWA,017,NOWSHERA DISTRICT,NOWSHERA DISTRICT,RURAL,MALE,SARAIKI,365
KHYBER PAKTUNKHWA,017,NOWSHERA DISTRICT,NOWSHERA DISTRICT,RURAL,MALE,HINDKO,16880
KHYBER PAKTUNKHWA,017,NOWSHERA DISTRICT,NOWSHERA DISTRICT,RURAL,MALE,BRAHVI,614
KHYBER PAKTUNKHWA,017,NOWSHERA DISTRICT,NOWSHERA DISTRICT,RURAL,MALE,OTHER,1508
KHYBER PAKTUNKHWA,017,NOWSHERA DISTRICT,NOWSHERA DISTRICT,RURAL,FEMALE,TOTAL,582426
KHYBER PAKTUNKHWA,017,NOWSHERA DISTRICT,NOWSHERA DISTRICT,RURAL,FEMALE,URDU,3845
KHYBER PAKTUNKHWA,017,NOWSHERA DISTRICT,NOWSHERA DISTRICT,RURAL,FEMALE,PUNJABI,2631
KHYBER PAKTUNKHWA,017,NOWSHERA DISTRICT,NOWSHERA DISTRICT,RURAL,FEMALE,SINDHI,212
KHYBER PAKTUNKHWA,017,NOWSHERA DISTRICT,NOWSHERA DISTRICT,RURAL,FEMALE,PUSHTO,557234
KHYBER PAKTUNKHWA,017,NOWSHERA DISTRICT,NOWSHERA DISTRICT,RURAL,FEMALE,BALOCHI,105
KHYBER PAKTUNKHWA,017,NOWSHERA DISTRICT,NOWSHERA DISTRICT,RURAL,FEMALE,KASHMIRI,196
KHYBER PAKTUNKHWA,017,NOWSHERA DISTRICT,NOWSHERA DISTRICT,RURAL,FEMALE,SARAIKI,297
KHYBER PAKTUNKHWA,017,NOWSHERA DISTRICT,NOWSHERA DISTRICT,RURAL,FEMALE,HINDKO,16078
KHYBER PAKTUNKHWA,017,NOWSHERA DISTRICT,NOWSHERA DISTRICT,RURAL,FEMALE,BRAHVI,497
KHYBER PAKTUNKHWA,017,NOWSHERA DISTRICT,NOWSHERA DISTRICT,RURAL,FEMALE,OTHER,1331
KHYBER PAKTUNKHWA,017,NOWSHERA DISTRICT,NOWSHERA DISTRICT,RURAL,TRANSGENDER,TOTAL,70
KHYBER PAKTUNKHWA,017,NOWSHERA DISTRICT,NOWSHERA DISTRICT,RURAL,TRANSGENDER,URDU,1
KHYBER PAKTUNKHWA,017,NOWSHERA DISTRICT,NOWSHERA DISTRICT,RURAL,TRANSGENDER,PUNJABI,0
KHYBER PAKTUNKHWA,017,NOWSHERA DISTRICT,NOWSHERA DISTRICT,RURAL,TRANSGENDER,SINDHI,0
KHYBER PAKTUNKHWA,017,NOWSHERA DISTRICT,NOWSHERA DISTRICT,RURAL,TRANSGENDER,PUSHTO,63
KHYBER PAKTUNKHWA,017,NOWSHERA DISTRICT,NOWSHERA DISTRICT,RURAL,TRANSGENDER,BALOCHI,0
KHYBER PAKTUNKHWA,017,NOWSHERA DISTRICT,NOWSHERA DISTRICT,RURAL,TRANSGENDER,KASHMIRI,0
KHYBER PAKTUNKHWA,017,NOWSHERA DISTRICT,NOWSHERA DISTRICT,RURAL,TRANSGENDER,SARAIKI,0
KHYBER PAKTUNKHWA,017,NOWSHERA DISTRICT,NOWSHERA DISTRICT,RURAL,TRANSGENDER,HINDKO,6
KHYBER PAKTUNKHWA,017,NOWSHERA DISTRICT,NOWSHERA DISTRICT,RURAL,TRANSGENDER,BRAHVI,0
KHYBER PAKTUNKHWA,017,NOWSHERA DISTRICT,NOWSHERA DISTRICT,RURAL,TRANSGENDER,OTHER,0
KHYBER PAKTUNKHWA,017,NOWSHERA DISTRICT,NOWSHERA DISTRICT,URBAN,ALL SEXES,TOTAL,339535
KHYBER PAKTUNKHWA,017,NOWSHERA DISTRICT,NOWSHERA DISTRICT,URBAN,ALL SEXES,URDU,9573
KHYBER PAKTUNKHWA,017,NOWSHERA DISTRICT,NOWSHERA DISTRICT,URBAN,ALL SEXES,PUNJABI,25128
KHYBER PAKTUNKHWA,017,NOWSHERA DISTRICT,NOWSHERA DISTRICT,URBAN,ALL SEXES,SINDHI,2394
KHYBER PAKTUNKHWA,017,NOWSHERA DISTRICT,NOWSHERA DISTRICT,URBAN,ALL SEXES,PUSHTO,282763
KHYBER PAKTUNKHWA,017,NOWSHERA DISTRICT,NOWSHERA DISTRICT,URBAN,ALL SEXES,BALOCHI,471
KHYBER PAKTUNKHWA,017,NOWSHERA DISTRICT,NOWSHERA DISTRICT,URBAN,ALL SEXES,KASHMIRI,948
KHYBER PAKTUNKHWA,017,NOWSHERA DISTRICT,NOWSHERA DISTRICT,URBAN,ALL SEXES,SARAIKI,1645
KHYBER PAKTUNKHWA,017,NOWSHERA DISTRICT,NOWSHERA DISTRICT,URBAN,ALL SEXES,HINDKO,13616
KHYBER PAKTUNKHWA,017,NOWSHERA DISTRICT,NOWSHERA DISTRICT,URBAN,ALL SEXES,BRAHVI,753
KHYBER PAKTUNKHWA,017,NOWSHERA DISTRICT,NOWSHERA DISTRICT,URBAN,ALL SEXES,OTHER,2244
KHYBER PAKTUNKHWA,017,NOWSHERA DISTRICT,NOWSHERA DISTRICT,URBAN,MALE,TOTAL,184071
KHYBER PAKTUNKHWA,017,NOWSHERA DISTRICT,NOWSHERA DISTRICT,URBAN,MALE,URDU,5232
KHYBER PAKTUNKHWA,017,NOWSHERA DISTRICT,NOWSHERA DISTRICT,URBAN,MALE,PUNJABI,18271
KHYBER PAKTUNKHWA,017,NOWSHERA DISTRICT,NOWSHERA DISTRICT,URBAN,MALE,SINDHI,2069
KHYBER PAKTUNKHWA,017,NOWSHERA DISTRICT,NOWSHERA DISTRICT,URBAN,MALE,PUSHTO,147410
KHYBER PAKTUNKHWA,017,NOWSHERA DISTRICT,NOWSHERA DISTRICT,URBAN,MALE,BALOCHI,354
KHYBER PAKTUNKHWA,017,NOWSHERA DISTRICT,NOWSHERA DISTRICT,URBAN,MALE,KASHMIRI,668
KHYBER PAKTUNKHWA,017,NOWSHERA DISTRICT,NOWSHERA DISTRICT,URBAN,MALE,SARAIKI,1209
KHYBER PAKTUNKHWA,017,NOWSHERA DISTRICT,NOWSHERA DISTRICT,URBAN,MALE,HINDKO,7110
KHYBER PAKTUNKHWA,017,NOWSHERA DISTRICT,NOWSHERA DISTRICT,URBAN,MALE,BRAHVI,416
KHYBER PAKTUNKHWA,017,NOWSHERA DISTRICT,NOWSHERA DISTRICT,URBAN,MALE,OTHER,1332
KHYBER PAKTUNKHWA,017,NOWSHERA DISTRICT,NOWSHERA DISTRICT,URBAN,FEMALE,TOTAL,155408
KHYBER PAKTUNKHWA,017,NOWSHERA DISTRICT,NOWSHERA DISTRICT,URBAN,FEMALE,URDU,4335
KHYBER PAKTUNKHWA,017,NOWSHERA DISTRICT,NOWSHERA DISTRICT,URBAN,FEMALE,PUNJABI,6856
KHYBER PAKTUNKHWA,017,NOWSHERA DISTRICT,NOWSHERA DISTRICT,URBAN,FEMALE,SINDHI,325
KHYBER PAKTUNKHWA,017,NOWSHERA DISTRICT,NOWSHERA DISTRICT,URBAN,FEMALE,PUSHTO,135307
KHYBER PAKTUNKHWA,017,NOWSHERA DISTRICT,NOWSHERA DISTRICT,URBAN,FEMALE,BALOCHI,117
KHYBER PAKTUNKHWA,017,NOWSHERA DISTRICT,NOWSHERA DISTRICT,URBAN,FEMALE,KASHMIRI,280
KHYBER PAKTUNKHWA,017,NOWSHERA DISTRICT,NOWSHERA DISTRICT,URBAN,FEMALE,SARAIKI,436
KHYBER PAKTUNKHWA,017,NOWSHERA DISTRICT,NOWSHERA DISTRICT,URBAN,FEMALE,HINDKO,6503
KHYBER PAKTUNKHWA,017,NOWSHERA DISTRICT,NOWSHERA DISTRICT,URBAN,FEMALE,BRAHVI,337
KHYBER PAKTUNKHWA,017,NOWSHERA DISTRICT,NOWSHERA DISTRICT,URBAN,FEMALE,OTHER,912
KHYBER PAKTUNKHWA,017,NOWSHERA DISTRICT,NOWSHERA DISTRICT,URBAN,TRANSGENDER,TOTAL,56
KHYBER PAKTUNKHWA,017,NOWSHERA DISTRICT,NOWSHERA DISTRICT,URBAN,TRANSGENDER,URDU,6
KHYBER PAKTUNKHWA,017,NOWSHERA DISTRICT,NOWSHERA DISTRICT,URBAN,TRANSGENDER,PUNJABI,1
KHYBER PAKTUNKHWA,017,NOWSHERA DISTRICT,NOWSHERA DISTRICT,URBAN,TRANSGENDER,SINDHI,0
KHYBER PAKTUNKHWA,017,NOWSHERA DISTRICT,NOWSHERA DISTRICT,URBAN,TRANSGENDER,PUSHTO,46
KHYBER PAKTUNKHWA,017,NOWSHERA DISTRICT,NOWSHERA DISTRICT,URBAN,TRANSGENDER,BALOCHI,0
KHYBER PAKTUNKHWA,017,NOWSHERA DISTRICT,NOWSHERA DISTRICT,URBAN,TRANSGENDER,KASHMIRI,0
KHYBER PAKTUNKHWA,017,NOWSHERA DISTRICT,NOWSHERA DISTRICT,URBAN,TRANSGENDER,SARAIKI,0
KHYBER PAKTUNKHWA,017,NOWSHERA DISTRICT,NOWSHERA DISTRICT,URBAN,TRANSGENDER,HINDKO,3
KHYBER PAKTUNKHWA,017,NOWSHERA DISTRICT,NOWSHERA DISTRICT,URBAN,TRANSGENDER,BRAHVI,0
KHYBER PAKTUNKHWA,017,NOWSHERA DISTRICT,NOWSHERA DISTRICT,URBAN,TRANSGENDER,OTHER,0
KHYBER PAKTUNKHWA,017,NOWSHERA DISTRICT,JEHANGIRA TEHSIL,TOTAL,ALL SEXES,TOTAL,353764
KHYBER PAKTUNKHWA,017,NOWSHERA DISTRICT,JEHANGIRA TEHSIL,TOTAL,ALL SEXES,URDU,1470
KHYBER PAKTUNKHWA,017,NOWSHERA DISTRICT,JEHANGIRA TEHSIL,TOTAL,ALL SEXES,PUNJABI,1054
KHYBER PAKTUNKHWA,017,NOWSHERA DISTRICT,JEHANGIRA TEHSIL,TOTAL,ALL SEXES,SINDHI,216
KHYBER PAKTUNKHWA,017,NOWSHERA DISTRICT,JEHANGIRA TEHSIL,TOTAL,ALL SEXES,PUSHTO,323101
KHYBER PAKTUNKHWA,017,NOWSHERA DISTRICT,JEHANGIRA TEHSIL,TOTAL,ALL SEXES,BALOCHI,136
KHYBER PAKTUNKHWA,017,NOWSHERA DISTRICT,JEHANGIRA TEHSIL,TOTAL,ALL SEXES,KASHMIRI,190
KHYBER PAKTUNKHWA,017,NOWSHERA DISTRICT,JEHANGIRA TEHSIL,TOTAL,ALL SEXES,SARAIKI,110
KHYBER PAKTUNKHWA,017,NOWSHERA DISTRICT,JEHANGIRA TEHSIL,TOTAL,ALL SEXES,HINDKO,26544
KHYBER PAKTUNKHWA,017,NOWSHERA DISTRICT,JEHANGIRA TEHSIL,TOTAL,ALL SEXES,BRAHVI,642
KHYBER PAKTUNKHWA,017,NOWSHERA DISTRICT,JEHANGIRA TEHSIL,TOTAL,ALL SEXES,OTHER,301
KHYBER PAKTUNKHWA,017,NOWSHERA DISTRICT,JEHANGIRA TEHSIL,TOTAL,MALE,TOTAL,179262
KHYBER PAKTUNKHWA,017,NOWSHERA DISTRICT,JEHANGIRA TEHSIL,TOTAL,MALE,URDU,766
KHYBER PAKTUNKHWA,017,NOWSHERA DISTRICT,JEHANGIRA TEHSIL,TOTAL,MALE,PUNJABI,674
KHYBER PAKTUNKHWA,017,NOWSHERA DISTRICT,JEHANGIRA TEHSIL,TOTAL,MALE,SINDHI,102
KHYBER PAKTUNKHWA,017,NOWSHERA DISTRICT,JEHANGIRA TEHSIL,TOTAL,MALE,PUSHTO,163388
KHYBER PAKTUNKHWA,017,NOWSHERA DISTRICT,JEHANGIRA TEHSIL,TOTAL,MALE,BALOCHI,70
KHYBER PAKTUNKHWA,017,NOWSHERA DISTRICT,JEHANGIRA TEHSIL,TOTAL,MALE,KASHMIRI,105
KHYBER PAKTUNKHWA,017,NOWSHERA DISTRICT,JEHANGIRA TEHSIL,TOTAL,MALE,SARAIKI,68
KHYBER PAKTUNKHWA,017,NOWSHERA DISTRICT,JEHANGIRA TEHSIL,TOTAL,MALE,HINDKO,13575
KHYBER PAKTUNKHWA,017,NOWSHERA DISTRICT,JEHANGIRA TEHSIL,TOTAL,MALE,BRAHVI,340
KHYBER PAKTUNKHWA,017,NOWSHERA DISTRICT,JEHANGIRA TEHSIL,TOTAL,MALE,OTHER,174
KHYBER PAKTUNKHWA,017,NOWSHERA DISTRICT,JEHANGIRA TEHSIL,TOTAL,FEMALE,TOTAL,174464
KHYBER PAKTUNKHWA,017,NOWSHERA DISTRICT,JEHANGIRA TEHSIL,TOTAL,FEMALE,URDU,703
KHYBER PAKTUNKHWA,017,NOWSHERA DISTRICT,JEHANGIRA TEHSIL,TOTAL,FEMALE,PUNJABI,380
KHYBER PAKTUNKHWA,017,NOWSHERA DISTRICT,JEHANGIRA TEHSIL,TOTAL,FEMALE,SINDHI,114
KHYBER PAKTUNKHWA,017,NOWSHERA DISTRICT,JEHANGIRA TEHSIL,TOTAL,FEMALE,PUSHTO,159678
KHYBER PAKTUNKHWA,017,NOWSHERA DISTRICT,JEHANGIRA TEHSIL,TOTAL,FEMALE,BALOCHI,66
KHYBER PAKTUNKHWA,017,NOWSHERA DISTRICT,JEHANGIRA TEHSIL,TOTAL,FEMALE,KASHMIRI,85
KHYBER PAKTUNKHWA,017,NOWSHERA DISTRICT,JEHANGIRA TEHSIL,TOTAL,FEMALE,SARAIKI,42
KHYBER PAKTUNKHWA,017,NOWSHERA DISTRICT,JEHANGIRA TEHSIL,TOTAL,FEMALE,HINDKO,12967
KHYBER PAKTUNKHWA,017,NOWSHERA DISTRICT,JEHANGIRA TEHSIL,TOTAL,FEMALE,BRAHVI,302
KHYBER PAKTUNKHWA,017,NOWSHERA DISTRICT,JEHANGIRA TEHSIL,TOTAL,FEMALE,OTHER,127
KHYBER PAKTUNKHWA,017,NOWSHERA DISTRICT,JEHANGIRA TEHSIL,TOTAL,TRANSGENDER,TOTAL,38
KHYBER PAKTUNKHWA,017,NOWSHERA DISTRICT,JEHANGIRA TEHSIL,TOTAL,TRANSGENDER,URDU,1
KHYBER PAKTUNKHWA,017,NOWSHERA DISTRICT,JEHANGIRA TEHSIL,TOTAL,TRANSGENDER,PUNJABI,0
KHYBER PAKTUNKHWA,017,NOWSHERA DISTRICT,JEHANGIRA TEHSIL,TOTAL,TRANSGENDER,SINDHI,0
KHYBER PAKTUNKHWA,017,NOWSHERA DISTRICT,JEHANGIRA TEHSIL,TOTAL,TRANSGENDER,PUSHTO,35
KHYBER PAKTUNKHWA,017,NOWSHERA DISTRICT,JEHANGIRA TEHSIL,TOTAL,TRANSGENDER,BALOCHI,0
KHYBER PAKTUNKHWA,017,NOWSHERA DISTRICT,JEHANGIRA TEHSIL,TOTAL,TRANSGENDER,KASHMIRI,0
KHYBER PAKTUNKHWA,017,NOWSHERA DISTRICT,JEHANGIRA TEHSIL,TOTAL,TRANSGENDER,SARAIKI,0
KHYBER PAKTUNKHWA,017,NOWSHERA DISTRICT,JEHANGIRA TEHSIL,TOTAL,TRANSGENDER,HINDKO,2
KHYBER PAKTUNKHWA,017,NOWSHERA DISTRICT,JEHANGIRA TEHSIL,TOTAL,TRANSGENDER,BRAHVI,0
KHYBER PAKTUNKHWA,017,NOWSHERA DISTRICT,JEHANGIRA TEHSIL,TOTAL,TRANSGENDER,OTHER,0
KHYBER PAKTUNKHWA,017,NOWSHERA DISTRICT,JEHANGIRA TEHSIL,RURAL,ALL SEXES,TOTAL,267642
KHYBER PAKTUNKHWA,017,NOWSHERA DISTRICT,JEHANGIRA TEHSIL,RURAL,ALL SEXES,URDU,821
KHYBER PAKTUNKHWA,017,NOWSHERA DISTRICT,JEHANGIRA TEHSIL,RURAL,ALL SEXES,PUNJABI,447
KHYBER PAKTUNKHWA,017,NOWSHERA DISTRICT,JEHANGIRA TEHSIL,RURAL,ALL SEXES,SINDHI,145
KHYBER PAKTUNKHWA,017,NOWSHERA DISTRICT,JEHANGIRA TEHSIL,RURAL,ALL SEXES,PUSHTO,247301
KHYBER PAKTUNKHWA,017,NOWSHERA DISTRICT,JEHANGIRA TEHSIL,RURAL,ALL SEXES,BALOCHI,50
KHYBER PAKTUNKHWA,017,NOWSHERA DISTRICT,JEHANGIRA TEHSIL,RURAL,ALL SEXES,KASHMIRI,109
KHYBER PAKTUNKHWA,017,NOWSHERA DISTRICT,JEHANGIRA TEHSIL,RURAL,ALL SEXES,SARAIKI,59
KHYBER PAKTUNKHWA,017,NOWSHERA DISTRICT,JEHANGIRA TEHSIL,RURAL,ALL SEXES,HINDKO,18372
KHYBER PAKTUNKHWA,017,NOWSHERA DISTRICT,JEHANGIRA TEHSIL,RURAL,ALL SEXES,BRAHVI,227
KHYBER PAKTUNKHWA,017,NOWSHERA DISTRICT,JEHANGIRA TEHSIL,RURAL,ALL SEXES,OTHER,111
KHYBER PAKTUNKHWA,017,NOWSHERA DISTRICT,JEHANGIRA TEHSIL,RURAL,MALE,TOTAL,134577
KHYBER PAKTUNKHWA,017,NOWSHERA DISTRICT,JEHANGIRA TEHSIL,RURAL,MALE,URDU,425
KHYBER PAKTUNKHWA,017,NOWSHERA DISTRICT,JEHANGIRA TEHSIL,RURAL,MALE,PUNJABI,295
KHYBER PAKTUNKHWA,017,NOWSHERA DISTRICT,JEHANGIRA TEHSIL,RURAL,MALE,SINDHI,65
KHYBER PAKTUNKHWA,017,NOWSHERA DISTRICT,JEHANGIRA TEHSIL,RURAL,MALE,PUSHTO,124081
KHYBER PAKTUNKHWA,017,NOWSHERA DISTRICT,JEHANGIRA TEHSIL,RURAL,MALE,BALOCHI,27
KHYBER PAKTUNKHWA,017,NOWSHERA DISTRICT,JEHANGIRA TEHSIL,RURAL,MALE,KASHMIRI,53
KHYBER PAKTUNKHWA,017,NOWSHERA DISTRICT,JEHANGIRA TEHSIL,RURAL,MALE,SARAIKI,40
KHYBER PAKTUNKHWA,017,NOWSHERA DISTRICT,JEHANGIRA TEHSIL,RURAL,MALE,HINDKO,9402
KHYBER PAKTUNKHWA,017,NOWSHERA DISTRICT,JEHANGIRA TEHSIL,RURAL,MALE,BRAHVI,122
KHYBER PAKTUNKHWA,017,NOWSHERA DISTRICT,JEHANGIRA TEHSIL,RURAL,MALE,OTHER,67
KHYBER PAKTUNKHWA,017,NOWSHERA DISTRICT,JEHANGIRA TEHSIL,RURAL,FEMALE,TOTAL,133036
KHYBER PAKTUNKHWA,017,NOWSHERA DISTRICT,JEHANGIRA TEHSIL,RURAL,FEMALE,URDU,396
KHYBER PAKTUNKHWA,017,NOWSHERA DISTRICT,JEHANGIRA TEHSIL,RURAL,FEMALE,PUNJABI,152
KHYBER PAKTUNKHWA,017,NOWSHERA DISTRICT,JEHANGIRA TEHSIL,RURAL,FEMALE,SINDHI,80
KHYBER PAKTUNKHWA,017,NOWSHERA DISTRICT,JEHANGIRA TEHSIL,RURAL,FEMALE,PUSHTO,123193
KHYBER PAKTUNKHWA,017,NOWSHERA DISTRICT,JEHANGIRA TEHSIL,RURAL,FEMALE,BALOCHI,23
KHYBER PAKTUNKHWA,017,NOWSHERA DISTRICT,JEHANGIRA TEHSIL,RURAL,FEMALE,KASHMIRI,56
KHYBER PAKTUNKHWA,017,NOWSHERA DISTRICT,JEHANGIRA TEHSIL,RURAL,FEMALE,SARAIKI,19
KHYBER PAKTUNKHWA,017,NOWSHERA DISTRICT,JEHANGIRA TEHSIL,RURAL,FEMALE,HINDKO,8968
KHYBER PAKTUNKHWA,017,NOWSHERA DISTRICT,JEHANGIRA TEHSIL,RURAL,FEMALE,BRAHVI,105
KHYBER PAKTUNKHWA,017,NOWSHERA DISTRICT,JEHANGIRA TEHSIL,RURAL,FEMALE,OTHER,44
KHYBER PAKTUNKHWA,017,NOWSHERA DISTRICT,JEHANGIRA TEHSIL,RURAL,TRANSGENDER,TOTAL,29
KHYBER PAKTUNKHWA,017,NOWSHERA DISTRICT,JEHANGIRA TEHSIL,RURAL,TRANSGENDER,URDU,0
KHYBER PAKTUNKHWA,017,NOWSHERA DISTRICT,JEHANGIRA TEHSIL,RURAL,TRANSGENDER,PUNJABI,0
KHYBER PAKTUNKHWA,017,NOWSHERA DISTRICT,JEHANGIRA TEHSIL,RURAL,TRANSGENDER,SINDHI,0
KHYBER PAKTUNKHWA,017,NOWSHERA DISTRICT,JEHANGIRA TEHSIL,RURAL,TRANSGENDER,PUSHTO,27
KHYBER PAKTUNKHWA,017,NOWSHERA DISTRICT,JEHANGIRA TEHSIL,RURAL,TRANSGENDER,BALOCHI,0
KHYBER PAKTUNKHWA,017,NOWSHERA DISTRICT,JEHANGIRA TEHSIL,RURAL,TRANSGENDER,KASHMIRI,0
KHYBER PAKTUNKHWA,017,NOWSHERA DISTRICT,JEHANGIRA TEHSIL,RURAL,TRANSGENDER,SARAIKI,0
KHYBER PAKTUNKHWA,017,NOWSHERA DISTRICT,JEHANGIRA TEHSIL,RURAL,TRANSGENDER,HINDKO,2
KHYBER PAKTUNKHWA,017,NOWSHERA DISTRICT,JEHANGIRA TEHSIL,RURAL,TRANSGENDER,BRAHVI,0
KHYBER PAKTUNKHWA,017,NOWSHERA DISTRICT,JEHANGIRA TEHSIL,RURAL,TRANSGENDER,OTHER,0
KHYBER PAKTUNKHWA,017,NOWSHERA DISTRICT,JEHANGIRA TEHSIL,URBAN,ALL SEXES,TOTAL,86122
KHYBER PAKTUNKHWA,017,NOWSHERA DISTRICT,JEHANGIRA TEHSIL,URBAN,ALL SEXES,URDU,649
KHYBER PAKTUNKHWA,017,NOWSHERA DISTRICT,JEHANGIRA TEHSIL,URBAN,ALL SEXES,PUNJABI,607
KHYBER PAKTUNKHWA,017,NOWSHERA DISTRICT,JEHANGIRA TEHSIL,URBAN,ALL SEXES,SINDHI,71
KHYBER PAKTUNKHWA,017,NOWSHERA DISTRICT,JEHANGIRA TEHSIL,URBAN,ALL SEXES,PUSHTO,75800
KHYBER PAKTUNKHWA,017,NOWSHERA DISTRICT,JEHANGIRA TEHSIL,URBAN,ALL SEXES,BALOCHI,86
KHYBER PAKTUNKHWA,017,NOWSHERA DISTRICT,JEHANGIRA TEHSIL,URBAN,ALL SEXES,KASHMIRI,81
KHYBER PAKTUNKHWA,017,NOWSHERA DISTRICT,JEHANGIRA TEHSIL,URBAN,ALL SEXES,SARAIKI,51
KHYBER PAKTUNKHWA,017,NOWSHERA DISTRICT,JEHANGIRA TEHSIL,URBAN,ALL SEXES,HINDKO,8172
KHYBER PAKTUNKHWA,017,NOWSHERA DISTRICT,JEHANGIRA TEHSIL,URBAN,ALL SEXES,BRAHVI,415
KHYBER PAKTUNKHWA,017,NOWSHERA DISTRICT,JEHANGIRA TEHSIL,URBAN,ALL SEXES,OTHER,190
KHYBER PAKTUNKHWA,017,NOWSHERA DISTRICT,JEHANGIRA TEHSIL,URBAN,MALE,TOTAL,44685
KHYBER PAKTUNKHWA,017,NOWSHERA DISTRICT,JEHANGIRA TEHSIL,URBAN,MALE,URDU,341
KHYBER PAKTUNKHWA,017,NOWSHERA DISTRICT,JEHANGIRA TEHSIL,URBAN,MALE,PUNJABI,379
KHYBER PAKTUNKHWA,017,NOWSHERA DISTRICT,JEHANGIRA TEHSIL,URBAN,MALE,SINDHI,37
KHYBER PAKTUNKHWA,017,NOWSHERA DISTRICT,JEHANGIRA TEHSIL,URBAN,MALE,PUSHTO,39307
KHYBER PAKTUNKHWA,017,NOWSHERA DISTRICT,JEHANGIRA TEHSIL,URBAN,MALE,BALOCHI,43
KHYBER PAKTUNKHWA,017,NOWSHERA DISTRICT,JEHANGIRA TEHSIL,URBAN,MALE,KASHMIRI,52
KHYBER PAKTUNKHWA,017,NOWSHERA DISTRICT,JEHANGIRA TEHSIL,URBAN,MALE,SARAIKI,28
KHYBER PAKTUNKHWA,017,NOWSHERA DISTRICT,JEHANGIRA TEHSIL,URBAN,MALE,HINDKO,4173
KHYBER PAKTUNKHWA,017,NOWSHERA DISTRICT,JEHANGIRA TEHSIL,URBAN,MALE,BRAHVI,218
KHYBER PAKTUNKHWA,017,NOWSHERA DISTRICT,JEHANGIRA TEHSIL,URBAN,MALE,OTHER,107
KHYBER PAKTUNKHWA,017,NOWSHERA DISTRICT,JEHANGIRA TEHSIL,URBAN,FEMALE,TOTAL,41428
KHYBER PAKTUNKHWA,017,NOWSHERA DISTRICT,JEHANGIRA TEHSIL,URBAN,FEMALE,URDU,307
KHYBER PAKTUNKHWA,017,NOWSHERA DISTRICT,JEHANGIRA TEHSIL,URBAN,FEMALE,PUNJABI,228
KHYBER PAKTUNKHWA,017,NOWSHERA DISTRICT,JEHANGIRA TEHSIL,URBAN,FEMALE,SINDHI,34
KHYBER PAKTUNKHWA,017,NOWSHERA DISTRICT,JEHANGIRA TEHSIL,URBAN,FEMALE,PUSHTO,36485
KHYBER PAKTUNKHWA,017,NOWSHERA DISTRICT,JEHANGIRA TEHSIL,URBAN,FEMALE,BALOCHI,43
KHYBER PAKTUNKHWA,017,NOWSHERA DISTRICT,JEHANGIRA TEHSIL,URBAN,FEMALE,KASHMIRI,29
KHYBER PAKTUNKHWA,017,NOWSHERA DISTRICT,JEHANGIRA TEHSIL,URBAN,FEMALE,SARAIKI,23
KHYBER PAKTUNKHWA,017,NOWSHERA DISTRICT,JEHANGIRA TEHSIL,URBAN,FEMALE,HINDKO,3999
KHYBER PAKTUNKHWA,017,NOWSHERA DISTRICT,JEHANGIRA TEHSIL,URBAN,FEMALE,BRAHVI,197
KHYBER PAKTUNKHWA,017,NOWSHERA DISTRICT,JEHANGIRA TEHSIL,URBAN,FEMALE,OTHER,83
KHYBER PAKTUNKHWA,017,NOWSHERA DISTRICT,JEHANGIRA TEHSIL,URBAN,TRANSGENDER,TOTAL,9
KHYBER PAKTUNKHWA,017,NOWSHERA DISTRICT,JEHANGIRA TEHSIL,URBAN,TRANSGENDER,URDU,1
KHYBER PAKTUNKHWA,017,NOWSHERA DISTRICT,JEHANGIRA TEHSIL,URBAN,TRANSGENDER,PUNJABI,0
KHYBER PAKTUNKHWA,017,NOWSHERA DISTRICT,JEHANGIRA TEHSIL,URBAN,TRANSGENDER,SINDHI,0
KHYBER PAKTUNKHWA,017,NOWSHERA DISTRICT,JEHANGIRA TEHSIL,URBAN,TRANSGENDER,PUSHTO,8
KHYBER PAKTUNKHWA,017,NOWSHERA DISTRICT,JEHANGIRA TEHSIL,URBAN,TRANSGENDER,BALOCHI,0
KHYBER PAKTUNKHWA,017,NOWSHERA DISTRICT,JEHANGIRA TEHSIL,URBAN,TRANSGENDER,KASHMIRI,0
KHYBER PAKTUNKHWA,017,NOWSHERA DISTRICT,JEHANGIRA TEHSIL,URBAN,TRANSGENDER,SARAIKI,0
KHYBER PAKTUNKHWA,017,NOWSHERA DISTRICT,JEHANGIRA TEHSIL,URBAN,TRANSGENDER,HINDKO,0
KHYBER PAKTUNKHWA,017,NOWSHERA DISTRICT,JEHANGIRA TEHSIL,URBAN,TRANSGENDER,BRAHVI,0
KHYBER PAKTUNKHWA,017,NOWSHERA DISTRICT,JEHANGIRA TEHSIL,URBAN,TRANSGENDER,OTHER,0
KHYBER PAKTUNKHWA,017,NOWSHERA DISTRICT,NOWSHERA TEHSIL,TOTAL,ALL SEXES,TOTAL,728815
KHYBER PAKTUNKHWA,017,NOWSHERA DISTRICT,NOWSHERA TEHSIL,TOTAL,ALL SEXES,URDU,13878
KHYBER PAKTUNKHWA,017,NOWSHERA DISTRICT,NOWSHERA TEHSIL,TOTAL,ALL SEXES,PUNJABI,29223
KHYBER PAKTUNKHWA,017,NOWSHERA DISTRICT,NOWSHERA TEHSIL,TOTAL,ALL SEXES,SINDHI,2438
KHYBER PAKTUNKHWA,017,NOWSHERA DISTRICT,NOWSHERA TEHSIL,TOTAL,ALL SEXES,PUSHTO,668027
KHYBER PAKTUNKHWA,017,NOWSHERA DISTRICT,NOWSHERA TEHSIL,TOTAL,ALL SEXES,BALOCHI,462
KHYBER PAKTUNKHWA,017,NOWSHERA DISTRICT,NOWSHERA TEHSIL,TOTAL,ALL SEXES,KASHMIRI,990
KHYBER PAKTUNKHWA,017,NOWSHERA DISTRICT,NOWSHERA TEHSIL,TOTAL,ALL SEXES,SARAIKI,1770
KHYBER PAKTUNKHWA,017,NOWSHERA DISTRICT,NOWSHERA TEHSIL,TOTAL,ALL SEXES,HINDKO,6930
KHYBER PAKTUNKHWA,017,NOWSHERA DISTRICT,NOWSHERA TEHSIL,TOTAL,ALL SEXES,BRAHVI,714
KHYBER PAKTUNKHWA,017,NOWSHERA DISTRICT,NOWSHERA TEHSIL,TOTAL,ALL SEXES,OTHER,4383
KHYBER PAKTUNKHWA,017,NOWSHERA DISTRICT,NOWSHERA TEHSIL,TOTAL,MALE,TOTAL,383065
KHYBER PAKTUNKHWA,017,NOWSHERA DISTRICT,NOWSHERA TEHSIL,TOTAL,MALE,URDU,7395
KHYBER PAKTUNKHWA,017,NOWSHERA DISTRICT,NOWSHERA TEHSIL,TOTAL,MALE,PUNJABI,20319
KHYBER PAKTUNKHWA,017,NOWSHERA DISTRICT,NOWSHERA TEHSIL,TOTAL,MALE,SINDHI,2078
KHYBER PAKTUNKHWA,017,NOWSHERA DISTRICT,NOWSHERA TEHSIL,TOTAL,MALE,PUSHTO,344429
KHYBER PAKTUNKHWA,017,NOWSHERA DISTRICT,NOWSHERA TEHSIL,TOTAL,MALE,BALOCHI,349
KHYBER PAKTUNKHWA,017,NOWSHERA DISTRICT,NOWSHERA TEHSIL,TOTAL,MALE,KASHMIRI,677
KHYBER PAKTUNKHWA,017,NOWSHERA DISTRICT,NOWSHERA TEHSIL,TOTAL,MALE,SARAIKI,1279
KHYBER PAKTUNKHWA,017,NOWSHERA DISTRICT,NOWSHERA TEHSIL,TOTAL,MALE,HINDKO,3700
KHYBER PAKTUNKHWA,017,NOWSHERA DISTRICT,NOWSHERA TEHSIL,TOTAL,MALE,BRAHVI,397
KHYBER PAKTUNKHWA,017,NOWSHERA DISTRICT,NOWSHERA TEHSIL,TOTAL,MALE,OTHER,2442
KHYBER PAKTUNKHWA,017,NOWSHERA DISTRICT,NOWSHERA TEHSIL,TOTAL,FEMALE,TOTAL,345678
KHYBER PAKTUNKHWA,017,NOWSHERA DISTRICT,NOWSHERA TEHSIL,TOTAL,FEMALE,URDU,6478
KHYBER PAKTUNKHWA,017,NOWSHERA DISTRICT,NOWSHERA TEHSIL,TOTAL,FEMALE,PUNJABI,8903
KHYBER PAKTUNKHWA,017,NOWSHERA DISTRICT,NOWSHERA TEHSIL,TOTAL,FEMALE,SINDHI,360
KHYBER PAKTUNKHWA,017,NOWSHERA DISTRICT,NOWSHERA TEHSIL,TOTAL,FEMALE,PUSHTO,323538
KHYBER PAKTUNKHWA,017,NOWSHERA DISTRICT,NOWSHERA TEHSIL,TOTAL,FEMALE,BALOCHI,113
KHYBER PAKTUNKHWA,017,NOWSHERA DISTRICT,NOWSHERA TEHSIL,TOTAL,FEMALE,KASHMIRI,313
KHYBER PAKTUNKHWA,017,NOWSHERA DISTRICT,NOWSHERA TEHSIL,TOTAL,FEMALE,SARAIKI,491
KHYBER PAKTUNKHWA,017,NOWSHERA DISTRICT,NOWSHERA TEHSIL,TOTAL,FEMALE,HINDKO,3224
KHYBER PAKTUNKHWA,017,NOWSHERA DISTRICT,NOWSHERA TEHSIL,TOTAL,FEMALE,BRAHVI,317
KHYBER PAKTUNKHWA,017,NOWSHERA DISTRICT,NOWSHERA TEHSIL,TOTAL,FEMALE,OTHER,1941
KHYBER PAKTUNKHWA,017,NOWSHERA DISTRICT,NOWSHERA TEHSIL,TOTAL,TRANSGENDER,TOTAL,72
KHYBER PAKTUNKHWA,017,NOWSHERA DISTRICT,NOWSHERA TEHSIL,TOTAL,TRANSGENDER,URDU,5
KHYBER PAKTUNKHWA,017,NOWSHERA DISTRICT,NOWSHERA TEHSIL,TOTAL,TRANSGENDER,PUNJABI,1
KHYBER PAKTUNKHWA,017,NOWSHERA DISTRICT,NOWSHERA TEHSIL,TOTAL,TRANSGENDER,SINDHI,0
KHYBER PAKTUNKHWA,017,NOWSHERA DISTRICT,NOWSHERA TEHSIL,TOTAL,TRANSGENDER,PUSHTO,60
KHYBER PAKTUNKHWA,017,NOWSHERA DISTRICT,NOWSHERA TEHSIL,TOTAL,TRANSGENDER,BALOCHI,0
KHYBER PAKTUNKHWA,017,NOWSHERA DISTRICT,NOWSHERA TEHSIL,TOTAL,TRANSGENDER,KASHMIRI,0
KHYBER PAKTUNKHWA,017,NOWSHERA DISTRICT,NOWSHERA TEHSIL,TOTAL,TRANSGENDER,SARAIKI,0
KHYBER PAKTUNKHWA,017,NOWSHERA DISTRICT,NOWSHERA TEHSIL,TOTAL,TRANSGENDER,HINDKO,6
KHYBER PAKTUNKHWA,017,NOWSHERA DISTRICT,NOWSHERA TEHSIL,TOTAL,TRANSGENDER,BRAHVI,0
KHYBER PAKTUNKHWA,017,NOWSHERA DISTRICT,NOWSHERA TEHSIL,TOTAL,TRANSGENDER,OTHER,0
KHYBER PAKTUNKHWA,017,NOWSHERA DISTRICT,NOWSHERA TEHSIL,RURAL,ALL SEXES,TOTAL,530772
KHYBER PAKTUNKHWA,017,NOWSHERA DISTRICT,NOWSHERA TEHSIL,RURAL,ALL SEXES,URDU,5282
KHYBER PAKTUNKHWA,017,NOWSHERA DISTRICT,NOWSHERA TEHSIL,RURAL,ALL SEXES,PUNJABI,4994
KHYBER PAKTUNKHWA,017,NOWSHERA DISTRICT,NOWSHERA TEHSIL,RURAL,ALL SEXES,SINDHI,151
KHYBER PAKTUNKHWA,017,NOWSHERA DISTRICT,NOWSHERA TEHSIL,RURAL,ALL SEXES,PUSHTO,515301
KHYBER PAKTUNKHWA,017,NOWSHERA DISTRICT,NOWSHERA TEHSIL,RURAL,ALL SEXES,BALOCHI,91
KHYBER PAKTUNKHWA,017,NOWSHERA DISTRICT,NOWSHERA TEHSIL,RURAL,ALL SEXES,KASHMIRI,152
KHYBER PAKTUNKHWA,017,NOWSHERA DISTRICT,NOWSHERA TEHSIL,RURAL,ALL SEXES,SARAIKI,318
KHYBER PAKTUNKHWA,017,NOWSHERA DISTRICT,NOWSHERA TEHSIL,RURAL,ALL SEXES,HINDKO,1547
KHYBER PAKTUNKHWA,017,NOWSHERA DISTRICT,NOWSHERA TEHSIL,RURAL,ALL SEXES,BRAHVI,448
KHYBER PAKTUNKHWA,017,NOWSHERA DISTRICT,NOWSHERA TEHSIL,RURAL,ALL SEXES,OTHER,2488
KHYBER PAKTUNKHWA,017,NOWSHERA DISTRICT,NOWSHERA TEHSIL,RURAL,MALE,TOTAL,271714
KHYBER PAKTUNKHWA,017,NOWSHERA DISTRICT,NOWSHERA TEHSIL,RURAL,MALE,URDU,2669
KHYBER PAKTUNKHWA,017,NOWSHERA DISTRICT,NOWSHERA TEHSIL,RURAL,MALE,PUNJABI,2623
KHYBER PAKTUNKHWA,017,NOWSHERA DISTRICT,NOWSHERA TEHSIL,RURAL,MALE,SINDHI,73
KHYBER PAKTUNKHWA,017,NOWSHERA DISTRICT,NOWSHERA TEHSIL,RURAL,MALE,PUSHTO,263722
KHYBER PAKTUNKHWA,017,NOWSHERA DISTRICT,NOWSHERA TEHSIL,RURAL,MALE,BALOCHI,46
KHYBER PAKTUNKHWA,017,NOWSHERA DISTRICT,NOWSHERA TEHSIL,RURAL,MALE,KASHMIRI,81
KHYBER PAKTUNKHWA,017,NOWSHERA DISTRICT,NOWSHERA TEHSIL,RURAL,MALE,SARAIKI,171
KHYBER PAKTUNKHWA,017,NOWSHERA DISTRICT,NOWSHERA TEHSIL,RURAL,MALE,HINDKO,792
KHYBER PAKTUNKHWA,017,NOWSHERA DISTRICT,NOWSHERA TEHSIL,RURAL,MALE,BRAHVI,238
KHYBER PAKTUNKHWA,017,NOWSHERA DISTRICT,NOWSHERA TEHSIL,RURAL,MALE,OTHER,1299
KHYBER PAKTUNKHWA,017,NOWSHERA DISTRICT,NOWSHERA TEHSIL,RURAL,FEMALE,TOTAL,259033
KHYBER PAKTUNKHWA,017,NOWSHERA DISTRICT,NOWSHERA TEHSIL,RURAL,FEMALE,URDU,2613
KHYBER PAKTUNKHWA,017,NOWSHERA DISTRICT,NOWSHERA TEHSIL,RURAL,FEMALE,PUNJABI,2371
KHYBER PAKTUNKHWA,017,NOWSHERA DISTRICT,NOWSHERA TEHSIL,RURAL,FEMALE,SINDHI,78
KHYBER PAKTUNKHWA,017,NOWSHERA DISTRICT,NOWSHERA TEHSIL,RURAL,FEMALE,PUSHTO,251557
KHYBER PAKTUNKHWA,017,NOWSHERA DISTRICT,NOWSHERA TEHSIL,RURAL,FEMALE,BALOCHI,45
KHYBER PAKTUNKHWA,017,NOWSHERA DISTRICT,NOWSHERA TEHSIL,RURAL,FEMALE,KASHMIRI,71
KHYBER PAKTUNKHWA,017,NOWSHERA DISTRICT,NOWSHERA TEHSIL,RURAL,FEMALE,SARAIKI,147
KHYBER PAKTUNKHWA,017,NOWSHERA DISTRICT,NOWSHERA TEHSIL,RURAL,FEMALE,HINDKO,752
KHYBER PAKTUNKHWA,017,NOWSHERA DISTRICT,NOWSHERA TEHSIL,RURAL,FEMALE,BRAHVI,210
KHYBER PAKTUNKHWA,017,NOWSHERA DISTRICT,NOWSHERA TEHSIL,RURAL,FEMALE,OTHER,1189
KHYBER PAKTUNKHWA,017,NOWSHERA DISTRICT,NOWSHERA TEHSIL,RURAL,TRANSGENDER,TOTAL,25
KHYBER PAKTUNKHWA,017,NOWSHERA DISTRICT,NOWSHERA TEHSIL,RURAL,TRANSGENDER,URDU,0
KHYBER PAKTUNKHWA,017,NOWSHERA DISTRICT,NOWSHERA TEHSIL,RURAL,TRANSGENDER,PUNJABI,0
KHYBER PAKTUNKHWA,017,NOWSHERA DISTRICT,NOWSHERA TEHSIL,RURAL,TRANSGENDER,SINDHI,0
KHYBER PAKTUNKHWA,017,NOWSHERA DISTRICT,NOWSHERA TEHSIL,RURAL,TRANSGENDER,PUSHTO,22
KHYBER PAKTUNKHWA,017,NOWSHERA DISTRICT,NOWSHERA TEHSIL,RURAL,TRANSGENDER,BALOCHI,0
KHYBER PAKTUNKHWA,017,NOWSHERA DISTRICT,NOWSHERA TEHSIL,RURAL,TRANSGENDER,KASHMIRI,0
KHYBER PAKTUNKHWA,017,NOWSHERA DISTRICT,NOWSHERA TEHSIL,RURAL,TRANSGENDER,SARAIKI,0
KHYBER PAKTUNKHWA,017,NOWSHERA DISTRICT,NOWSHERA TEHSIL,RURAL,TRANSGENDER,HINDKO,3
KHYBER PAKTUNKHWA,017,NOWSHERA DISTRICT,NOWSHERA TEHSIL,RURAL,TRANSGENDER,BRAHVI,0
KHYBER PAKTUNKHWA,017,NOWSHERA DISTRICT,NOWSHERA TEHSIL,RURAL,TRANSGENDER,OTHER,0
KHYBER PAKTUNKHWA,017,NOWSHERA DISTRICT,NOWSHERA TEHSIL,URBAN,ALL SEXES,TOTAL,198043
KHYBER PAKTUNKHWA,017,NOWSHERA DISTRICT,NOWSHERA TEHSIL,URBAN,ALL SEXES,URDU,8596
KHYBER PAKTUNKHWA,017,NOWSHERA DISTRICT,NOWSHERA TEHSIL,URBAN,ALL SEXES,PUNJABI,24229
KHYBER PAKTUNKHWA,017,NOWSHERA DISTRICT,NOWSHERA TEHSIL,URBAN,ALL SEXES,SINDHI,2287
KHYBER PAKTUNKHWA,017,NOWSHERA DISTRICT,NOWSHERA TEHSIL,URBAN,ALL SEXES,PUSHTO,152726
KHYBER PAKTUNKHWA,017,NOWSHERA DISTRICT,NOWSHERA TEHSIL,URBAN,ALL SEXES,BALOCHI,371
KHYBER PAKTUNKHWA,017,NOWSHERA DISTRICT,NOWSHERA TEHSIL,URBAN,ALL SEXES,KASHMIRI,838
KHYBER PAKTUNKHWA,017,NOWSHERA DISTRICT,NOWSHERA TEHSIL,URBAN,ALL SEXES,SARAIKI,1452
KHYBER PAKTUNKHWA,017,NOWSHERA DISTRICT,NOWSHERA TEHSIL,URBAN,ALL SEXES,HINDKO,5383
KHYBER PAKTUNKHWA,017,NOWSHERA DISTRICT,NOWSHERA TEHSIL,URBAN,ALL SEXES,BRAHVI,266
KHYBER PAKTUNKHWA,017,NOWSHERA DISTRICT,NOWSHERA TEHSIL,URBAN,ALL SEXES,OTHER,1895
KHYBER PAKTUNKHWA,017,NOWSHERA DISTRICT,NOWSHERA TEHSIL,URBAN,MALE,TOTAL,111351
KHYBER PAKTUNKHWA,017,NOWSHERA DISTRICT,NOWSHERA TEHSIL,URBAN,MALE,URDU,4726
KHYBER PAKTUNKHWA,017,NOWSHERA DISTRICT,NOWSHERA TEHSIL,URBAN,MALE,PUNJABI,17696
KHYBER PAKTUNKHWA,017,NOWSHERA DISTRICT,NOWSHERA TEHSIL,URBAN,MALE,SINDHI,2005
KHYBER PAKTUNKHWA,017,NOWSHERA DISTRICT,NOWSHERA TEHSIL,URBAN,MALE,PUSHTO,80707
KHYBER PAKTUNKHWA,017,NOWSHERA DISTRICT,NOWSHERA TEHSIL,URBAN,MALE,BALOCHI,303
KHYBER PAKTUNKHWA,017,NOWSHERA DISTRICT,NOWSHERA TEHSIL,URBAN,MALE,KASHMIRI,596
KHYBER PAKTUNKHWA,017,NOWSHERA DISTRICT,NOWSHERA TEHSIL,URBAN,MALE,SARAIKI,1108
KHYBER PAKTUNKHWA,017,NOWSHERA DISTRICT,NOWSHERA TEHSIL,URBAN,MALE,HINDKO,2908
KHYBER PAKTUNKHWA,017,NOWSHERA DISTRICT,NOWSHERA TEHSIL,URBAN,MALE,BRAHVI,159
KHYBER PAKTUNKHWA,017,NOWSHERA DISTRICT,NOWSHERA TEHSIL,URBAN,MALE,OTHER,1143
KHYBER PAKTUNKHWA,017,NOWSHERA DISTRICT,NOWSHERA TEHSIL,URBAN,FEMALE,TOTAL,86645
KHYBER PAKTUNKHWA,017,NOWSHERA DISTRICT,NOWSHERA TEHSIL,URBAN,FEMALE,URDU,3865
KHYBER PAKTUNKHWA,017,NOWSHERA DISTRICT,NOWSHERA TEHSIL,URBAN,FEMALE,PUNJABI,6532
KHYBER PAKTUNKHWA,017,NOWSHERA DISTRICT,NOWSHERA TEHSIL,URBAN,FEMALE,SINDHI,282
KHYBER PAKTUNKHWA,017,NOWSHERA DISTRICT,NOWSHERA TEHSIL,URBAN,FEMALE,PUSHTO,71981
KHYBER PAKTUNKHWA,017,NOWSHERA DISTRICT,NOWSHERA TEHSIL,URBAN,FEMALE,BALOCHI,68
KHYBER PAKTUNKHWA,017,NOWSHERA DISTRICT,NOWSHERA TEHSIL,URBAN,FEMALE,KASHMIRI,242
KHYBER PAKTUNKHWA,017,NOWSHERA DISTRICT,NOWSHERA TEHSIL,URBAN,FEMALE,SARAIKI,344
KHYBER PAKTUNKHWA,017,NOWSHERA DISTRICT,NOWSHERA TEHSIL,URBAN,FEMALE,HINDKO,2472
KHYBER PAKTUNKHWA,017,NOWSHERA DISTRICT,NOWSHERA TEHSIL,URBAN,FEMALE,BRAHVI,107
KHYBER PAKTUNKHWA,017,NOWSHERA DISTRICT,NOWSHERA TEHSIL,URBAN,FEMALE,OTHER,752
KHYBER PAKTUNKHWA,017,NOWSHERA DISTRICT,NOWSHERA TEHSIL,URBAN,TRANSGENDER,TOTAL,47
KHYBER PAKTUNKHWA,017,NOWSHERA DISTRICT,NOWSHERA TEHSIL,URBAN,TRANSGENDER,URDU,5
KHYBER PAKTUNKHWA,017,NOWSHERA DISTRICT,NOWSHERA TEHSIL,URBAN,TRANSGENDER,PUNJABI,1
KHYBER PAKTUNKHWA,017,NOWSHERA DISTRICT,NOWSHERA TEHSIL,URBAN,TRANSGENDER,SINDHI,0
KHYBER PAKTUNKHWA,017,NOWSHERA DISTRICT,NOWSHERA TEHSIL,URBAN,TRANSGENDER,PUSHTO,38
KHYBER PAKTUNKHWA,017,NOWSHERA DISTRICT,NOWSHERA TEHSIL,URBAN,TRANSGENDER,BALOCHI,0
KHYBER PAKTUNKHWA,017,NOWSHERA DISTRICT,NOWSHERA TEHSIL,URBAN,TRANSGENDER,KASHMIRI,0
KHYBER PAKTUNKHWA,017,NOWSHERA DISTRICT,NOWSHERA TEHSIL,URBAN,TRANSGENDER,SARAIKI,0
KHYBER PAKTUNKHWA,017,NOWSHERA DISTRICT,NOWSHERA TEHSIL,URBAN,TRANSGENDER,HINDKO,3
KHYBER PAKTUNKHWA,017,NOWSHERA DISTRICT,NOWSHERA TEHSIL,URBAN,TRANSGENDER,BRAHVI,0
KHYBER PAKTUNKHWA,017,NOWSHERA DISTRICT,NOWSHERA TEHSIL,URBAN,TRANSGENDER,OTHER,0
KHYBER PAKTUNKHWA,017,NOWSHERA DISTRICT,PABBI TEHSIL,TOTAL,ALL SEXES,TOTAL,438416
KHYBER PAKTUNKHWA,017,NOWSHERA DISTRICT,PABBI TEHSIL,TOTAL,ALL SEXES,URDU,2101
KHYBER PAKTUNKHWA,017,NOWSHERA DISTRICT,PABBI TEHSIL,TOTAL,ALL SEXES,PUNJABI,734
KHYBER PAKTUNKHWA,017,NOWSHERA DISTRICT,PABBI TEHSIL,TOTAL,ALL SEXES,SINDHI,176
KHYBER PAKTUNKHWA,017,NOWSHERA DISTRICT,PABBI TEHSIL,TOTAL,ALL SEXES,PUSHTO,420702
KHYBER PAKTUNKHWA,017,NOWSHERA DISTRICT,PABBI TEHSIL,TOTAL,ALL SEXES,BALOCHI,96
KHYBER PAKTUNKHWA,017,NOWSHERA DISTRICT,PABBI TEHSIL,TOTAL,ALL SEXES,KASHMIRI,167
KHYBER PAKTUNKHWA,017,NOWSHERA DISTRICT,PABBI TEHSIL,TOTAL,ALL SEXES,SARAIKI,427
KHYBER PAKTUNKHWA,017,NOWSHERA DISTRICT,PABBI TEHSIL,TOTAL,ALL SEXES,HINDKO,13106
KHYBER PAKTUNKHWA,017,NOWSHERA DISTRICT,PABBI TEHSIL,TOTAL,ALL SEXES,BRAHVI,508
KHYBER PAKTUNKHWA,017,NOWSHERA DISTRICT,PABBI TEHSIL,TOTAL,ALL SEXES,OTHER,399
KHYBER PAKTUNKHWA,017,NOWSHERA DISTRICT,PABBI TEHSIL,TOTAL,MALE,TOTAL,220708
KHYBER PAKTUNKHWA,017,NOWSHERA DISTRICT,PABBI TEHSIL,TOTAL,MALE,URDU,1101
KHYBER PAKTUNKHWA,017,NOWSHERA DISTRICT,PABBI TEHSIL,TOTAL,MALE,PUNJABI,530
KHYBER PAKTUNKHWA,017,NOWSHERA DISTRICT,PABBI TEHSIL,TOTAL,MALE,SINDHI,113
KHYBER PAKTUNKHWA,017,NOWSHERA DISTRICT,PABBI TEHSIL,TOTAL,MALE,PUSHTO,211363
KHYBER PAKTUNKHWA,017,NOWSHERA DISTRICT,PABBI TEHSIL,TOTAL,MALE,BALOCHI,53
KHYBER PAKTUNKHWA,017,NOWSHERA DISTRICT,PABBI TEHSIL,TOTAL,MALE,KASHMIRI,89
KHYBER PAKTUNKHWA,017,NOWSHERA DISTRICT,PABBI TEHSIL,TOTAL,MALE,SARAIKI,227
KHYBER PAKTUNKHWA,017,NOWSHERA DISTRICT,PABBI TEHSIL,TOTAL,MALE,HINDKO,6715
KHYBER PAKTUNKHWA,017,NOWSHERA DISTRICT,PABBI TEHSIL,TOTAL,MALE,BRAHVI,293
KHYBER PAKTUNKHWA,017,NOWSHERA DISTRICT,PABBI TEHSIL,TOTAL,MALE,OTHER,224
KHYBER PAKTUNKHWA,017,NOWSHERA DISTRICT,PABBI TEHSIL,TOTAL,FEMALE,TOTAL,217692
KHYBER PAKTUNKHWA,017,NOWSHERA DISTRICT,PABBI TEHSIL,TOTAL,FEMALE,URDU,999
KHYBER PAKTUNKHWA,017,NOWSHERA DISTRICT,PABBI TEHSIL,TOTAL,FEMALE,PUNJABI,204
KHYBER PAKTUNKHWA,017,NOWSHERA DISTRICT,PABBI TEHSIL,TOTAL,FEMALE,SINDHI,63
KHYBER PAKTUNKHWA,017,NOWSHERA DISTRICT,PABBI TEHSIL,TOTAL,FEMALE,PUSHTO,209325
KHYBER PAKTUNKHWA,017,NOWSHERA DISTRICT,PABBI TEHSIL,TOTAL,FEMALE,BALOCHI,43
KHYBER PAKTUNKHWA,017,NOWSHERA DISTRICT,PABBI TEHSIL,TOTAL,FEMALE,KASHMIRI,78
KHYBER PAKTUNKHWA,017,NOWSHERA DISTRICT,PABBI TEHSIL,TOTAL,FEMALE,SARAIKI,200
KHYBER PAKTUNKHWA,017,NOWSHERA DISTRICT,PABBI TEHSIL,TOTAL,FEMALE,HINDKO,6390
KHYBER PAKTUNKHWA,017,NOWSHERA DISTRICT,PABBI TEHSIL,TOTAL,FEMALE,BRAHVI,215
KHYBER PAKTUNKHWA,017,NOWSHERA DISTRICT,PABBI TEHSIL,TOTAL,FEMALE,OTHER,175
KHYBER PAKTUNKHWA,017,NOWSHERA DISTRICT,PABBI TEHSIL,TOTAL,TRANSGENDER,TOTAL,16
KHYBER PAKTUNKHWA,017,NOWSHERA DISTRICT,PABBI TEHSIL,TOTAL,TRANSGENDER,URDU,1
KHYBER PAKTUNKHWA,017,NOWSHERA DISTRICT,PABBI TEHSIL,TOTAL,TRANSGENDER,PUNJABI,0
KHYBER PAKTUNKHWA,017,NOWSHERA DISTRICT,PABBI TEHSIL,TOTAL,TRANSGENDER,SINDHI,0
KHYBER PAKTUNKHWA,017,NOWSHERA DISTRICT,PABBI TEHSIL,TOTAL,TRANSGENDER,PUSHTO,14
KHYBER PAKTUNKHWA,017,NOWSHERA DISTRICT,PABBI TEHSIL,TOTAL,TRANSGENDER,BALOCHI,0
KHYBER PAKTUNKHWA,017,NOWSHERA DISTRICT,PABBI TEHSIL,TOTAL,TRANSGENDER,KASHMIRI,0
KHYBER PAKTUNKHWA,017,NOWSHERA DISTRICT,PABBI TEHSIL,TOTAL,TRANSGENDER,SARAIKI,0
KHYBER PAKTUNKHWA,017,NOWSHERA DISTRICT,PABBI TEHSIL,TOTAL,TRANSGENDER,HINDKO,1
KHYBER PAKTUNKHWA,017,NOWSHERA DISTRICT,PABBI TEHSIL,TOTAL,TRANSGENDER,BRAHVI,0
KHYBER PAKTUNKHWA,017,NOWSHERA DISTRICT,PABBI TEHSIL,TOTAL,TRANSGENDER,OTHER,0
KHYBER PAKTUNKHWA,017,NOWSHERA DISTRICT,PABBI TEHSIL,RURAL,ALL SEXES,TOTAL,383046
KHYBER PAKTUNKHWA,017,NOWSHERA DISTRICT,PABBI TEHSIL,RURAL,ALL SEXES,URDU,1773
KHYBER PAKTUNKHWA,017,NOWSHERA DISTRICT,PABBI TEHSIL,RURAL,ALL SEXES,PUNJABI,442
KHYBER PAKTUNKHWA,017,NOWSHERA DISTRICT,PABBI TEHSIL,RURAL,ALL SEXES,SINDHI,140
KHYBER PAKTUNKHWA,017,NOWSHERA DISTRICT,PABBI TEHSIL,RURAL,ALL SEXES,PUSHTO,366465
KHYBER PAKTUNKHWA,017,NOWSHERA DISTRICT,PABBI TEHSIL,RURAL,ALL SEXES,BALOCHI,82
KHYBER PAKTUNKHWA,017,NOWSHERA DISTRICT,PABBI TEHSIL,RURAL,ALL SEXES,KASHMIRI,138
KHYBER PAKTUNKHWA,017,NOWSHERA DISTRICT,PABBI TEHSIL,RURAL,ALL SEXES,SARAIKI,285
KHYBER PAKTUNKHWA,017,NOWSHERA DISTRICT,PABBI TEHSIL,RURAL,ALL SEXES,HINDKO,13045
KHYBER PAKTUNKHWA,017,NOWSHERA DISTRICT,PABBI TEHSIL,RURAL,ALL SEXES,BRAHVI,436
KHYBER PAKTUNKHWA,017,NOWSHERA DISTRICT,PABBI TEHSIL,RURAL,ALL SEXES,OTHER,240
KHYBER PAKTUNKHWA,017,NOWSHERA DISTRICT,PABBI TEHSIL,RURAL,MALE,TOTAL,192673
KHYBER PAKTUNKHWA,017,NOWSHERA DISTRICT,PABBI TEHSIL,RURAL,MALE,URDU,936
KHYBER PAKTUNKHWA,017,NOWSHERA DISTRICT,PABBI TEHSIL,RURAL,MALE,PUNJABI,334
KHYBER PAKTUNKHWA,017,NOWSHERA DISTRICT,PABBI TEHSIL,RURAL,MALE,SINDHI,86
KHYBER PAKTUNKHWA,017,NOWSHERA DISTRICT,PABBI TEHSIL,RURAL,MALE,PUSHTO,183967
KHYBER PAKTUNKHWA,017,NOWSHERA DISTRICT,PABBI TEHSIL,RURAL,MALE,BALOCHI,45
KHYBER PAKTUNKHWA,017,NOWSHERA DISTRICT,PABBI TEHSIL,RURAL,MALE,KASHMIRI,69
KHYBER PAKTUNKHWA,017,NOWSHERA DISTRICT,PABBI TEHSIL,RURAL,MALE,SARAIKI,154
KHYBER PAKTUNKHWA,017,NOWSHERA DISTRICT,PABBI TEHSIL,RURAL,MALE,HINDKO,6686
KHYBER PAKTUNKHWA,017,NOWSHERA DISTRICT,PABBI TEHSIL,RURAL,MALE,BRAHVI,254
KHYBER PAKTUNKHWA,017,NOWSHERA DISTRICT,PABBI TEHSIL,RURAL,MALE,OTHER,142
KHYBER PAKTUNKHWA,017,NOWSHERA DISTRICT,PABBI TEHSIL,RURAL,FEMALE,TOTAL,190357
KHYBER PAKTUNKHWA,017,NOWSHERA DISTRICT,PABBI TEHSIL,RURAL,FEMALE,URDU,836
KHYBER PAKTUNKHWA,017,NOWSHERA DISTRICT,PABBI TEHSIL,RURAL,FEMALE,PUNJABI,108
KHYBER PAKTUNKHWA,017,NOWSHERA DISTRICT,PABBI TEHSIL,RURAL,FEMALE,SINDHI,54
KHYBER PAKTUNKHWA,017,NOWSHERA DISTRICT,PABBI TEHSIL,RURAL,FEMALE,PUSHTO,182484
KHYBER PAKTUNKHWA,017,NOWSHERA DISTRICT,PABBI TEHSIL,RURAL,FEMALE,BALOCHI,37
KHYBER PAKTUNKHWA,017,NOWSHERA DISTRICT,PABBI TEHSIL,RURAL,FEMALE,KASHMIRI,69
KHYBER PAKTUNKHWA,017,NOWSHERA DISTRICT,PABBI TEHSIL,RURAL,FEMALE,SARAIKI,131
KHYBER PAKTUNKHWA,017,NOWSHERA DISTRICT,PABBI TEHSIL,RURAL,FEMALE,HINDKO,6358
KHYBER PAKTUNKHWA,017,NOWSHERA DISTRICT,PABBI TEHSIL,RURAL,FEMALE,BRAHVI,182
KHYBER PAKTUNKHWA,017,NOWSHERA DISTRICT,PABBI TEHSIL,RURAL,FEMALE,OTHER,98
KHYBER PAKTUNKHWA,017,NOWSHERA DISTRICT,PABBI TEHSIL,RURAL,TRANSGENDER,TOTAL,16
KHYBER PAKTUNKHWA,017,NOWSHERA DISTRICT,PABBI TEHSIL,RURAL,TRANSGENDER,URDU,1
KHYBER PAKTUNKHWA,017,NOWSHERA DISTRICT,PABBI TEHSIL,RURAL,TRANSGENDER,PUNJABI,0
KHYBER PAKTUNKHWA,017,NOWSHERA DISTRICT,PABBI TEHSIL,RURAL,TRANSGENDER,SINDHI,0
KHYBER PAKTUNKHWA,017,NOWSHERA DISTRICT,PABBI TEHSIL,RURAL,TRANSGENDER,PUSHTO,14
KHYBER PAKTUNKHWA,017,NOWSHERA DISTRICT,PABBI TEHSIL,RURAL,TRANSGENDER,BALOCHI,0
KHYBER PAKTUNKHWA,017,NOWSHERA DISTRICT,PABBI TEHSIL,RURAL,TRANSGENDER,KASHMIRI,0
KHYBER PAKTUNKHWA,017,NOWSHERA DISTRICT,PABBI TEHSIL,RURAL,TRANSGENDER,SARAIKI,0
KHYBER PAKTUNKHWA,017,NOWSHERA DISTRICT,PABBI TEHSIL,RURAL,TRANSGENDER,HINDKO,1
KHYBER PAKTUNKHWA,017,NOWSHERA DISTRICT,PABBI TEHSIL,RURAL,TRANSGENDER,BRAHVI,0
KHYBER PAKTUNKHWA,017,NOWSHERA DISTRICT,PABBI TEHSIL,RURAL,TRANSGENDER,OTHER,0
KHYBER PAKTUNKHWA,017,NOWSHERA DISTRICT,PABBI TEHSIL,URBAN,ALL SEXES,TOTAL,55370
KHYBER PAKTUNKHWA,017,NOWSHERA DISTRICT,PABBI TEHSIL,URBAN,ALL SEXES,URDU,328
KHYBER PAKTUNKHWA,017,NOWSHERA DISTRICT,PABBI TEHSIL,URBAN,ALL SEXES,PUNJABI,292
KHYBER PAKTUNKHWA,017,NOWSHERA DISTRICT,PABBI TEHSIL,URBAN,ALL SEXES,SINDHI,36
KHYBER PAKTUNKHWA,017,NOWSHERA DISTRICT,PABBI TEHSIL,URBAN,ALL SEXES,PUSHTO,54237
KHYBER PAKTUNKHWA,017,NOWSHERA DISTRICT,PABBI TEHSIL,URBAN,ALL SEXES,BALOCHI,14
KHYBER PAKTUNKHWA,017,NOWSHERA DISTRICT,PABBI TEHSIL,URBAN,ALL SEXES,KASHMIRI,29
KHYBER PAKTUNKHWA,017,NOWSHERA DISTRICT,PABBI TEHSIL,URBAN,ALL SEXES,SARAIKI,142
KHYBER PAKTUNKHWA,017,NOWSHERA DISTRICT,PABBI TEHSIL,URBAN,ALL SEXES,HINDKO,61
KHYBER PAKTUNKHWA,017,NOWSHERA DISTRICT,PABBI TEHSIL,URBAN,ALL SEXES,BRAHVI,72
KHYBER PAKTUNKHWA,017,NOWSHERA DISTRICT,PABBI TEHSIL,URBAN,ALL SEXES,OTHER,159
KHYBER PAKTUNKHWA,017,NOWSHERA DISTRICT,PABBI TEHSIL,URBAN,MALE,TOTAL,28035
KHYBER PAKTUNKHWA,017,NOWSHERA DISTRICT,PABBI TEHSIL,URBAN,MALE,URDU,165
KHYBER PAKTUNKHWA,017,NOWSHERA DISTRICT,PABBI TEHSIL,URBAN,MALE,PUNJABI,196
KHYBER PAKTUNKHWA,017,NOWSHERA DISTRICT,PABBI TEHSIL,URBAN,MALE,SINDHI,27
KHYBER PAKTUNKHWA,017,NOWSHERA DISTRICT,PABBI TEHSIL,URBAN,MALE,PUSHTO,27396
KHYBER PAKTUNKHWA,017,NOWSHERA DISTRICT,PABBI TEHSIL,URBAN,MALE,BALOCHI,8
KHYBER PAKTUNKHWA,017,NOWSHERA DISTRICT,PABBI TEHSIL,URBAN,MALE,KASHMIRI,20
KHYBER PAKTUNKHWA,017,NOWSHERA DISTRICT,PABBI TEHSIL,URBAN,MALE,SARAIKI,73
KHYBER PAKTUNKHWA,017,NOWSHERA DISTRICT,PABBI TEHSIL,URBAN,MALE,HINDKO,29
KHYBER PAKTUNKHWA,017,NOWSHERA DISTRICT,PABBI TEHSIL,URBAN,MALE,BRAHVI,39
KHYBER PAKTUNKHWA,017,NOWSHERA DISTRICT,PABBI TEHSIL,URBAN,MALE,OTHER,82
KHYBER PAKTUNKHWA,017,NOWSHERA DISTRICT,PABBI TEHSIL,URBAN,FEMALE,TOTAL,27335
KHYBER PAKTUNKHWA,017,NOWSHERA DISTRICT,PABBI TEHSIL,URBAN,FEMALE,URDU,163
KHYBER PAKTUNKHWA,017,NOWSHERA DISTRICT,PABBI TEHSIL,URBAN,FEMALE,PUNJABI,96
KHYBER PAKTUNKHWA,017,NOWSHERA DISTRICT,PABBI TEHSIL,URBAN,FEMALE,SINDHI,9
KHYBER PAKTUNKHWA,017,NOWSHERA DISTRICT,PABBI TEHSIL,URBAN,FEMALE,PUSHTO,26841
KHYBER PAKTUNKHWA,017,NOWSHERA DISTRICT,PABBI TEHSIL,URBAN,FEMALE,BALOCHI,6
KHYBER PAKTUNKHWA,017,NOWSHERA DISTRICT,PABBI TEHSIL,URBAN,FEMALE,KASHMIRI,9
KHYBER PAKTUNKHWA,017,NOWSHERA DISTRICT,PABBI TEHSIL,URBAN,FEMALE,SARAIKI,69
KHYBER PAKTUNKHWA,017,NOWSHERA DISTRICT,PABBI TEHSIL,URBAN,FEMALE,HINDKO,32
KHYBER PAKTUNKHWA,017,NOWSHERA DISTRICT,PABBI TEHSIL,URBAN,FEMALE,BRAHVI,33
KHYBER PAKTUNKHWA,017,NOWSHERA DISTRICT,PABBI TEHSIL,URBAN,FEMALE,OTHER,77
KHYBER PAKTUNKHWA,017,NOWSHERA DISTRICT,PABBI TEHSIL,URBAN,TRANSGENDER,TOTAL,0
KHYBER PAKTUNKHWA,017,NOWSHERA DISTRICT,PABBI TEHSIL,URBAN,TRANSGENDER,URDU,0
KHYBER PAKTUNKHWA,017,NOWSHERA DISTRICT,PABBI TEHSIL,URBAN,TRANSGENDER,PUNJABI,0
KHYBER PAKTUNKHWA,017,NOWSHERA DISTRICT,PABBI TEHSIL,URBAN,TRANSGENDER,SINDHI,0
KHYBER PAKTUNKHWA,017,NOWSHERA DISTRICT,PABBI TEHSIL,URBAN,TRANSGENDER,PUSHTO,0
KHYBER PAKTUNKHWA,017,NOWSHERA DISTRICT,PABBI TEHSIL,URBAN,TRANSGENDER,BALOCHI,0
KHYBER PAKTUNKHWA,017,NOWSHERA DISTRICT,PABBI TEHSIL,URBAN,TRANSGENDER,KASHMIRI,0
KHYBER PAKTUNKHWA,017,NOWSHERA DISTRICT,PABBI TEHSIL,URBAN,TRANSGENDER,SARAIKI,0
KHYBER PAKTUNKHWA,017,NOWSHERA DISTRICT,PABBI TEHSIL,URBAN,TRANSGENDER,HINDKO,0
KHYBER PAKTUNKHWA,017,NOWSHERA DISTRICT,PABBI TEHSIL,URBAN,TRANSGENDER,BRAHVI,0
KHYBER PAKTUNKHWA,017,NOWSHERA DISTRICT,PABBI TEHSIL,URBAN,TRANSGENDER,OTHER,0
