province_name,district_code,district_name,area_name,area_type,gender,age_group,total_population,marital_status,count
BALOCHISTAN,117,NASIRABAD DISTRICT,NASIRABAD DISTRICT,TOTAL,ALL SEXES,ALL AGES,71,NEVER MARRIED,47
BALOCHISTAN,117,NASIRABAD DISTRICT,NASIRABAD DISTRICT,TOTAL,ALL SEXES,BELOW 5 YEARS,10,NEVER MARRIED,10
BALOCHISTAN,117,NASIRABAD DISTRICT,NASIRABAD DISTRICT,TOTAL,ALL SEXES,05-09,13,NEVER MARRIED,13
BALOCHISTAN,117,NASIRABAD DISTRICT,NASIRABAD DISTRICT,TOTAL,ALL SEXES,10-14,9,NEVER MARRIED,9
BALOCHISTAN,117,NASIRABAD DISTRICT,NASIRABAD DISTRICT,TOTAL,ALL SEXES,15-24,10,NEVER MARRIED,10
BALOCHISTAN,117,NASIRABAD DISTRICT,NASIRABAD DISTRICT,TOTAL,ALL SEXES,25-34,12,NEVER MARRIED,5
BALOCHISTAN,117,NASIRABAD DISTRICT,NASIRABAD DISTRICT,TOTAL,ALL SEXES,35-44,7,NEVER MARRIED,0
BALOCHISTAN,117,NASIRABAD DISTRICT,NASIRABAD DISTRICT,TOTAL,ALL SEXES,45-54,4,NEVER MARRIED,0
BALOCHISTAN,117,NASIRABAD DISTRICT,NASIRABAD DISTRICT,TOTAL,ALL SEXES,55-64,5,NEVER MARRIED,0
BALOCHISTAN,117,NASIRABAD DISTRICT,NASIRABAD DISTRICT,TOTAL,ALL SEXES,65-74,0,NEVER MARRIED,0
BALOCHISTAN,117,NASIRABAD DISTRICT,NASIRABAD DISTRICT,TOTAL,ALL SEXES,75 AND ABOVE,1,NEVER MARRIED,0
BALOCHISTAN,117,NASIRABAD DISTRICT,NASIRABAD DISTRICT,TOTAL,ALL SEXES,ALL AGES,71,MARRIED,21
BALOCHISTAN,117,NASIRABAD DISTRICT,NASIRABAD DISTRICT,TOTAL,ALL SEXES,BELOW 5 YEARS,10,MARRIED,0
BALOCHISTAN,117,NASIRABAD DISTRICT,NASIRABAD DISTRICT,TOTAL,ALL SEXES,05-09,13,MARRIED,0
BALOCHISTAN,117,NASIRABAD DISTRICT,NASIRABAD DISTRICT,TOTAL,ALL SEXES,10-14,9,MARRIED,0
BALOCHISTAN,117,NASIRABAD DISTRICT,NASIRABAD DISTRICT,TOTAL,ALL SEXES,15-24,10,MARRIED,0
BALOCHISTAN,117,NASIRABAD DISTRICT,NASIRABAD DISTRICT,TOTAL,ALL SEXES,25-34,12,MARRIED,7
BALOCHISTAN,117,NASIRABAD DISTRICT,NASIRABAD DISTRICT,TOTAL,ALL SEXES,35-44,7,MARRIED,7
BALOCHISTAN,117,NASIRABAD DISTRICT,NASIRABAD DISTRICT,TOTAL,ALL SEXES,45-54,4,MARRIED,3
BALOCHISTAN,117,NASIRABAD DISTRICT,NASIRABAD DISTRICT,TOTAL,ALL SEXES,55-64,5,MARRIED,3
BALOCHISTAN,117,NASIRABAD DISTRICT,NASIRABAD DISTRICT,TOTAL,ALL SEXES,65-74,0,MARRIED,0
BALOCHISTAN,117,NASIRABAD DISTRICT,NASIRABAD DISTRICT,TOTAL,ALL SEXES,75 AND ABOVE,1,MARRIED,1
BALOCHISTAN,117,NASIRABAD DISTRICT,NASIRABAD DISTRICT,TOTAL,ALL SEXES,ALL AGES,71,WIDOWED,3
BALOCHISTAN,117,NASIRABAD DISTRICT,NASIRABAD DISTRICT,TOTAL,ALL SEXES,BELOW 5 YEARS,10,WIDOWED,0
BALOCHISTAN,117,NASIRABAD DISTRICT,NASIRABAD DISTRICT,TOTAL,ALL SEXES,05-09,13,WIDOWED,0
BALOCHISTAN,117,NASIRABAD DISTRICT,NASIRABAD DISTRICT,TOTAL,ALL SEXES,10-14,9,WIDOWED,0
BALOCHISTAN,117,NASIRABAD DISTRICT,NASIRABAD DISTRICT,TOTAL,ALL SEXES,15-24,10,WIDOWED,0
BALOCHISTAN,117,NASIRABAD DISTRICT,NASIRABAD DISTRICT,TOTAL,ALL SEXES,25-34,12,WIDOWED,0
BALOCHISTAN,117,NASIRABAD DISTRICT,NASIRABAD DISTRICT,TOTAL,ALL SEXES,35-44,7,WIDOWED,0
BALOCHISTAN,117,NASIRABAD DISTRICT,NASIRABAD DISTRICT,TOTAL,ALL SEXES,45-54,4,WIDOWED,1
BALOCHISTAN,117,NASIRABAD DISTRICT,NASIRABAD DISTRICT,TOTAL,ALL SEXES,55-64,5,WIDOWED,2
BALOCHISTAN,117,NASIRABAD DISTRICT,NASIRABAD DISTRICT,TOTAL,ALL SEXES,65-74,0,WIDOWED,0
BALOCHISTAN,117,NASIRABAD DISTRICT,NASIRABAD DISTRICT,TOTAL,ALL SEXES,75 AND ABOVE,1,WIDOWED,0
BALOCHISTAN,117,NASIRABAD DISTRICT,NASIRABAD DISTRICT,TOTAL,ALL SEXES,ALL AGES,71,DIVORCED,0
BALOCHISTAN,117,NASIRABAD DISTRICT,NASIRABAD DISTRICT,TOTAL,ALL SEXES,BELOW 5 YEARS,10,DIVORCED,0
BALOCHISTAN,117,NASIRABAD DISTRICT,NASIRABAD DISTRICT,TOTAL,ALL SEXES,05-09,13,DIVORCED,0
BALOCHISTAN,117,NASIRABAD DISTRICT,NASIRABAD DISTRICT,TOTAL,ALL SEXES,10-14,9,DIVORCED,0
BALOCHISTAN,117,NASIRABAD DISTRICT,NASIRABAD DISTRICT,TOTAL,ALL SEXES,15-24,10,DIVORCED,0
BALOCHISTAN,117,NASIRABAD DISTRICT,NASIRABAD DISTRICT,TOTAL,ALL SEXES,25-34,12,DIVORCED,0
BALOCHISTAN,117,NASIRABAD DISTRICT,NASIRABAD DISTRICT,TOTAL,ALL SEXES,35-44,7,DIVORCED,0
BALOCHISTAN,117,NASIRABAD DISTRICT,NASIRABAD DISTRICT,TOTAL,ALL SEXES,45-54,4,DIVORCED,0
BALOCHISTAN,117,NASIRABAD DISTRICT,NASIRABAD DISTRICT,TOTAL,ALL SEXES,55-64,5,DIVORCED,0
BALOCHISTAN,117,NASIRABAD DISTRICT,NASIRABAD DISTRICT,TOTAL,ALL SEXES,65-74,0,DIVORCED,0
BALOCHISTAN,117,NASIRABAD DISTRICT,NASIRABAD DISTRICT,TOTAL,ALL SEXES,75 AND ABOVE,1,DIVORCED,0
BALOCHISTAN,117,NASIRABAD DISTRICT,NASIRABAD DISTRICT,TOTAL,MALE,ALL AGES,44,NEVER MARRIED,34
BALOCHISTAN,117,NASIRABAD DISTRICT,NASIRABAD DISTRICT,TOTAL,MALE,BELOW 5 YEARS,10,NEVER MARRIED,10
BALOCHISTAN,117,NASIRABAD DISTRICT,NASIRABAD DISTRICT,TOTAL,MALE,05-09,6,NEVER MARRIED,6
BALOCHISTAN,117,NASIRABAD DISTRICT,NASIRABAD DISTRICT,TOTAL,MALE,10-14,7,NEVER MARRIED,7
BALOCHISTAN,117,NASIRABAD DISTRICT,NASIRABAD DISTRICT,TOTAL,MALE,15-24,7,NEVER MARRIED,7
BALOCHISTAN,117,NASIRABAD DISTRICT,NASIRABAD DISTRICT,TOTAL,MALE,25-34,7,NEVER MARRIED,4
BALOCHISTAN,117,NASIRABAD DISTRICT,NASIRABAD DISTRICT,TOTAL,MALE,35-44,4,NEVER MARRIED,0
BALOCHISTAN,117,NASIRABAD DISTRICT,NASIRABAD DISTRICT,TOTAL,MALE,45-54,1,NEVER MARRIED,0
BALOCHISTAN,117,NASIRABAD DISTRICT,NASIRABAD DISTRICT,TOTAL,MALE,55-64,2,NEVER MARRIED,0
BALOCHISTAN,117,NASIRABAD DISTRICT,NASIRABAD DISTRICT,TOTAL,MALE,65-74,0,NEVER MARRIED,0
BALOCHISTAN,117,NASIRABAD DISTRICT,NASIRABAD DISTRICT,TOTAL,MALE,75 AND ABOVE,0,NEVER MARRIED,0
BALOCHISTAN,117,NASIRABAD DISTRICT,NASIRABAD DISTRICT,TOTAL,MALE,ALL AGES,44,MARRIED,10
BALOCHISTAN,117,NASIRABAD DISTRICT,NASIRABAD DISTRICT,TOTAL,MALE,BELOW 5 YEARS,10,MARRIED,0
BALOCHISTAN,117,NASIRABAD DISTRICT,NASIRABAD DISTRICT,TOTAL,MALE,05-09,6,MARRIED,0
BALOCHISTAN,117,NASIRABAD DISTRICT,NASIRABAD DISTRICT,TOTAL,MALE,10-14,7,MARRIED,0
BALOCHISTAN,117,NASIRABAD DISTRICT,NASIRABAD DISTRICT,TOTAL,MALE,15-24,7,MARRIED,0
BALOCHISTAN,117,NASIRABAD DISTRICT,NASIRABAD DISTRICT,TOTAL,MALE,25-34,7,MARRIED,3
BALOCHISTAN,117,NASIRABAD DISTRICT,NASIRABAD DISTRICT,TOTAL,MALE,35-44,4,MARRIED,4
BALOCHISTAN,117,NASIRABAD DISTRICT,NASIRABAD DISTRICT,TOTAL,MALE,45-54,1,MARRIED,1
BALOCHISTAN,117,NASIRABAD DISTRICT,NASIRABAD DISTRICT,TOTAL,MALE,55-64,2,MARRIED,2
BALOCHISTAN,117,NASIRABAD DISTRICT,NASIRABAD DISTRICT,TOTAL,MALE,65-74,0,MARRIED,0
BALOCHISTAN,117,NASIRABAD DISTRICT,NASIRABAD DISTRICT,TOTAL,MALE,75 AND ABOVE,0,MARRIED,0
BALOCHISTAN,117,NASIRABAD DISTRICT,NASIRABAD DISTRICT,TOTAL,MALE,ALL AGES,44,WIDOWED,0
BALOCHISTAN,117,NASIRABAD DISTRICT,NASIRABAD DISTRICT,TOTAL,MALE,BELOW 5 YEARS,10,WIDOWED,0
BALOCHISTAN,117,NASIRABAD DISTRICT,NASIRABAD DISTRICT,TOTAL,MALE,05-09,6,WIDOWED,0
BALOCHISTAN,117,NASIRABAD DISTRICT,NASIRABAD DISTRICT,TOTAL,MALE,10-14,7,WIDOWED,0
BALOCHISTAN,117,NASIRABAD DISTRICT,NASIRABAD DISTRICT,TOTAL,MALE,15-24,7,WIDOWED,0
BALOCHISTAN,117,NASIRABAD DISTRICT,NASIRABAD DISTRICT,TOTAL,MALE,25-34,7,WIDOWED,0
BALOCHISTAN,117,NASIRABAD DISTRICT,NASIRABAD DISTRICT,TOTAL,MALE,35-44,4,WIDOWED,0
BALOCHISTAN,117,NASIRABAD DISTRICT,NASIRABAD DISTRICT,TOTAL,MALE,45-54,1,WIDOWED,0
BALOCHISTAN,117,NASIRABAD DISTRICT,NASIRABAD DISTRICT,TOTAL,MALE,55-64,2,WIDOWED,0
BALOCHISTAN,117,NASIRABAD DISTRICT,NASIRABAD DISTRICT,TOTAL,MALE,65-74,0,WIDOWED,0
BALOCHISTAN,117,NASIRABAD DISTRICT,NASIRABAD DISTRICT,TOTAL,MALE,75 AND ABOVE,0,WIDOWED,0
BALOCHISTAN,117,NASIRABAD DISTRICT,NASIRABAD DISTRICT,TOTAL,MALE,ALL AGES,44,DIVORCED,0
BALOCHISTAN,117,NASIRABAD DISTRICT,NASIRABAD DISTRICT,TOTAL,MALE,BELOW 5 YEARS,10,DIVORCED,0
BALOCHISTAN,117,NASIRABAD DISTRICT,NASIRABAD DISTRICT,TOTAL,MALE,05-09,6,DIVORCED,0
BALOCHISTAN,117,NASIRABAD DISTRICT,NASIRABAD DISTRICT,TOTAL,MALE,10-14,7,DIVORCED,0
BALOCHISTAN,117,NASIRABAD DISTRICT,NASIRABAD DISTRICT,TOTAL,MALE,15-24,7,DIVORCED,0
BALOCHISTAN,117,NASIRABAD DISTRICT,NASIRABAD DISTRICT,TOTAL,MALE,25-34,7,DIVORCED,0
BALOCHISTAN,117,NASIRABAD DISTRICT,NASIRABAD DISTRICT,TOTAL,MALE,35-44,4,DIVORCED,0
BALOCHISTAN,117,NASIRABAD DISTRICT,NASIRABAD DISTRICT,TOTAL,MALE,45-54,1,DIVORCED,0
BALOCHISTAN,117,NASIRABAD DISTRICT,NASIRABAD DISTRICT,TOTAL,MALE,55-64,2,DIVORCED,0
BALOCHISTAN,117,NASIRABAD DISTRICT,NASIRABAD DISTRICT,TOTAL,MALE,65-74,0,DIVORCED,0
BALOCHISTAN,117,NASIRABAD DISTRICT,NASIRABAD DISTRICT,TOTAL,MALE,75 AND ABOVE,0,DIVORCED,0
BALOCHISTAN,117,NASIRABAD DISTRICT,NASIRABAD DISTRICT,TOTAL,FEMALE,ALL AGES,27,NEVER MARRIED,13
BALOCHISTAN,117,NASIRABAD DISTRICT,NASIRABAD DISTRICT,TOTAL,FEMALE,BELOW 5 YEARS,0,NEVER MARRIED,0
BALOCHISTAN,117,NASIRABAD DISTRICT,NASIRABAD DISTRICT,TOTAL,FEMALE,05-09,7,NEVER MARRIED,7
BALOCHISTAN,117,NASIRABAD DISTRICT,NASIRABAD DISTRICT,TOTAL,FEMALE,10-14,2,NEVER MARRIED,2
BALOCHISTAN,117,NASIRABAD DISTRICT,NASIRABAD DISTRICT,TOTAL,FEMALE,15-24,3,NEVER MARRIED,3
BALOCHISTAN,117,NASIRABAD DISTRICT,NASIRABAD DISTRICT,TOTAL,FEMALE,25-34,5,NEVER MARRIED,1
BALOCHISTAN,117,NASIRABAD DISTRICT,NASIRABAD DISTRICT,TOTAL,FEMALE,35-44,3,NEVER MARRIED,0
BALOCHISTAN,117,NASIRABAD DISTRICT,NASIRABAD DISTRICT,TOTAL,FEMALE,45-54,3,NEVER MARRIED,0
BALOCHISTAN,117,NASIRABAD DISTRICT,NASIRABAD DISTRICT,TOTAL,FEMALE,55-64,3,NEVER MARRIED,0
BALOCHISTAN,117,NASIRABAD DISTRICT,NASIRABAD DISTRICT,TOTAL,FEMALE,65-74,0,NEVER MARRIED,0
BALOCHISTAN,117,NASIRABAD DISTRICT,NASIRABAD DISTRICT,TOTAL,FEMALE,75 AND ABOVE,1,NEVER MARRIED,0
BALOCHISTAN,117,NASIRABAD DISTRICT,NASIRABAD DISTRICT,TOTAL,FEMALE,ALL AGES,27,MARRIED,11
BALOCHISTAN,117,NASIRABAD DISTRICT,NASIRABAD DISTRICT,TOTAL,FEMALE,BELOW 5 YEARS,0,MARRIED,0
BALOCHISTAN,117,NASIRABAD DISTRICT,NASIRABAD DISTRICT,TOTAL,FEMALE,05-09,7,MARRIED,0
BALOCHISTAN,117,NASIRABAD DISTRICT,NASIRABAD DISTRICT,TOTAL,FEMALE,10-14,2,MARRIED,0
BALOCHISTAN,117,NASIRABAD DISTRICT,NASIRABAD DISTRICT,TOTAL,FEMALE,15-24,3,MARRIED,0
BALOCHISTAN,117,NASIRABAD DISTRICT,NASIRABAD DISTRICT,TOTAL,FEMALE,25-34,5,MARRIED,4
BALOCHISTAN,117,NASIRABAD DISTRICT,NASIRABAD DISTRICT,TOTAL,FEMALE,35-44,3,MARRIED,3
BALOCHISTAN,117,NASIRABAD DISTRICT,NASIRABAD DISTRICT,TOTAL,FEMALE,45-54,3,MARRIED,2
BALOCHISTAN,117,NASIRABAD DISTRICT,NASIRABAD DISTRICT,TOTAL,FEMALE,55-64,3,MARRIED,1
BALOCHISTAN,117,NASIRABAD DISTRICT,NASIRABAD DISTRICT,TOTAL,FEMALE,65-74,0,MARRIED,0
BALOCHISTAN,117,NASIRABAD DISTRICT,NASIRABAD DISTRICT,TOTAL,FEMALE,75 AND ABOVE,1,MARRIED,1
BALOCHISTAN,117,NASIRABAD DISTRICT,NASIRABAD DISTRICT,TOTAL,FEMALE,ALL AGES,27,WIDOWED,3
BALOCHISTAN,117,NASIRABAD DISTRICT,NASIRABAD DISTRICT,TOTAL,FEMALE,BELOW 5 YEARS,0,WIDOWED,0
BALOCHISTAN,117,NASIRABAD DISTRICT,NASIRABAD DISTRICT,TOTAL,FEMALE,05-09,7,WIDOWED,0
BALOCHISTAN,117,NASIRABAD DISTRICT,NASIRABAD DISTRICT,TOTAL,FEMALE,10-14,2,WIDOWED,0
BALOCHISTAN,117,NASIRABAD DISTRICT,NASIRABAD DISTRICT,TOTAL,FEMALE,15-24,3,WIDOWED,0
BALOCHISTAN,117,NASIRABAD DISTRICT,NASIRABAD DISTRICT,TOTAL,FEMALE,25-34,5,WIDOWED,0
BALOCHISTAN,117,NASIRABAD DISTRICT,NASIRABAD DISTRICT,TOTAL,FEMALE,35-44,3,WIDOWED,0
BALOCHISTAN,117,NASIRABAD DISTRICT,NASIRABAD DISTRICT,TOTAL,FEMALE,45-54,3,WIDOWED,1
BALOCHISTAN,117,NASIRABAD DISTRICT,NASIRABAD DISTRICT,TOTAL,FEMALE,55-64,3,WIDOWED,2
BALOCHISTAN,117,NASIRABAD DISTRICT,NASIRABAD DISTRICT,TOTAL,FEMALE,65-74,0,WIDOWED,0
BALOCHISTAN,117,NASIRABAD DISTRICT,NASIRABAD DISTRICT,TOTAL,FEMALE,75 AND ABOVE,1,WIDOWED,0
BALOCHISTAN,117,NASIRABAD DISTRICT,NASIRABAD DISTRICT,TOTAL,FEMALE,ALL AGES,27,DIVORCED,0
BALOCHISTAN,117,NASIRABAD DISTRICT,NASIRABAD DISTRICT,TOTAL,FEMALE,BELOW 5 YEARS,0,DIVORCED,0
BALOCHISTAN,117,NASIRABAD DISTRICT,NASIRABAD DISTRICT,TOTAL,FEMALE,05-09,7,DIVORCED,0
BALOCHISTAN,117,NASIRABAD DISTRICT,NASIRABAD DISTRICT,TOTAL,FEMALE,10-14,2,DIVORCED,0
BALOCHISTAN,117,NASIRABAD DISTRICT,NASIRABAD DISTRICT,TOTAL,FEMALE,15-24,3,DIVORCED,0
BALOCHISTAN,117,NASIRABAD DISTRICT,NASIRABAD DISTRICT,TOTAL,FEMALE,25-34,5,DIVORCED,0
BALOCHISTAN,117,NASIRABAD DISTRICT,NASIRABAD DISTRICT,TOTAL,FEMALE,35-44,3,DIVORCED,0
BALOCHISTAN,117,NASIRABAD DISTRICT,NASIRABAD DISTRICT,TOTAL,FEMALE,45-54,3,DIVORCED,0
BALOCHISTAN,117,NASIRABAD DISTRICT,NASIRABAD DISTRICT,TOTAL,FEMALE,55-64,3,DIVORCED,0
BALOCHISTAN,117,NASIRABAD DISTRICT,NASIRABAD DISTRICT,TOTAL,FEMALE,65-74,0,DIVORCED,0
BALOCHISTAN,117,NASIRABAD DISTRICT,NASIRABAD DISTRICT,TOTAL,FEMALE,75 AND ABOVE,1,DIVORCED,0
BALOCHISTAN,117,NASIRABAD DISTRICT,NASIRABAD DISTRICT,TOTAL,TRANSGENDER,ALL AGES,0,NEVER MARRIED,0
BALOCHISTAN,117,NASIRABAD DISTRICT,NASIRABAD DISTRICT,TOTAL,TRANSGENDER,BELOW 5 YEARS,0,NEVER MARRIED,0
BALOCHISTAN,117,NASIRABAD DISTRICT,NASIRABAD DISTRICT,TOTAL,TRANSGENDER,05-09,0,NEVER MARRIED,0
BALOCHISTAN,117,NASIRABAD DISTRICT,NASIRABAD DISTRICT,TOTAL,TRANSGENDER,10-14,0,NEVER MARRIED,0
BALOCHISTAN,117,NASIRABAD DISTRICT,NASIRABAD DISTRICT,TOTAL,TRANSGENDER,15-24,0,NEVER MARRIED,0
BALOCHISTAN,117,NASIRABAD DISTRICT,NASIRABAD DISTRICT,TOTAL,TRANSGENDER,25-34,0,NEVER MARRIED,0
BALOCHISTAN,117,NASIRABAD DISTRICT,NASIRABAD DISTRICT,TOTAL,TRANSGENDER,35-44,0,NEVER MARRIED,0
BALOCHISTAN,117,NASIRABAD DISTRICT,NASIRABAD DISTRICT,TOTAL,TRANSGENDER,45-54,0,NEVER MARRIED,0
BALOCHISTAN,117,NASIRABAD DISTRICT,NASIRABAD DISTRICT,TOTAL,TRANSGENDER,55-64,0,NEVER MARRIED,0
BALOCHISTAN,117,NASIRABAD DISTRICT,NASIRABAD DISTRICT,TOTAL,TRANSGENDER,65-74,0,NEVER MARRIED,0
BALOCHISTAN,117,NASIRABAD DISTRICT,NASIRABAD DISTRICT,TOTAL,TRANSGENDER,75 AND ABOVE,0,NEVER MARRIED,0
BALOCHISTAN,117,NASIRABAD DISTRICT,NASIRABAD DISTRICT,TOTAL,TRANSGENDER,ALL AGES,0,MARRIED,0
BALOCHISTAN,117,NASIRABAD DISTRICT,NASIRABAD DISTRICT,TOTAL,TRANSGENDER,BELOW 5 YEARS,0,MARRIED,0
BALOCHISTAN,117,NASIRABAD DISTRICT,NASIRABAD DISTRICT,TOTAL,TRANSGENDER,05-09,0,MARRIED,0
BALOCHISTAN,117,NASIRABAD DISTRICT,NASIRABAD DISTRICT,TOTAL,TRANSGENDER,10-14,0,MARRIED,0
BALOCHISTAN,117,NASIRABAD DISTRICT,NASIRABAD DISTRICT,TOTAL,TRANSGENDER,15-24,0,MARRIED,0
BALOCHISTAN,117,NASIRABAD DISTRICT,NASIRABAD DISTRICT,TOTAL,TRANSGENDER,25-34,0,MARRIED,0
BALOCHISTAN,117,NASIRABAD DISTRICT,NASIRABAD DISTRICT,TOTAL,TRANSGENDER,35-44,0,MARRIED,0
BALOCHISTAN,117,NASIRABAD DISTRICT,NASIRABAD DISTRICT,TOTAL,TRANSGENDER,45-54,0,MARRIED,0
BALOCHISTAN,117,NASIRABAD DISTRICT,NASIRABAD DISTRICT,TOTAL,TRANSGENDER,55-64,0,MARRIED,0
BALOCHISTAN,117,NASIRABAD DISTRICT,NASIRABAD DISTRICT,TOTAL,TRANSGENDER,65-74,0,MARRIED,0
BALOCHISTAN,117,NASIRABAD DISTRICT,NASIRABAD DISTRICT,TOTAL,TRANSGENDER,75 AND ABOVE,0,MARRIED,0
BALOCHISTAN,117,NASIRABAD DISTRICT,NASIRABAD DISTRICT,TOTAL,TRANSGENDER,ALL AGES,0,WIDOWED,0
BALOCHISTAN,117,NASIRABAD DISTRICT,NASIRABAD DISTRICT,TOTAL,TRANSGENDER,BELOW 5 YEARS,0,WIDOWED,0
BALOCHISTAN,117,NASIRABAD DISTRICT,NASIRABAD DISTRICT,TOTAL,TRANSGENDER,05-09,0,WIDOWED,0
BALOCHISTAN,117,NASIRABAD DISTRICT,NASIRABAD DISTRICT,TOTAL,TRANSGENDER,10-14,0,WIDOWED,0
BALOCHISTAN,117,NASIRABAD DISTRICT,NASIRABAD DISTRICT,TOTAL,TRANSGENDER,15-24,0,WIDOWED,0
BALOCHISTAN,117,NASIRABAD DISTRICT,NASIRABAD DISTRICT,TOTAL,TRANSGENDER,25-34,0,WIDOWED,0
BALOCHISTAN,117,NASIRABAD DISTRICT,NASIRABAD DISTRICT,TOTAL,TRANSGENDER,35-44,0,WIDOWED,0
BALOCHISTAN,117,NASIRABAD DISTRICT,NASIRABAD DISTRICT,TOTAL,TRANSGENDER,45-54,0,WIDOWED,0
BALOCHISTAN,117,NASIRABAD DISTRICT,NASIRABAD DISTRICT,TOTAL,TRANSGENDER,55-64,0,WIDOWED,0
BALOCHISTAN,117,NASIRABAD DISTRICT,NASIRABAD DISTRICT,TOTAL,TRANSGENDER,65-74,0,WIDOWED,0
BALOCHISTAN,117,NASIRABAD DISTRICT,NASIRABAD DISTRICT,TOTAL,TRANSGENDER,75 AND ABOVE,0,WIDOWED,0
BALOCHISTAN,117,NASIRABAD DISTRICT,NASIRABAD DISTRICT,TOTAL,TRANSGENDER,ALL AGES,0,DIVORCED,0
BALOCHISTAN,117,NASIRABAD DISTRICT,NASIRABAD DISTRICT,TOTAL,TRANSGENDER,BELOW 5 YEARS,0,DIVORCED,0
BALOCHISTAN,117,NASIRABAD DISTRICT,NASIRABAD DISTRICT,TOTAL,TRANSGENDER,05-09,0,DIVORCED,0
BALOCHISTAN,117,NASIRABAD DISTRICT,NASIRABAD DISTRICT,TOTAL,TRANSGENDER,10-14,0,DIVORCED,0
BALOCHISTAN,117,NASIRABAD DISTRICT,NASIRABAD DISTRICT,TOTAL,TRANSGENDER,15-24,0,DIVORCED,0
BALOCHISTAN,117,NASIRABAD DISTRICT,NASIRABAD DISTRICT,TOTAL,TRANSGENDER,25-34,0,DIVORCED,0
BALOCHISTAN,117,NASIRABAD DISTRICT,NASIRABAD DISTRICT,TOTAL,TRANSGENDER,35-44,0,DIVORCED,0
BALOCHISTAN,117,NASIRABAD DISTRICT,NASIRABAD DISTRICT,TOTAL,TRANSGENDER,45-54,0,DIVORCED,0
BALOCHISTAN,117,NASIRABAD DISTRICT,NASIRABAD DISTRICT,TOTAL,TRANSGENDER,55-64,0,DIVORCED,0
BALOCHISTAN,117,NASIRABAD DISTRICT,NASIRABAD DISTRICT,TOTAL,TRANSGENDER,65-74,0,DIVORCED,0
BALOCHISTAN,117,NASIRABAD DISTRICT,NASIRABAD DISTRICT,TOTAL,TRANSGENDER,75 AND ABOVE,0,DIVORCED,0
BALOCHISTAN,117,NASIRABAD DISTRICT,NASIRABAD DISTRICT,RURAL,ALL SEXES,ALL AGES,44,NEVER MARRIED,27
BALOCHISTAN,117,NASIRABAD DISTRICT,NASIRABAD DISTRICT,RURAL,ALL SEXES,BELOW 5 YEARS,8,NEVER MARRIED,8
BALOCHISTAN,117,NASIRABAD DISTRICT,NASIRABAD DISTRICT,RURAL,ALL SEXES,05-09,8,NEVER MARRIED,8
BALOCHISTAN,117,NASIRABAD DISTRICT,NASIRABAD DISTRICT,RURAL,ALL SEXES,10-14,4,NEVER MARRIED,4
BALOCHISTAN,117,NASIRABAD DISTRICT,NASIRABAD DISTRICT,RURAL,ALL SEXES,15-24,5,NEVER MARRIED,5
BALOCHISTAN,117,NASIRABAD DISTRICT,NASIRABAD DISTRICT,RURAL,ALL SEXES,25-34,9,NEVER MARRIED,2
BALOCHISTAN,117,NASIRABAD DISTRICT,NASIRABAD DISTRICT,RURAL,ALL SEXES,35-44,5,NEVER MARRIED,0
BALOCHISTAN,117,NASIRABAD DISTRICT,NASIRABAD DISTRICT,RURAL,ALL SEXES,45-54,2,NEVER MARRIED,0
BALOCHISTAN,117,NASIRABAD DISTRICT,NASIRABAD DISTRICT,RURAL,ALL SEXES,55-64,3,NEVER MARRIED,0
BALOCHISTAN,117,NASIRABAD DISTRICT,NASIRABAD DISTRICT,RURAL,ALL SEXES,65-74,0,NEVER MARRIED,0
BALOCHISTAN,117,NASIRABAD DISTRICT,NASIRABAD DISTRICT,RURAL,ALL SEXES,75 AND ABOVE,0,NEVER MARRIED,0
BALOCHISTAN,117,NASIRABAD DISTRICT,NASIRABAD DISTRICT,RURAL,ALL SEXES,ALL AGES,44,MARRIED,16
BALOCHISTAN,117,NASIRABAD DISTRICT,NASIRABAD DISTRICT,RURAL,ALL SEXES,BELOW 5 YEARS,8,MARRIED,0
BALOCHISTAN,117,NASIRABAD DISTRICT,NASIRABAD DISTRICT,RURAL,ALL SEXES,05-09,8,MARRIED,0
BALOCHISTAN,117,NASIRABAD DISTRICT,NASIRABAD DISTRICT,RURAL,ALL SEXES,10-14,4,MARRIED,0
BALOCHISTAN,117,NASIRABAD DISTRICT,NASIRABAD DISTRICT,RURAL,ALL SEXES,15-24,5,MARRIED,0
BALOCHISTAN,117,NASIRABAD DISTRICT,NASIRABAD DISTRICT,RURAL,ALL SEXES,25-34,9,MARRIED,7
BALOCHISTAN,117,NASIRABAD DISTRICT,NASIRABAD DISTRICT,RURAL,ALL SEXES,35-44,5,MARRIED,5
BALOCHISTAN,117,NASIRABAD DISTRICT,NASIRABAD DISTRICT,RURAL,ALL SEXES,45-54,2,MARRIED,1
BALOCHISTAN,117,NASIRABAD DISTRICT,NASIRABAD DISTRICT,RURAL,ALL SEXES,55-64,3,MARRIED,3
BALOCHISTAN,117,NASIRABAD DISTRICT,NASIRABAD DISTRICT,RURAL,ALL SEXES,65-74,0,MARRIED,0
BALOCHISTAN,117,NASIRABAD DISTRICT,NASIRABAD DISTRICT,RURAL,ALL SEXES,75 AND ABOVE,0,MARRIED,0
BALOCHISTAN,117,NASIRABAD DISTRICT,NASIRABAD DISTRICT,RURAL,ALL SEXES,ALL AGES,44,WIDOWED,1
BALOCHISTAN,117,NASIRABAD DISTRICT,NASIRABAD DISTRICT,RURAL,ALL SEXES,BELOW 5 YEARS,8,WIDOWED,0
BALOCHISTAN,117,NASIRABAD DISTRICT,NASIRABAD DISTRICT,RURAL,ALL SEXES,05-09,8,WIDOWED,0
BALOCHISTAN,117,NASIRABAD DISTRICT,NASIRABAD DISTRICT,RURAL,ALL SEXES,10-14,4,WIDOWED,0
BALOCHISTAN,117,NASIRABAD DISTRICT,NASIRABAD DISTRICT,RURAL,ALL SEXES,15-24,5,WIDOWED,0
BALOCHISTAN,117,NASIRABAD DISTRICT,NASIRABAD DISTRICT,RURAL,ALL SEXES,25-34,9,WIDOWED,0
BALOCHISTAN,117,NASIRABAD DISTRICT,NASIRABAD DISTRICT,RURAL,ALL SEXES,35-44,5,WIDOWED,0
BALOCHISTAN,117,NASIRABAD DISTRICT,NASIRABAD DISTRICT,RURAL,ALL SEXES,45-54,2,WIDOWED,1
BALOCHISTAN,117,NASIRABAD DISTRICT,NASIRABAD DISTRICT,RURAL,ALL SEXES,55-64,3,WIDOWED,0
BALOCHISTAN,117,NASIRABAD DISTRICT,NASIRABAD DISTRICT,RURAL,ALL SEXES,65-74,0,WIDOWED,0
BALOCHISTAN,117,NASIRABAD DISTRICT,NASIRABAD DISTRICT,RURAL,ALL SEXES,75 AND ABOVE,0,WIDOWED,0
BALOCHISTAN,117,NASIRABAD DISTRICT,NASIRABAD DISTRICT,RURAL,ALL SEXES,ALL AGES,44,DIVORCED,0
BALOCHISTAN,117,NASIRABAD DISTRICT,NASIRABAD DISTRICT,RURAL,ALL SEXES,BELOW 5 YEARS,8,DIVORCED,0
BALOCHISTAN,117,NASIRABAD DISTRICT,NASIRABAD DISTRICT,RURAL,ALL SEXES,05-09,8,DIVORCED,0
BALOCHISTAN,117,NASIRABAD DISTRICT,NASIRABAD DISTRICT,RURAL,ALL SEXES,10-14,4,DIVORCED,0
BALOCHISTAN,117,NASIRABAD DISTRICT,NASIRABAD DISTRICT,RURAL,ALL SEXES,15-24,5,DIVORCED,0
BALOCHISTAN,117,NASIRABAD DISTRICT,NASIRABAD DISTRICT,RURAL,ALL SEXES,25-34,9,DIVORCED,0
BALOCHISTAN,117,NASIRABAD DISTRICT,NASIRABAD DISTRICT,RURAL,ALL SEXES,35-44,5,DIVORCED,0
BALOCHISTAN,117,NASIRABAD DISTRICT,NASIRABAD DISTRICT,RURAL,ALL SEXES,45-54,2,DIVORCED,0
BALOCHISTAN,117,NASIRABAD DISTRICT,NASIRABAD DISTRICT,RURAL,ALL SEXES,55-64,3,DIVORCED,0
BALOCHISTAN,117,NASIRABAD DISTRICT,NASIRABAD DISTRICT,RURAL,ALL SEXES,65-74,0,DIVORCED,0
BALOCHISTAN,117,NASIRABAD DISTRICT,NASIRABAD DISTRICT,RURAL,ALL SEXES,75 AND ABOVE,0,DIVORCED,0
BALOCHISTAN,117,NASIRABAD DISTRICT,NASIRABAD DISTRICT,RURAL,MALE,ALL AGES,27,NEVER MARRIED,19
BALOCHISTAN,117,NASIRABAD DISTRICT,NASIRABAD DISTRICT,RURAL,MALE,BELOW 5 YEARS,8,NEVER MARRIED,8
BALOCHISTAN,117,NASIRABAD DISTRICT,NASIRABAD DISTRICT,RURAL,MALE,05-09,4,NEVER MARRIED,4
BALOCHISTAN,117,NASIRABAD DISTRICT,NASIRABAD DISTRICT,RURAL,MALE,10-14,2,NEVER MARRIED,2
BALOCHISTAN,117,NASIRABAD DISTRICT,NASIRABAD DISTRICT,RURAL,MALE,15-24,4,NEVER MARRIED,4
BALOCHISTAN,117,NASIRABAD DISTRICT,NASIRABAD DISTRICT,RURAL,MALE,25-34,4,NEVER MARRIED,1
BALOCHISTAN,117,NASIRABAD DISTRICT,NASIRABAD DISTRICT,RURAL,MALE,35-44,3,NEVER MARRIED,0
BALOCHISTAN,117,NASIRABAD DISTRICT,NASIRABAD DISTRICT,RURAL,MALE,45-54,0,NEVER MARRIED,0
BALOCHISTAN,117,NASIRABAD DISTRICT,NASIRABAD DISTRICT,RURAL,MALE,55-64,2,NEVER MARRIED,0
BALOCHISTAN,117,NASIRABAD DISTRICT,NASIRABAD DISTRICT,RURAL,MALE,65-74,0,NEVER MARRIED,0
BALOCHISTAN,117,NASIRABAD DISTRICT,NASIRABAD DISTRICT,RURAL,MALE,75 AND ABOVE,0,NEVER MARRIED,0
BALOCHISTAN,117,NASIRABAD DISTRICT,NASIRABAD DISTRICT,RURAL,MALE,ALL AGES,27,MARRIED,8
BALOCHISTAN,117,NASIRABAD DISTRICT,NASIRABAD DISTRICT,RURAL,MALE,BELOW 5 YEARS,8,MARRIED,0
BALOCHISTAN,117,NASIRABAD DISTRICT,NASIRABAD DISTRICT,RURAL,MALE,05-09,4,MARRIED,0
BALOCHISTAN,117,NASIRABAD DISTRICT,NASIRABAD DISTRICT,RURAL,MALE,10-14,2,MARRIED,0
BALOCHISTAN,117,NASIRABAD DISTRICT,NASIRABAD DISTRICT,RURAL,MALE,15-24,4,MARRIED,0
BALOCHISTAN,117,NASIRABAD DISTRICT,NASIRABAD DISTRICT,RURAL,MALE,25-34,4,MARRIED,3
BALOCHISTAN,117,NASIRABAD DISTRICT,NASIRABAD DISTRICT,RURAL,MALE,35-44,3,MARRIED,3
BALOCHISTAN,117,NASIRABAD DISTRICT,NASIRABAD DISTRICT,RURAL,MALE,45-54,0,MARRIED,0
BALOCHISTAN,117,NASIRABAD DISTRICT,NASIRABAD DISTRICT,RURAL,MALE,55-64,2,MARRIED,2
BALOCHISTAN,117,NASIRABAD DISTRICT,NASIRABAD DISTRICT,RURAL,MALE,65-74,0,MARRIED,0
BALOCHISTAN,117,NASIRABAD DISTRICT,NASIRABAD DISTRICT,RURAL,MALE,75 AND ABOVE,0,MARRIED,0
BALOCHISTAN,117,NASIRABAD DISTRICT,NASIRABAD DISTRICT,RURAL,MALE,ALL AGES,27,WIDOWED,0
BALOCHISTAN,117,NASIRABAD DISTRICT,NASIRABAD DISTRICT,RURAL,MALE,BELOW 5 YEARS,8,WIDOWED,0
BALOCHISTAN,117,NASIRABAD DISTRICT,NASIRABAD DISTRICT,RURAL,MALE,05-09,4,WIDOWED,0
BALOCHISTAN,117,NASIRABAD DISTRICT,NASIRABAD DISTRICT,RURAL,MALE,10-14,2,WIDOWED,0
BALOCHISTAN,117,NASIRABAD DISTRICT,NASIRABAD DISTRICT,RURAL,MALE,15-24,4,WIDOWED,0
BALOCHISTAN,117,NASIRABAD DISTRICT,NASIRABAD DISTRICT,RURAL,MALE,25-34,4,WIDOWED,0
BALOCHISTAN,117,NASIRABAD DISTRICT,NASIRABAD DISTRICT,RURAL,MALE,35-44,3,WIDOWED,0
BALOCHISTAN,117,NASIRABAD DISTRICT,NASIRABAD DISTRICT,RURAL,MALE,45-54,0,WIDOWED,0
BALOCHISTAN,117,NASIRABAD DISTRICT,NASIRABAD DISTRICT,RURAL,MALE,55-64,2,WIDOWED,0
BALOCHISTAN,117,NASIRABAD DISTRICT,NASIRABAD DISTRICT,RURAL,MALE,65-74,0,WIDOWED,0
BALOCHISTAN,117,NASIRABAD DISTRICT,NASIRABAD DISTRICT,RURAL,MALE,75 AND ABOVE,0,WIDOWED,0
BALOCHISTAN,117,NASIRABAD DISTRICT,NASIRABAD DISTRICT,RURAL,MALE,ALL AGES,27,DIVORCED,0
BALOCHISTAN,117,NASIRABAD DISTRICT,NASIRABAD DISTRICT,RURAL,MALE,BELOW 5 YEARS,8,DIVORCED,0
BALOCHISTAN,117,NASIRABAD DISTRICT,NASIRABAD DISTRICT,RURAL,MALE,05-09,4,DIVORCED,0
BALOCHISTAN,117,NASIRABAD DISTRICT,NASIRABAD DISTRICT,RURAL,MALE,10-14,2,DIVORCED,0
BALOCHISTAN,117,NASIRABAD DISTRICT,NASIRABAD DISTRICT,RURAL,MALE,15-24,4,DIVORCED,0
BALOCHISTAN,117,NASIRABAD DISTRICT,NASIRABAD DISTRICT,RURAL,MALE,25-34,4,DIVORCED,0
BALOCHISTAN,117,NASIRABAD DISTRICT,NASIRABAD DISTRICT,RURAL,MALE,35-44,3,DIVORCED,0
BALOCHISTAN,117,NASIRABAD DISTRICT,NASIRABAD DISTRICT,RURAL,MALE,45-54,0,DIVORCED,0
BALOCHISTAN,117,NASIRABAD DISTRICT,NASIRABAD DISTRICT,RURAL,MALE,55-64,2,DIVORCED,0
BALOCHISTAN,117,NASIRABAD DISTRICT,NASIRABAD DISTRICT,RURAL,MALE,65-74,0,DIVORCED,0
BALOCHISTAN,117,NASIRABAD DISTRICT,NASIRABAD DISTRICT,RURAL,MALE,75 AND ABOVE,0,DIVORCED,0
BALOCHISTAN,117,NASIRABAD DISTRICT,NASIRABAD DISTRICT,RURAL,FEMALE,ALL AGES,17,NEVER MARRIED,8
BALOCHISTAN,117,NASIRABAD DISTRICT,NASIRABAD DISTRICT,RURAL,FEMALE,BELOW 5 YEARS,0,NEVER MARRIED,0
BALOCHISTAN,117,NASIRABAD DISTRICT,NASIRABAD DISTRICT,RURAL,FEMALE,05-09,4,NEVER MARRIED,4
BALOCHISTAN,117,NASIRABAD DISTRICT,NASIRABAD DISTRICT,RURAL,FEMALE,10-14,2,NEVER MARRIED,2
BALOCHISTAN,117,NASIRABAD DISTRICT,NASIRABAD DISTRICT,RURAL,FEMALE,15-24,1,NEVER MARRIED,1
BALOCHISTAN,117,NASIRABAD DISTRICT,NASIRABAD DISTRICT,RURAL,FEMALE,25-34,5,NEVER MARRIED,1
BALOCHISTAN,117,NASIRABAD DISTRICT,NASIRABAD DISTRICT,RURAL,FEMALE,35-44,2,NEVER MARRIED,0
BALOCHISTAN,117,NASIRABAD DISTRICT,NASIRABAD DISTRICT,RURAL,FEMALE,45-54,2,NEVER MARRIED,0
BALOCHISTAN,117,NASIRABAD DISTRICT,NASIRABAD DISTRICT,RURAL,FEMALE,55-64,1,NEVER MARRIED,0
BALOCHISTAN,117,NASIRABAD DISTRICT,NASIRABAD DISTRICT,RURAL,FEMALE,65-74,0,NEVER MARRIED,0
BALOCHISTAN,117,NASIRABAD DISTRICT,NASIRABAD DISTRICT,RURAL,FEMALE,75 AND ABOVE,0,NEVER MARRIED,0
BALOCHISTAN,117,NASIRABAD DISTRICT,NASIRABAD DISTRICT,RURAL,FEMALE,ALL AGES,17,MARRIED,8
BALOCHISTAN,117,NASIRABAD DISTRICT,NASIRABAD DISTRICT,RURAL,FEMALE,BELOW 5 YEARS,0,MARRIED,0
BALOCHISTAN,117,NASIRABAD DISTRICT,NASIRABAD DISTRICT,RURAL,FEMALE,05-09,4,MARRIED,0
BALOCHISTAN,117,NASIRABAD DISTRICT,NASIRABAD DISTRICT,RURAL,FEMALE,10-14,2,MARRIED,0
BALOCHISTAN,117,NASIRABAD DISTRICT,NASIRABAD DISTRICT,RURAL,FEMALE,15-24,1,MARRIED,0
BALOCHISTAN,117,NASIRABAD DISTRICT,NASIRABAD DISTRICT,RURAL,FEMALE,25-34,5,MARRIED,4
BALOCHISTAN,117,NASIRABAD DISTRICT,NASIRABAD DISTRICT,RURAL,FEMALE,35-44,2,MARRIED,2
BALOCHISTAN,117,NASIRABAD DISTRICT,NASIRABAD DISTRICT,RURAL,FEMALE,45-54,2,MARRIED,1
BALOCHISTAN,117,NASIRABAD DISTRICT,NASIRABAD DISTRICT,RURAL,FEMALE,55-64,1,MARRIED,1
BALOCHISTAN,117,NASIRABAD DISTRICT,NASIRABAD DISTRICT,RURAL,FEMALE,65-74,0,MARRIED,0
BALOCHISTAN,117,NASIRABAD DISTRICT,NASIRABAD DISTRICT,RURAL,FEMALE,75 AND ABOVE,0,MARRIED,0
BALOCHISTAN,117,NASIRABAD DISTRICT,NASIRABAD DISTRICT,RURAL,FEMALE,ALL AGES,17,WIDOWED,1
BALOCHISTAN,117,NASIRABAD DISTRICT,NASIRABAD DISTRICT,RURAL,FEMALE,BELOW 5 YEARS,0,WIDOWED,0
BALOCHISTAN,117,NASIRABAD DISTRICT,NASIRABAD DISTRICT,RURAL,FEMALE,05-09,4,WIDOWED,0
BALOCHISTAN,117,NASIRABAD DISTRICT,NASIRABAD DISTRICT,RURAL,FEMALE,10-14,2,WIDOWED,0
BALOCHISTAN,117,NASIRABAD DISTRICT,NASIRABAD DISTRICT,RURAL,FEMALE,15-24,1,WIDOWED,0
BALOCHISTAN,117,NASIRABAD DISTRICT,NASIRABAD DISTRICT,RURAL,FEMALE,25-34,5,WIDOWED,0
BALOCHISTAN,117,NASIRABAD DISTRICT,NASIRABAD DISTRICT,RURAL,FEMALE,35-44,2,WIDOWED,0
BALOCHISTAN,117,NASIRABAD DISTRICT,NASIRABAD DISTRICT,RURAL,FEMALE,45-54,2,WIDOWED,1
BALOCHISTAN,117,NASIRABAD DISTRICT,NASIRABAD DISTRICT,RURAL,FEMALE,55-64,1,WIDOWED,0
BALOCHISTAN,117,NASIRABAD DISTRICT,NASIRABAD DISTRICT,RURAL,FEMALE,65-74,0,WIDOWED,0
BALOCHISTAN,117,NASIRABAD DISTRICT,NASIRABAD DISTRICT,RURAL,FEMALE,75 AND ABOVE,0,WIDOWED,0
BALOCHISTAN,117,NASIRABAD DISTRICT,NASIRABAD DISTRICT,RURAL,FEMALE,ALL AGES,17,DIVORCED,0
BALOCHISTAN,117,NASIRABAD DISTRICT,NASIRABAD DISTRICT,RURAL,FEMALE,BELOW 5 YEARS,0,DIVORCED,0
BALOCHISTAN,117,NASIRABAD DISTRICT,NASIRABAD DISTRICT,RURAL,FEMALE,05-09,4,DIVORCED,0
BALOCHISTAN,117,NASIRABAD DISTRICT,NASIRABAD DISTRICT,RURAL,FEMALE,10-14,2,DIVORCED,0
BALOCHISTAN,117,NASIRABAD DISTRICT,NASIRABAD DISTRICT,RURAL,FEMALE,15-24,1,DIVORCED,0
BALOCHISTAN,117,NASIRABAD DISTRICT,NASIRABAD DISTRICT,RURAL,FEMALE,25-34,5,DIVORCED,0
BALOCHISTAN,117,NASIRABAD DISTRICT,NASIRABAD DISTRICT,RURAL,FEMALE,35-44,2,DIVORCED,0
BALOCHISTAN,117,NASIRABAD DISTRICT,NASIRABAD DISTRICT,RURAL,FEMALE,45-54,2,DIVORCED,0
BALOCHISTAN,117,NASIRABAD DISTRICT,NASIRABAD DISTRICT,RURAL,FEMALE,55-64,1,DIVORCED,0
BALOCHISTAN,117,NASIRABAD DISTRICT,NASIRABAD DISTRICT,RURAL,FEMALE,65-74,0,DIVORCED,0
BALOCHISTAN,117,NASIRABAD DISTRICT,NASIRABAD DISTRICT,RURAL,FEMALE,75 AND ABOVE,0,DIVORCED,0
BALOCHISTAN,117,NASIRABAD DISTRICT,NASIRABAD DISTRICT,RURAL,TRANSGENDER,ALL AGES,0,NEVER MARRIED,0
BALOCHISTAN,117,NASIRABAD DISTRICT,NASIRABAD DISTRICT,RURAL,TRANSGENDER,BELOW 5 YEARS,0,NEVER MARRIED,0
BALOCHISTAN,117,NASIRABAD DISTRICT,NASIRABAD DISTRICT,RURAL,TRANSGENDER,05-09,0,NEVER MARRIED,0
BALOCHISTAN,117,NASIRABAD DISTRICT,NASIRABAD DISTRICT,RURAL,TRANSGENDER,10-14,0,NEVER MARRIED,0
BALOCHISTAN,117,NASIRABAD DISTRICT,NASIRABAD DISTRICT,RURAL,TRANSGENDER,15-24,0,NEVER MARRIED,0
BALOCHISTAN,117,NASIRABAD DISTRICT,NASIRABAD DISTRICT,RURAL,TRANSGENDER,25-34,0,NEVER MARRIED,0
BALOCHISTAN,117,NASIRABAD DISTRICT,NASIRABAD DISTRICT,RURAL,TRANSGENDER,35-44,0,NEVER MARRIED,0
BALOCHISTAN,117,NASIRABAD DISTRICT,NASIRABAD DISTRICT,RURAL,TRANSGENDER,45-54,0,NEVER MARRIED,0
BALOCHISTAN,117,NASIRABAD DISTRICT,NASIRABAD DISTRICT,RURAL,TRANSGENDER,55-64,0,NEVER MARRIED,0
BALOCHISTAN,117,NASIRABAD DISTRICT,NASIRABAD DISTRICT,RURAL,TRANSGENDER,65-74,0,NEVER MARRIED,0
BALOCHISTAN,117,NASIRABAD DISTRICT,NASIRABAD DISTRICT,RURAL,TRANSGENDER,75 AND ABOVE,0,NEVER MARRIED,0
BALOCHISTAN,117,NASIRABAD DISTRICT,NASIRABAD DISTRICT,RURAL,TRANSGENDER,ALL AGES,0,MARRIED,0
BALOCHISTAN,117,NASIRABAD DISTRICT,NASIRABAD DISTRICT,RURAL,TRANSGENDER,BELOW 5 YEARS,0,MARRIED,0
BALOCHISTAN,117,NASIRABAD DISTRICT,NASIRABAD DISTRICT,RURAL,TRANSGENDER,05-09,0,MARRIED,0
BALOCHISTAN,117,NASIRABAD DISTRICT,NASIRABAD DISTRICT,RURAL,TRANSGENDER,10-14,0,MARRIED,0
BALOCHISTAN,117,NASIRABAD DISTRICT,NASIRABAD DISTRICT,RURAL,TRANSGENDER,15-24,0,MARRIED,0
BALOCHISTAN,117,NASIRABAD DISTRICT,NASIRABAD DISTRICT,RURAL,TRANSGENDER,25-34,0,MARRIED,0
BALOCHISTAN,117,NASIRABAD DISTRICT,NASIRABAD DISTRICT,RURAL,TRANSGENDER,35-44,0,MARRIED,0
BALOCHISTAN,117,NASIRABAD DISTRICT,NASIRABAD DISTRICT,RURAL,TRANSGENDER,45-54,0,MARRIED,0
BALOCHISTAN,117,NASIRABAD DISTRICT,NASIRABAD DISTRICT,RURAL,TRANSGENDER,55-64,0,MARRIED,0
BALOCHISTAN,117,NASIRABAD DISTRICT,NASIRABAD DISTRICT,RURAL,TRANSGENDER,65-74,0,MARRIED,0
BALOCHISTAN,117,NASIRABAD DISTRICT,NASIRABAD DISTRICT,RURAL,TRANSGENDER,75 AND ABOVE,0,MARRIED,0
BALOCHISTAN,117,NASIRABAD DISTRICT,NASIRABAD DISTRICT,RURAL,TRANSGENDER,ALL AGES,0,WIDOWED,0
BALOCHISTAN,117,NASIRABAD DISTRICT,NASIRABAD DISTRICT,RURAL,TRANSGENDER,BELOW 5 YEARS,0,WIDOWED,0
BALOCHISTAN,117,NASIRABAD DISTRICT,NASIRABAD DISTRICT,RURAL,TRANSGENDER,05-09,0,WIDOWED,0
BALOCHISTAN,117,NASIRABAD DISTRICT,NASIRABAD DISTRICT,RURAL,TRANSGENDER,10-14,0,WIDOWED,0
BALOCHISTAN,117,NASIRABAD DISTRICT,NASIRABAD DISTRICT,RURAL,TRANSGENDER,15-24,0,WIDOWED,0
BALOCHISTAN,117,NASIRABAD DISTRICT,NASIRABAD DISTRICT,RURAL,TRANSGENDER,25-34,0,WIDOWED,0
BALOCHISTAN,117,NASIRABAD DISTRICT,NASIRABAD DISTRICT,RURAL,TRANSGENDER,35-44,0,WIDOWED,0
BALOCHISTAN,117,NASIRABAD DISTRICT,NASIRABAD DISTRICT,RURAL,TRANSGENDER,45-54,0,WIDOWED,0
BALOCHISTAN,117,NASIRABAD DISTRICT,NASIRABAD DISTRICT,RURAL,TRANSGENDER,55-64,0,WIDOWED,0
BALOCHISTAN,117,NASIRABAD DISTRICT,NASIRABAD DISTRICT,RURAL,TRANSGENDER,65-74,0,WIDOWED,0
BALOCHISTAN,117,NASIRABAD DISTRICT,NASIRABAD DISTRICT,RURAL,TRANSGENDER,75 AND ABOVE,0,WIDOWED,0
BALOCHISTAN,117,NASIRABAD DISTRICT,NASIRABAD DISTRICT,RURAL,TRANSGENDER,ALL AGES,0,DIVORCED,0
BALOCHISTAN,117,NASIRABAD DISTRICT,NASIRABAD DISTRICT,RURAL,TRANSGENDER,BELOW 5 YEARS,0,DIVORCED,0
BALOCHISTAN,117,NASIRABAD DISTRICT,NASIRABAD DISTRICT,RURAL,TRANSGENDER,05-09,0,DIVORCED,0
BALOCHISTAN,117,NASIRABAD DISTRICT,NASIRABAD DISTRICT,RURAL,TRANSGENDER,10-14,0,DIVORCED,0
BALOCHISTAN,117,NASIRABAD DISTRICT,NASIRABAD DISTRICT,RURAL,TRANSGENDER,15-24,0,DIVORCED,0
BALOCHISTAN,117,NASIRABAD DISTRICT,NASIRABAD DISTRICT,RURAL,TRANSGENDER,25-34,0,DIVORCED,0
BALOCHISTAN,117,NASIRABAD DISTRICT,NASIRABAD DISTRICT,RURAL,TRANSGENDER,35-44,0,DIVORCED,0
BALOCHISTAN,117,NASIRABAD DISTRICT,NASIRABAD DISTRICT,RURAL,TRANSGENDER,45-54,0,DIVORCED,0
BALOCHISTAN,117,NASIRABAD DISTRICT,NASIRABAD DISTRICT,RURAL,TRANSGENDER,55-64,0,DIVORCED,0
BALOCHISTAN,117,NASIRABAD DISTRICT,NASIRABAD DISTRICT,RURAL,TRANSGENDER,65-74,0,DIVORCED,0
BALOCHISTAN,117,NASIRABAD DISTRICT,NASIRABAD DISTRICT,RURAL,TRANSGENDER,75 AND ABOVE,0,DIVORCED,0
BALOCHISTAN,117,NASIRABAD DISTRICT,NASIRABAD DISTRICT,URBAN,ALL SEXES,ALL AGES,27,NEVER MARRIED,20
BALOCHISTAN,117,NASIRABAD DISTRICT,NASIRABAD DISTRICT,URBAN,ALL SEXES,BELOW 5 YEARS,2,NEVER MARRIED,2
BALOCHISTAN,117,NASIRABAD DISTRICT,NASIRABAD DISTRICT,URBAN,ALL SEXES,05-09,5,NEVER MARRIED,5
BALOCHISTAN,117,NASIRABAD DISTRICT,NASIRABAD DISTRICT,URBAN,ALL SEXES,10-14,5,NEVER MARRIED,5
BALOCHISTAN,117,NASIRABAD DISTRICT,NASIRABAD DISTRICT,URBAN,ALL SEXES,15-24,5,NEVER MARRIED,5
BALOCHISTAN,117,NASIRABAD DISTRICT,NASIRABAD DISTRICT,URBAN,ALL SEXES,25-34,3,NEVER MARRIED,3
BALOCHISTAN,117,NASIRABAD DISTRICT,NASIRABAD DISTRICT,URBAN,ALL SEXES,35-44,2,NEVER MARRIED,0
BALOCHISTAN,117,NASIRABAD DISTRICT,NASIRABAD DISTRICT,URBAN,ALL SEXES,45-54,2,NEVER MARRIED,0
BALOCHISTAN,117,NASIRABAD DISTRICT,NASIRABAD DISTRICT,URBAN,ALL SEXES,55-64,2,NEVER MARRIED,0
BALOCHISTAN,117,NASIRABAD DISTRICT,NASIRABAD DISTRICT,URBAN,ALL SEXES,65-74,0,NEVER MARRIED,0
BALOCHISTAN,117,NASIRABAD DISTRICT,NASIRABAD DISTRICT,URBAN,ALL SEXES,75 AND ABOVE,1,NEVER MARRIED,0
BALOCHISTAN,117,NASIRABAD DISTRICT,NASIRABAD DISTRICT,URBAN,ALL SEXES,ALL AGES,27,MARRIED,5
BALOCHISTAN,117,NASIRABAD DISTRICT,NASIRABAD DISTRICT,URBAN,ALL SEXES,BELOW 5 YEARS,2,MARRIED,0
BALOCHISTAN,117,NASIRABAD DISTRICT,NASIRABAD DISTRICT,URBAN,ALL SEXES,05-09,5,MARRIED,0
BALOCHISTAN,117,NASIRABAD DISTRICT,NASIRABAD DISTRICT,URBAN,ALL SEXES,10-14,5,MARRIED,0
BALOCHISTAN,117,NASIRABAD DISTRICT,NASIRABAD DISTRICT,URBAN,ALL SEXES,15-24,5,MARRIED,0
BALOCHISTAN,117,NASIRABAD DISTRICT,NASIRABAD DISTRICT,URBAN,ALL SEXES,25-34,3,MARRIED,0
BALOCHISTAN,117,NASIRABAD DISTRICT,NASIRABAD DISTRICT,URBAN,ALL SEXES,35-44,2,MARRIED,2
BALOCHISTAN,117,NASIRABAD DISTRICT,NASIRABAD DISTRICT,URBAN,ALL SEXES,45-54,2,MARRIED,2
BALOCHISTAN,117,NASIRABAD DISTRICT,NASIRABAD DISTRICT,URBAN,ALL SEXES,55-64,2,MARRIED,0
BALOCHISTAN,117,NASIRABAD DISTRICT,NASIRABAD DISTRICT,URBAN,ALL SEXES,65-74,0,MARRIED,0
BALOCHISTAN,117,NASIRABAD DISTRICT,NASIRABAD DISTRICT,URBAN,ALL SEXES,75 AND ABOVE,1,MARRIED,1
BALOCHISTAN,117,NASIRABAD DISTRICT,NASIRABAD DISTRICT,URBAN,ALL SEXES,ALL AGES,27,WIDOWED,2
BALOCHISTAN,117,NASIRABAD DISTRICT,NASIRABAD DISTRICT,URBAN,ALL SEXES,BELOW 5 YEARS,2,WIDOWED,0
BALOCHISTAN,117,NASIRABAD DISTRICT,NASIRABAD DISTRICT,URBAN,ALL SEXES,05-09,5,WIDOWED,0
BALOCHISTAN,117,NASIRABAD DISTRICT,NASIRABAD DISTRICT,URBAN,ALL SEXES,10-14,5,WIDOWED,0
BALOCHISTAN,117,NASIRABAD DISTRICT,NASIRABAD DISTRICT,URBAN,ALL SEXES,15-24,5,WIDOWED,0
BALOCHISTAN,117,NASIRABAD DISTRICT,NASIRABAD DISTRICT,URBAN,ALL SEXES,25-34,3,WIDOWED,0
BALOCHISTAN,117,NASIRABAD DISTRICT,NASIRABAD DISTRICT,URBAN,ALL SEXES,35-44,2,WIDOWED,0
BALOCHISTAN,117,NASIRABAD DISTRICT,NASIRABAD DISTRICT,URBAN,ALL SEXES,45-54,2,WIDOWED,0
BALOCHISTAN,117,NASIRABAD DISTRICT,NASIRABAD DISTRICT,URBAN,ALL SEXES,55-64,2,WIDOWED,2
BALOCHISTAN,117,NASIRABAD DISTRICT,NASIRABAD DISTRICT,URBAN,ALL SEXES,65-74,0,WIDOWED,0
BALOCHISTAN,117,NASIRABAD DISTRICT,NASIRABAD DISTRICT,URBAN,ALL SEXES,75 AND ABOVE,1,WIDOWED,0
BALOCHISTAN,117,NASIRABAD DISTRICT,NASIRABAD DISTRICT,URBAN,ALL SEXES,ALL AGES,27,DIVORCED,0
BALOCHISTAN,117,NASIRABAD DISTRICT,NASIRABAD DISTRICT,URBAN,ALL SEXES,BELOW 5 YEARS,2,DIVORCED,0
BALOCHISTAN,117,NASIRABAD DISTRICT,NASIRABAD DISTRICT,URBAN,ALL SEXES,05-09,5,DIVORCED,0
BALOCHISTAN,117,NASIRABAD DISTRICT,NASIRABAD DISTRICT,URBAN,ALL SEXES,10-14,5,DIVORCED,0
BALOCHISTAN,117,NASIRABAD DISTRICT,NASIRABAD DISTRICT,URBAN,ALL SEXES,15-24,5,DIVORCED,0
BALOCHISTAN,117,NASIRABAD DISTRICT,NASIRABAD DISTRICT,URBAN,ALL SEXES,25-34,3,DIVORCED,0
BALOCHISTAN,117,NASIRABAD DISTRICT,NASIRABAD DISTRICT,URBAN,ALL SEXES,35-44,2,DIVORCED,0
BALOCHISTAN,117,NASIRABAD DISTRICT,NASIRABAD DISTRICT,URBAN,ALL SEXES,45-54,2,DIVORCED,0
BALOCHISTAN,117,NASIRABAD DISTRICT,NASIRABAD DISTRICT,URBAN,ALL SEXES,55-64,2,DIVORCED,0
BALOCHISTAN,117,NASIRABAD DISTRICT,NASIRABAD DISTRICT,URBAN,ALL SEXES,65-74,0,DIVORCED,0
BALOCHISTAN,117,NASIRABAD DISTRICT,NASIRABAD DISTRICT,URBAN,ALL SEXES,75 AND ABOVE,1,DIVORCED,0
BALOCHISTAN,117,NASIRABAD DISTRICT,NASIRABAD DISTRICT,URBAN,MALE,ALL AGES,17,NEVER MARRIED,15
BALOCHISTAN,117,NASIRABAD DISTRICT,NASIRABAD DISTRICT,URBAN,MALE,BELOW 5 YEARS,2,NEVER MARRIED,2
BALOCHISTAN,117,NASIRABAD DISTRICT,NASIRABAD DISTRICT,URBAN,MALE,05-09,2,NEVER MARRIED,2
BALOCHISTAN,117,NASIRABAD DISTRICT,NASIRABAD DISTRICT,URBAN,MALE,10-14,5,NEVER MARRIED,5
BALOCHISTAN,117,NASIRABAD DISTRICT,NASIRABAD DISTRICT,URBAN,MALE,15-24,3,NEVER MARRIED,3
BALOCHISTAN,117,NASIRABAD DISTRICT,NASIRABAD DISTRICT,URBAN,MALE,25-34,3,NEVER MARRIED,3
BALOCHISTAN,117,NASIRABAD DISTRICT,NASIRABAD DISTRICT,URBAN,MALE,35-44,1,NEVER MARRIED,0
BALOCHISTAN,117,NASIRABAD DISTRICT,NASIRABAD DISTRICT,URBAN,MALE,45-54,1,NEVER MARRIED,0
BALOCHISTAN,117,NASIRABAD DISTRICT,NASIRABAD DISTRICT,URBAN,MALE,55-64,0,NEVER MARRIED,0
BALOCHISTAN,117,NASIRABAD DISTRICT,NASIRABAD DISTRICT,URBAN,MALE,65-74,0,NEVER MARRIED,0
BALOCHISTAN,117,NASIRABAD DISTRICT,NASIRABAD DISTRICT,URBAN,MALE,75 AND ABOVE,0,NEVER MARRIED,0
BALOCHISTAN,117,NASIRABAD DISTRICT,NASIRABAD DISTRICT,URBAN,MALE,ALL AGES,17,MARRIED,2
BALOCHISTAN,117,NASIRABAD DISTRICT,NASIRABAD DISTRICT,URBAN,MALE,BELOW 5 YEARS,2,MARRIED,0
BALOCHISTAN,117,NASIRABAD DISTRICT,NASIRABAD DISTRICT,URBAN,MALE,05-09,2,MARRIED,0
BALOCHISTAN,117,NASIRABAD DISTRICT,NASIRABAD DISTRICT,URBAN,MALE,10-14,5,MARRIED,0
BALOCHISTAN,117,NASIRABAD DISTRICT,NASIRABAD DISTRICT,URBAN,MALE,15-24,3,MARRIED,0
BALOCHISTAN,117,NASIRABAD DISTRICT,NASIRABAD DISTRICT,URBAN,MALE,25-34,3,MARRIED,0
BALOCHISTAN,117,NASIRABAD DISTRICT,NASIRABAD DISTRICT,URBAN,MALE,35-44,1,MARRIED,1
BALOCHISTAN,117,NASIRABAD DISTRICT,NASIRABAD DISTRICT,URBAN,MALE,45-54,1,MARRIED,1
BALOCHISTAN,117,NASIRABAD DISTRICT,NASIRABAD DISTRICT,URBAN,MALE,55-64,0,MARRIED,0
BALOCHISTAN,117,NASIRABAD DISTRICT,NASIRABAD DISTRICT,URBAN,MALE,65-74,0,MARRIED,0
BALOCHISTAN,117,NASIRABAD DISTRICT,NASIRABAD DISTRICT,URBAN,MALE,75 AND ABOVE,0,MARRIED,0
BALOCHISTAN,117,NASIRABAD DISTRICT,NASIRABAD DISTRICT,URBAN,MALE,ALL AGES,17,WIDOWED,0
BALOCHISTAN,117,NASIRABAD DISTRICT,NASIRABAD DISTRICT,URBAN,MALE,BELOW 5 YEARS,2,WIDOWED,0
BALOCHISTAN,117,NASIRABAD DISTRICT,NASIRABAD DISTRICT,URBAN,MALE,05-09,2,WIDOWED,0
BALOCHISTAN,117,NASIRABAD DISTRICT,NASIRABAD DISTRICT,URBAN,MALE,10-14,5,WIDOWED,0
BALOCHISTAN,117,NASIRABAD DISTRICT,NASIRABAD DISTRICT,URBAN,MALE,15-24,3,WIDOWED,0
BALOCHISTAN,117,NASIRABAD DISTRICT,NASIRABAD DISTRICT,URBAN,MALE,25-34,3,WIDOWED,0
BALOCHISTAN,117,NASIRABAD DISTRICT,NASIRABAD DISTRICT,URBAN,MALE,35-44,1,WIDOWED,0
BALOCHISTAN,117,NASIRABAD DISTRICT,NASIRABAD DISTRICT,URBAN,MALE,45-54,1,WIDOWED,0
BALOCHISTAN,117,NASIRABAD DISTRICT,NASIRABAD DISTRICT,URBAN,MALE,55-64,0,WIDOWED,0
BALOCHISTAN,117,NASIRABAD DISTRICT,NASIRABAD DISTRICT,URBAN,MALE,65-74,0,WIDOWED,0
BALOCHISTAN,117,NASIRABAD DISTRICT,NASIRABAD DISTRICT,URBAN,MALE,75 AND ABOVE,0,WIDOWED,0
BALOCHISTAN,117,NASIRABAD DISTRICT,NASIRABAD DISTRICT,URBAN,MALE,ALL AGES,17,DIVORCED,0
BALOCHISTAN,117,NASIRABAD DISTRICT,NASIRABAD DISTRICT,URBAN,MALE,BELOW 5 YEARS,2,DIVORCED,0
BALOCHISTAN,117,NASIRABAD DISTRICT,NASIRABAD DISTRICT,URBAN,MALE,05-09,2,DIVORCED,0
BALOCHISTAN,117,NASIRABAD DISTRICT,NASIRABAD DISTRICT,URBAN,MALE,10-14,5,DIVORCED,0
BALOCHISTAN,117,NASIRABAD DISTRICT,NASIRABAD DISTRICT,URBAN,MALE,15-24,3,DIVORCED,0
BALOCHISTAN,117,NASIRABAD DISTRICT,NASIRABAD DISTRICT,URBAN,MALE,25-34,3,DIVORCED,0
BALOCHISTAN,117,NASIRABAD DISTRICT,NASIRABAD DISTRICT,URBAN,MALE,35-44,1,DIVORCED,0
BALOCHISTAN,117,NASIRABAD DISTRICT,NASIRABAD DISTRICT,URBAN,MALE,45-54,1,DIVORCED,0
BALOCHISTAN,117,NASIRABAD DISTRICT,NASIRABAD DISTRICT,URBAN,MALE,55-64,0,DIVORCED,0
BALOCHISTAN,117,NASIRABAD DISTRICT,NASIRABAD DISTRICT,URBAN,MALE,65-74,0,DIVORCED,0
BALOCHISTAN,117,NASIRABAD DISTRICT,NASIRABAD DISTRICT,URBAN,MALE,75 AND ABOVE,0,DIVORCED,0
BALOCHISTAN,117,NASIRABAD DISTRICT,NASIRABAD DISTRICT,URBAN,FEMALE,ALL AGES,10,NEVER MARRIED,5
BALOCHISTAN,117,NASIRABAD DISTRICT,NASIRABAD DISTRICT,URBAN,FEMALE,BELOW 5 YEARS,0,NEVER MARRIED,0
BALOCHISTAN,117,NASIRABAD DISTRICT,NASIRABAD DISTRICT,URBAN,FEMALE,05-09,3,NEVER MARRIED,3
BALOCHISTAN,117,NASIRABAD DISTRICT,NASIRABAD DISTRICT,URBAN,FEMALE,10-14,0,NEVER MARRIED,0
BALOCHISTAN,117,NASIRABAD DISTRICT,NASIRABAD DISTRICT,URBAN,FEMALE,15-24,2,NEVER MARRIED,2
BALOCHISTAN,117,NASIRABAD DISTRICT,NASIRABAD DISTRICT,URBAN,FEMALE,25-34,0,NEVER MARRIED,0
BALOCHISTAN,117,NASIRABAD DISTRICT,NASIRABAD DISTRICT,URBAN,FEMALE,35-44,1,NEVER MARRIED,0
BALOCHISTAN,117,NASIRABAD DISTRICT,NASIRABAD DISTRICT,URBAN,FEMALE,45-54,1,NEVER MARRIED,0
BALOCHISTAN,117,NASIRABAD DISTRICT,NASIRABAD DISTRICT,URBAN,FEMALE,55-64,2,NEVER MARRIED,0
BALOCHISTAN,117,NASIRABAD DISTRICT,NASIRABAD DISTRICT,URBAN,FEMALE,65-74,0,NEVER MARRIED,0
BALOCHISTAN,117,NASIRABAD DISTRICT,NASIRABAD DISTRICT,URBAN,FEMALE,75 AND ABOVE,1,NEVER MARRIED,0
BALOCHISTAN,117,NASIRABAD DISTRICT,NASIRABAD DISTRICT,URBAN,FEMALE,ALL AGES,10,MARRIED,3
BALOCHISTAN,117,NASIRABAD DISTRICT,NASIRABAD DISTRICT,URBAN,FEMALE,BELOW 5 YEARS,0,MARRIED,0
BALOCHISTAN,117,NASIRABAD DISTRICT,NASIRABAD DISTRICT,URBAN,FEMALE,05-09,3,MARRIED,0
BALOCHISTAN,117,NASIRABAD DISTRICT,NASIRABAD DISTRICT,URBAN,FEMALE,10-14,0,MARRIED,0
BALOCHISTAN,117,NASIRABAD DISTRICT,NASIRABAD DISTRICT,URBAN,FEMALE,15-24,2,MARRIED,0
BALOCHISTAN,117,NASIRABAD DISTRICT,NASIRABAD DISTRICT,URBAN,FEMALE,25-34,0,MARRIED,0
BALOCHISTAN,117,NASIRABAD DISTRICT,NASIRABAD DISTRICT,URBAN,FEMALE,35-44,1,MARRIED,1
BALOCHISTAN,117,NASIRABAD DISTRICT,NASIRABAD DISTRICT,URBAN,FEMALE,45-54,1,MARRIED,1
BALOCHISTAN,117,NASIRABAD DISTRICT,NASIRABAD DISTRICT,URBAN,FEMALE,55-64,2,MARRIED,0
BALOCHISTAN,117,NASIRABAD DISTRICT,NASIRABAD DISTRICT,URBAN,FEMALE,65-74,0,MARRIED,0
BALOCHISTAN,117,NASIRABAD DISTRICT,NASIRABAD DISTRICT,URBAN,FEMALE,75 AND ABOVE,1,MARRIED,1
BALOCHISTAN,117,NASIRABAD DISTRICT,NASIRABAD DISTRICT,URBAN,FEMALE,ALL AGES,10,WIDOWED,2
BALOCHISTAN,117,NASIRABAD DISTRICT,NASIRABAD DISTRICT,URBAN,FEMALE,BELOW 5 YEARS,0,WIDOWED,0
BALOCHISTAN,117,NASIRABAD DISTRICT,NASIRABAD DISTRICT,URBAN,FEMALE,05-09,3,WIDOWED,0
BALOCHISTAN,117,NASIRABAD DISTRICT,NASIRABAD DISTRICT,URBAN,FEMALE,10-14,0,WIDOWED,0
BALOCHISTAN,117,NASIRABAD DISTRICT,NASIRABAD DISTRICT,URBAN,FEMALE,15-24,2,WIDOWED,0
BALOCHISTAN,117,NASIRABAD DISTRICT,NASIRABAD DISTRICT,URBAN,FEMALE,25-34,0,WIDOWED,0
BALOCHISTAN,117,NASIRABAD DISTRICT,NASIRABAD DISTRICT,URBAN,FEMALE,35-44,1,WIDOWED,0
BALOCHISTAN,117,NASIRABAD DISTRICT,NASIRABAD DISTRICT,URBAN,FEMALE,45-54,1,WIDOWED,0
BALOCHISTAN,117,NASIRABAD DISTRICT,NASIRABAD DISTRICT,URBAN,FEMALE,55-64,2,WIDOWED,2
BALOCHISTAN,117,NASIRABAD DISTRICT,NASIRABAD DISTRICT,URBAN,FEMALE,65-74,0,WIDOWED,0
BALOCHISTAN,117,NASIRABAD DISTRICT,NASIRABAD DISTRICT,URBAN,FEMALE,75 AND ABOVE,1,WIDOWED,0
BALOCHISTAN,117,NASIRABAD DISTRICT,NASIRABAD DISTRICT,URBAN,FEMALE,ALL AGES,10,DIVORCED,0
BALOCHISTAN,117,NASIRABAD DISTRICT,NASIRABAD DISTRICT,URBAN,FEMALE,BELOW 5 YEARS,0,DIVORCED,0
BALOCHISTAN,117,NASIRABAD DISTRICT,NASIRABAD DISTRICT,URBAN,FEMALE,05-09,3,DIVORCED,0
BALOCHISTAN,117,NASIRABAD DISTRICT,NASIRABAD DISTRICT,URBAN,FEMALE,10-14,0,DIVORCED,0
BALOCHISTAN,117,NASIRABAD DISTRICT,NASIRABAD DISTRICT,URBAN,FEMALE,15-24,2,DIVORCED,0
BALOCHISTAN,117,NASIRABAD DISTRICT,NASIRABAD DISTRICT,URBAN,FEMALE,25-34,0,DIVORCED,0
BALOCHISTAN,117,NASIRABAD DISTRICT,NASIRABAD DISTRICT,URBAN,FEMALE,35-44,1,DIVORCED,0
BALOCHISTAN,117,NASIRABAD DISTRICT,NASIRABAD DISTRICT,URBAN,FEMALE,45-54,1,DIVORCED,0
BALOCHISTAN,117,NASIRABAD DISTRICT,NASIRABAD DISTRICT,URBAN,FEMALE,55-64,2,DIVORCED,0
BALOCHISTAN,117,NASIRABAD DISTRICT,NASIRABAD DISTRICT,URBAN,FEMALE,65-74,0,DIVORCED,0
BALOCHISTAN,117,NASIRABAD DISTRICT,NASIRABAD DISTRICT,URBAN,FEMALE,75 AND ABOVE,1,DIVORCED,0
BALOCHISTAN,117,NASIRABAD DISTRICT,NASIRABAD DISTRICT,URBAN,TRANSGENDER,ALL AGES,0,NEVER MARRIED,0
BALOCHISTAN,117,NASIRABAD DISTRICT,NASIRABAD DISTRICT,URBAN,TRANSGENDER,BELOW 5 YEARS,0,NEVER MARRIED,0
BALOCHISTAN,117,NASIRABAD DISTRICT,NASIRABAD DISTRICT,URBAN,TRANSGENDER,05-09,0,NEVER MARRIED,0
BALOCHISTAN,117,NASIRABAD DISTRICT,NASIRABAD DISTRICT,URBAN,TRANSGENDER,10-14,0,NEVER MARRIED,0
BALOCHISTAN,117,NASIRABAD DISTRICT,NASIRABAD DISTRICT,URBAN,TRANSGENDER,15-24,0,NEVER MARRIED,0
BALOCHISTAN,117,NASIRABAD DISTRICT,NASIRABAD DISTRICT,URBAN,TRANSGENDER,25-34,0,NEVER MARRIED,0
BALOCHISTAN,117,NASIRABAD DISTRICT,NASIRABAD DISTRICT,URBAN,TRANSGENDER,35-44,0,NEVER MARRIED,0
BALOCHISTAN,117,NASIRABAD DISTRICT,NASIRABAD DISTRICT,URBAN,TRANSGENDER,45-54,0,NEVER MARRIED,0
BALOCHISTAN,117,NASIRABAD DISTRICT,NASIRABAD DISTRICT,URBAN,TRANSGENDER,55-64,0,NEVER MARRIED,0
BALOCHISTAN,117,NASIRABAD DISTRICT,NASIRABAD DISTRICT,URBAN,TRANSGENDER,65-74,0,NEVER MARRIED,0
BALOCHISTAN,117,NASIRABAD DISTRICT,NASIRABAD DISTRICT,URBAN,TRANSGENDER,75 AND ABOVE,0,NEVER MARRIED,0
BALOCHISTAN,117,NASIRABAD DISTRICT,NASIRABAD DISTRICT,URBAN,TRANSGENDER,ALL AGES,0,MARRIED,0
BALOCHISTAN,117,NASIRABAD DISTRICT,NASIRABAD DISTRICT,URBAN,TRANSGENDER,BELOW 5 YEARS,0,MARRIED,0
BALOCHISTAN,117,NASIRABAD DISTRICT,NASIRABAD DISTRICT,URBAN,TRANSGENDER,05-09,0,MARRIED,0
BALOCHISTAN,117,NASIRABAD DISTRICT,NASIRABAD DISTRICT,URBAN,TRANSGENDER,10-14,0,MARRIED,0
BALOCHISTAN,117,NASIRABAD DISTRICT,NASIRABAD DISTRICT,URBAN,TRANSGENDER,15-24,0,MARRIED,0
BALOCHISTAN,117,NASIRABAD DISTRICT,NASIRABAD DISTRICT,URBAN,TRANSGENDER,25-34,0,MARRIED,0
BALOCHISTAN,117,NASIRABAD DISTRICT,NASIRABAD DISTRICT,URBAN,TRANSGENDER,35-44,0,MARRIED,0
BALOCHISTAN,117,NASIRABAD DISTRICT,NASIRABAD DISTRICT,URBAN,TRANSGENDER,45-54,0,MARRIED,0
BALOCHISTAN,117,NASIRABAD DISTRICT,NASIRABAD DISTRICT,URBAN,TRANSGENDER,55-64,0,MARRIED,0
BALOCHISTAN,117,NASIRABAD DISTRICT,NASIRABAD DISTRICT,URBAN,TRANSGENDER,65-74,0,MARRIED,0
BALOCHISTAN,117,NASIRABAD DISTRICT,NASIRABAD DISTRICT,URBAN,TRANSGENDER,75 AND ABOVE,0,MARRIED,0
BALOCHISTAN,117,NASIRABAD DISTRICT,NASIRABAD DISTRICT,URBAN,TRANSGENDER,ALL AGES,0,WIDOWED,0
BALOCHISTAN,117,NASIRABAD DISTRICT,NASIRABAD DISTRICT,URBAN,TRANSGENDER,BELOW 5 YEARS,0,WIDOWED,0
BALOCHISTAN,117,NASIRABAD DISTRICT,NASIRABAD DISTRICT,URBAN,TRANSGENDER,05-09,0,WIDOWED,0
BALOCHISTAN,117,NASIRABAD DISTRICT,NASIRABAD DISTRICT,URBAN,TRANSGENDER,10-14,0,WIDOWED,0
BALOCHISTAN,117,NASIRABAD DISTRICT,NASIRABAD DISTRICT,URBAN,TRANSGENDER,15-24,0,WIDOWED,0
BALOCHISTAN,117,NASIRABAD DISTRICT,NASIRABAD DISTRICT,URBAN,TRANSGENDER,25-34,0,WIDOWED,0
BALOCHISTAN,117,NASIRABAD DISTRICT,NASIRABAD DISTRICT,URBAN,TRANSGENDER,35-44,0,WIDOWED,0
BALOCHISTAN,117,NASIRABAD DISTRICT,NASIRABAD DISTRICT,URBAN,TRANSGENDER,45-54,0,WIDOWED,0
BALOCHISTAN,117,NASIRABAD DISTRICT,NASIRABAD DISTRICT,URBAN,TRANSGENDER,55-64,0,WIDOWED,0
BALOCHISTAN,117,NASIRABAD DISTRICT,NASIRABAD DISTRICT,URBAN,TRANSGENDER,65-74,0,WIDOWED,0
BALOCHISTAN,117,NASIRABAD DISTRICT,NASIRABAD DISTRICT,URBAN,TRANSGENDER,75 AND ABOVE,0,WIDOWED,0
BALOCHISTAN,117,NASIRABAD DISTRICT,NASIRABAD DISTRICT,URBAN,TRANSGENDER,ALL AGES,0,DIVORCED,0
BALOCHISTAN,117,NASIRABAD DISTRICT,NASIRABAD DISTRICT,URBAN,TRANSGENDER,BELOW 5 YEARS,0,DIVORCED,0
BALOCHISTAN,117,NASIRABAD DISTRICT,NASIRABAD DISTRICT,URBAN,TRANSGENDER,05-09,0,DIVORCED,0
BALOCHISTAN,117,NASIRABAD DISTRICT,NASIRABAD DISTRICT,URBAN,TRANSGENDER,10-14,0,DIVORCED,0
BALOCHISTAN,117,NASIRABAD DISTRICT,NASIRABAD DISTRICT,URBAN,TRANSGENDER,15-24,0,DIVORCED,0
BALOCHISTAN,117,NASIRABAD DISTRICT,NASIRABAD DISTRICT,URBAN,TRANSGENDER,25-34,0,DIVORCED,0
BALOCHISTAN,117,NASIRABAD DISTRICT,NASIRABAD DISTRICT,URBAN,TRANSGENDER,35-44,0,DIVORCED,0
BALOCHISTAN,117,NASIRABAD DISTRICT,NASIRABAD DISTRICT,URBAN,TRANSGENDER,45-54,0,DIVORCED,0
BALOCHISTAN,117,NASIRABAD DISTRICT,NASIRABAD DISTRICT,URBAN,TRANSGENDER,55-64,0,DIVORCED,0
BALOCHISTAN,117,NASIRABAD DISTRICT,NASIRABAD DISTRICT,URBAN,TRANSGENDER,65-74,0,DIVORCED,0
BALOCHISTAN,117,NASIRABAD DISTRICT,NASIRABAD DISTRICT,URBAN,TRANSGENDER,75 AND ABOVE,0,DIVORCED,0
